──────────────────────────────────────────────────────────────────────────
INFOMED Crawler HTTP-only — CNP → detalhes regulatórios
──────────────────────────────────────────────────────────────────────────
  cohort:           outros-medicamentos
  limit:            6000
  rateLimitMs:      1500
  maxCandidates:    3
  resume:           true
  retryNotFound:    false
  dryRun:           false
  mapping file:     C:\projetos\spharm-mt\scripts\data\infomed-cnp-medguid-mapping.json

  Mapping carregado: 359 mapped, 917 not_found
(node:6416) Warning: SECURITY WARNING: The SSL modes 'prefer', 'require', and 'verify-ca' are treated as aliases for 'verify-full'.
In the next major version (pg-connection-string v3.0.0 and pg v9.0.0), these modes will adopt standard libpq semantics, which have weaker security guarantees.

To prepare for this change:
- If you want the current behavior, explicitly use 'sslmode=verify-full'
- If you want libpq compatibility now, use 'uselibpqcompat=true&sslmode=require'

See https://www.postgresql.org/docs/current/libpq-ssl.html for libpq SSL mode definitions.
(Use `node --trace-warnings ...` to show where the warning was created)
  Cohort total:     6116
  Por processar:    5183 (após skip mapped/notFound)
  Vão processar:    5183

  Amostra (5):
    cnp=5073234  Venlafaxina toLife, 150 mg x 30 comp lib prol
      → search: "Venlafaxina toLife lib prol"
    cnp=5073929  REQUIP LP COMP LP 4 MG X 84
      → search: "REQUIP LP LP 84"
    cnp=5073937  Requip Lp 8 Mg 84 Comp. Lib. Prol.
      → search: "Requip Lp. Lib. Prol."
    cnp=5074604  Zemplar 1 µg 28 Cápsula Mole
      → search: "Zemplar Mole"
    cnp=5074711  Cipralex, 20 mg x 56 comp revest
      → search: "Cipralex revest"

  [run] processar 5183 CNPs...
  [session] max searches/session: 30, cooldown: 30000ms
  [1/5183] cnp=5073234 · NOT_FOUND (no_results, rows=0, evaluated=0) [2s]
  [2/5183] cnp=5073929 · NOT_FOUND (no_results, rows=0, evaluated=0) [2s]
  [3/5183] cnp=5073937 · NOT_FOUND (no_results, rows=0, evaluated=0) [2s]
  [4/5183] cnp=5074604 · NOT_FOUND (no_results, rows=0, evaluated=0) [2s]
  [5/5183] cnp=5074711 · NOT_FOUND (no_results, rows=0, evaluated=0) [2s]
  [6/5183] cnp=5077235 · NOT_FOUND (no_results, rows=0, evaluated=0) [2s]
  [7/5183] cnp=5077334 · NOT_FOUND (no_results, rows=0, evaluated=0) [2s]
  [8/5183] cnp=5078217 · NOT_FOUND (no_results, rows=0, evaluated=0) [2s]
  [9/5183] cnp=5078233 · NOT_FOUND (no_results, rows=0, evaluated=0) [2s]
  [10/5183] cnp=5078258 · NOT_FOUND (no_results, rows=0, evaluated=0) [2s]
    [checkpoint] saved · 10/5183 · rate=0.29/s · eta=298m56s
    [503] backoff 10000ms before retry 1/3 (cnp=5078274)
    [503] backoff 30000ms before retry 2/3 (cnp=5078274)
  [11/5183] cnp=5078274 · NOT_FOUND (no_results, rows=0, evaluated=0) [43s]
  [12/5183] cnp=5078316 · NOT_FOUND (no_results, rows=0, evaluated=0) [2s]
  [13/5183] cnp=5079876 · NOT_FOUND (no_results, rows=0, evaluated=0) [2s]
  [14/5183] cnp=5079900 · NOT_FOUND (no_results, rows=0, evaluated=0) [2s]
  [15/5183] cnp=5080007 · NOT_FOUND (no_results, rows=0, evaluated=0) [2s]
  [16/5183] cnp=5080015 · NOT_FOUND (no_results, rows=0, evaluated=0) [2s]
  [17/5183] cnp=5080205 · NOT_FOUND (no_results, rows=0, evaluated=0) [2s]
  [18/5183] cnp=5080767 · NOT_FOUND (no_results, rows=0, evaluated=0) [2s]
  [19/5183] cnp=5080924 · NOT_FOUND (no_results, rows=0, evaluated=0) [2s]
  [20/5183] cnp=5081195 · NOT_FOUND (no_results, rows=0, evaluated=0) [2s]
    [checkpoint] saved · 20/5183 · rate=0.18/s · eta=485m07s
  [21/5183] cnp=5082607 · NOT_FOUND (no_results, rows=0, evaluated=0) [2s]
  [22/5183] cnp=5082680 · NOT_FOUND (no_results, rows=0, evaluated=0) [2s]
  [23/5183] cnp=5084371 · NOT_FOUND (no_results, rows=0, evaluated=0) [2s]
──────────────────────────────────────────────────────────────────────────
INFOMED Crawler HTTP-only — CNP → detalhes regulatórios
──────────────────────────────────────────────────────────────────────────
  cohort:           outros-medicamentos
  limit:            6000
  rateLimitMs:      1500
  maxCandidates:    3
  resume:           true
  retryNotFound:    false
  dryRun:           false
  mapping file:     C:\projetos\spharm-mt\scripts\data\infomed-cnp-medguid-mapping.json

  Mapping carregado: 359 mapped, 937 not_found
(node:5784) Warning: SECURITY WARNING: The SSL modes 'prefer', 'require', and 'verify-ca' are treated as aliases for 'verify-full'.
In the next major version (pg-connection-string v3.0.0 and pg v9.0.0), these modes will adopt standard libpq semantics, which have weaker security guarantees.

To prepare for this change:
- If you want the current behavior, explicitly use 'sslmode=verify-full'
- If you want libpq compatibility now, use 'uselibpqcompat=true&sslmode=require'

See https://www.postgresql.org/docs/current/libpq-ssl.html for libpq SSL mode definitions.
(Use `node --trace-warnings ...` to show where the warning was created)
  Cohort total:     6116
  Por processar:    5163 (após skip mapped/notFound)
  Vão processar:    5163

  Amostra (5):
    cnp=5082607  Gemfibrozil Generis MG, 600 mg x 60 comp revest
      → search: "Gemfibrozil Generis MG revest"
    cnp=5082680  Brufen, 200 mg x 20 gran eferv saq
      → search: "Brufen eferv saq"
    cnp=5084371  Avamys, 27,5 mcg/dose x 120 susp pulv nasal
      → search: "Avamys dose pulv nasal"
    cnp=5085212  Seroquel SR, 50 mg x 60 comp lib prol
      → search: "Seroquel SR lib prol"
    cnp=5085238  SEROQUEL SR 200 MG 60 COMP. LIB. PROL.
      → search: "SEROQUEL SR. LIB. PROL."

  [run] processar 5163 CNPs...
  [session] max searches/session: 30, cooldown: 30000ms
  [1/5163] cnp=5082607 · NOT_FOUND (no_results, rows=0, evaluated=0) [2s]
  [2/5163] cnp=5082680 · NOT_FOUND (no_results, rows=0, evaluated=0) [2s]
  [3/5163] cnp=5084371 · NOT_FOUND (no_results, rows=0, evaluated=0) [2s]
  [4/5163] cnp=5085212 · NOT_FOUND (no_results, rows=0, evaluated=0) [2s]
  [5/5163] cnp=5085238 · NOT_FOUND (no_results, rows=0, evaluated=0) [2s]
  [6/5163] cnp=5086301 · NOT_FOUND (no_results, rows=0, evaluated=0) [2s]
  [7/5163] cnp=5086343 · NOT_FOUND (no_results, rows=0, evaluated=0) [2s]
  [8/5163] cnp=5087168 · NOT_FOUND (no_results, rows=0, evaluated=0) [2s]
  [9/5163] cnp=5087309 · NOT_FOUND (no_results, rows=0, evaluated=0) [2s]
  [10/5163] cnp=5087952 · NOT_FOUND (no_results, rows=0, evaluated=0) [2s]
    [checkpoint] saved · 10/5163 · rate=0.29/s · eta=294m24s
  [11/5163] cnp=5088919 · NOT_FOUND (no_results, rows=0, evaluated=0) [2s]
  [12/5163] cnp=5088927 · NOT_FOUND (no_results, rows=0, evaluated=0) [2s]
  [13/5163] cnp=5088976 · NOT_FOUND (no_results, rows=0, evaluated=0) [2s]
  [14/5163] cnp=5089008 · NOT_FOUND (no_results, rows=0, evaluated=0) [2s]
  [15/5163] cnp=5089222 · NOT_FOUND (no_results, rows=0, evaluated=0) [2s]
  [16/5163] cnp=5089933 · NOT_FOUND (no_results, rows=0, evaluated=0) [2s]
  [17/5163] cnp=5090345 · NOT_FOUND (no_results, rows=0, evaluated=0) [2s]
  [18/5163] cnp=5090360 · NOT_FOUND (no_results, rows=0, evaluated=0) [2s]
  [19/5163] cnp=5090535 · NOT_FOUND (no_results, rows=0, evaluated=0) [2s]
  [20/5163] cnp=5090543 · NOT_FOUND (no_results, rows=0, evaluated=0) [2s]
    [checkpoint] saved · 20/5163 · rate=0.28/s · eta=301m09s
  [21/5163] cnp=5091780 ✓ MATCHED "Differin" (D10AD03) +1 siblings (added=2) [8s, evaluated=2]
  [22/5163] cnp=5091889 · NOT_FOUND (no_results, rows=0, evaluated=0) [2s]
  [23/5163] cnp=5093323 · NOT_FOUND (no_results, rows=0, evaluated=0) [2s]
  [24/5163] cnp=5093364 · NOT_FOUND (no_results, rows=0, evaluated=0) [2s]
  [25/5163] cnp=5093844 · NOT_FOUND (no_results, rows=0, evaluated=0) [2s]
  [26/5163] cnp=5093943 · NOT_FOUND (no_results, rows=0, evaluated=0) [2s]
  [27/5163] cnp=5095369 · NOT_FOUND (no_results, rows=0, evaluated=0) [2s]
  [28/5163] cnp=5095377 · NOT_FOUND (no_results, rows=0, evaluated=0) [2s]
  [29/5163] cnp=5098231 · NOT_FOUND (no_results, rows=0, evaluated=0) [2s]
  [30/5163] cnp=5099528 · NOT_FOUND (no_results, rows=0, evaluated=0) [2s]
    [checkpoint] saved · 30/5163 · rate=0.26/s · eta=323m02s
    [session] rotation após 30 searches; cooldown 30000ms
  [31/5163] cnp=5100235 · NOT_FOUND (no_results, rows=0, evaluated=0) [32s]
  [32/5163] cnp=5100359 · NOT_FOUND (no_results, rows=0, evaluated=0) [2s]
  [33/5163] cnp=5100383 · NOT_FOUND (no_results, rows=0, evaluated=0) [2s]
  [34/5163] cnp=5100417 · NOT_FOUND (no_results, rows=0, evaluated=0) [2s]
  [35/5163] cnp=5100458 · NOT_FOUND (no_results, rows=0, evaluated=0) [2s]
  [resolve cnp=5102140] candidato row=1 (Pradaxa) falhou: click row HTTP 503
  [36/5163] cnp=5102140 ✓ MATCHED "Pradaxa" (B01AE07) +3 siblings (added=4) [10s, evaluated=3]
    [session] refresh falhou (refresh HTTP 503); rota.
    [503] backoff 10000ms before retry 1/3 (cnp=5102207)
  [resolve cnp=5102207] candidato row=1 (Pradaxa) falhou: click row HTTP 503
  [37/5163] cnp=5102207 ✓ MATCHED "Pradaxa" (B01AE07) +3 siblings (added=4) [20s, evaluated=3]
    [session] refresh falhou (refresh HTTP 503); rota.
    [503] backoff 10000ms before retry 1/3 (cnp=5102801)
  [38/5163] cnp=5102801 · NOT_FOUND (no_results, rows=0, evaluated=0) [12s]
  [39/5163] cnp=5102843 · NOT_FOUND (no_results, rows=0, evaluated=0) [2s]
  [40/5163] cnp=5104104 · NOT_FOUND (no_results, rows=0, evaluated=0) [2s]
    [checkpoint] saved · 40/5163 · rate=0.18/s · eta=461m55s
  [41/5163] cnp=5104245 · NOT_FOUND (no_results, rows=0, evaluated=0) [2s]
  [42/5163] cnp=5105820 · NOT_FOUND (no_results, rows=0, evaluated=0) [2s]
  [43/5163] cnp=5105846 · NOT_FOUND (no_results, rows=0, evaluated=0) [2s]
  [44/5163] cnp=5105911 · NOT_FOUND (no_results, rows=0, evaluated=0) [2s]
  [45/5163] cnp=5106059 · NOT_FOUND (no_results, rows=0, evaluated=0) [2s]
  [46/5163] cnp=5106877 · NOT_FOUND (no_results, rows=0, evaluated=0) [2s]
  [47/5163] cnp=5107677 ✓ MATCHED "Lansoprazol Zentiva" (A02BC03) +1 siblings (added=2) [9s, evaluated=2]
  [48/5163] cnp=5107719 · NOT_FOUND (no_results, rows=0, evaluated=0) [2s]
  [49/5163] cnp=5108634 · NOT_FOUND (no_results, rows=0, evaluated=0) [2s]
  [50/5163] cnp=5108659 · NOT_FOUND (no_results, rows=0, evaluated=0) [2s]
    [checkpoint] saved · 50/5163 · rate=0.19/s · eta=443m09s
  [51/5163] cnp=5108675 · NOT_FOUND (no_results, rows=0, evaluated=0) [2s]
  [52/5163] cnp=5108857 · NOT_FOUND (no_cnp_match, rows=4, evaluated=3) [11s]
  [53/5163] cnp=5108865 ✓ MATCHED "Coveram" (C09BB04) +1 siblings (added=2) [11s, evaluated=3]
  [54/5163] cnp=5108873 ✓ MATCHED "Coveram" (C09BB04) +1 siblings (added=2) [10s, evaluated=3]
  [55/5163] cnp=5108881 · NOT_FOUND (no_results, rows=0, evaluated=0) [2s]
  [56/5163] cnp=5108907 ✓ MATCHED "Coveram" (C09BB04) +1 siblings (added=2) [11s, evaluated=3]
  [57/5163] cnp=5109129 · NOT_FOUND (no_results, rows=0, evaluated=0) [2s]
  [58/5163] cnp=5110150 · NOT_FOUND (no_results, rows=0, evaluated=0) [2s]
  [59/5163] cnp=5111513 · NOT_FOUND (no_results, rows=0, evaluated=0) [2s]
  [60/5163] cnp=5112081 ✓ MATCHED "Ciproterona Generis 50 mg Comprimidos" (G03HA01) +5 siblings (added=6) [8s, evaluated=2]
    [checkpoint] saved · 60/5163 · rate=0.18/s · eta=481m34s
  [61/5163] cnp=5112834 · NOT_FOUND (no_results, rows=0, evaluated=0) [2s]
  [62/5163] cnp=5113519 · NOT_FOUND (no_results, rows=0, evaluated=0) [2s]
  [63/5163] cnp=5113527 · NOT_FOUND (no_results, rows=0, evaluated=0) [2s]
  [64/5163] cnp=5113659 · NOT_FOUND (no_results, rows=0, evaluated=0) [2s]
  [65/5163] cnp=5113709 · NOT_FOUND (no_results, rows=0, evaluated=0) [2s]
  [66/5163] cnp=5113725 · NOT_FOUND (no_results, rows=0, evaluated=0) [2s]
  [67/5163] cnp=5113832 · NOT_FOUND (no_results, rows=0, evaluated=0) [2s]
    [session] rotation após 30 searches; cooldown 30000ms
  [68/5163] cnp=5113857 · NOT_FOUND (no_results, rows=0, evaluated=0) [32s]
  [69/5163] cnp=5113873 · NOT_FOUND (no_results, rows=0, evaluated=0) [2s]
  [70/5163] cnp=5114111 · NOT_FOUND (no_results, rows=0, evaluated=0) [2s]
    [checkpoint] saved · 70/5163 · rate=0.17/s · eta=491m39s
  [71/5163] cnp=5114129 · NOT_FOUND (no_results, rows=0, evaluated=0) [2s]
  [72/5163] cnp=5114137 · NOT_FOUND (no_results, rows=0, evaluated=0) [2s]
  [73/5163] cnp=5114889 · NOT_FOUND (no_results, rows=0, evaluated=0) [2s]
  [74/5163] cnp=5115456 · NOT_FOUND (no_results, rows=0, evaluated=0) [2s]
  [75/5163] cnp=5116173 · NOT_FOUND (no_results, rows=0, evaluated=0) [2s]
  [76/5163] cnp=5117866 · NOT_FOUND (no_results, rows=0, evaluated=0) [2s]
  [77/5163] cnp=5117916 · NOT_FOUND (no_results, rows=0, evaluated=0) [2s]
  [78/5163] cnp=5118971 · NOT_FOUND (no_results, rows=0, evaluated=0) [2s]
  [79/5163] cnp=5119227 · NOT_FOUND (no_results, rows=0, evaluated=0) [2s]
  [80/5163] cnp=5121512 · NOT_FOUND (no_results, rows=0, evaluated=0) [2s]
    [checkpoint] saved · 80/5163 · rate=0.18/s · eta=467m34s
  [81/5163] cnp=5121769 · NOT_FOUND (no_results, rows=0, evaluated=0) [2s]
  [82/5163] cnp=5122288 · NOT_FOUND (no_results, rows=0, evaluated=0) [2s]
  [83/5163] cnp=5122486 · NOT_FOUND (no_results, rows=0, evaluated=0) [2s]
  [84/5163] cnp=5123773 · NOT_FOUND (no_results, rows=0, evaluated=0) [2s]
  [85/5163] cnp=5123856 · NOT_FOUND (no_results, rows=0, evaluated=0) [2s]
  [86/5163] cnp=5124086 · NOT_FOUND (no_results, rows=0, evaluated=0) [2s]
  [87/5163] cnp=5124151 · NOT_FOUND (no_results, rows=0, evaluated=0) [2s]
  [88/5163] cnp=5124185 · NOT_FOUND (no_results, rows=0, evaluated=0) [2s]
  [89/5163] cnp=5124383 · NOT_FOUND (no_results, rows=0, evaluated=0) [2s]
  [90/5163] cnp=5124763 · NOT_FOUND (no_results, rows=0, evaluated=0) [2s]
    [checkpoint] saved · 90/5163 · rate=0.19/s · eta=449m26s
  [91/5163] cnp=5126255 · NOT_FOUND (no_results, rows=0, evaluated=0) [2s]
  [92/5163] cnp=5126818 · NOT_FOUND (no_results, rows=0, evaluated=0) [2s]
  [93/5163] cnp=5126917 · NOT_FOUND (no_results, rows=0, evaluated=0) [2s]
  [94/5163] cnp=5126941 · NOT_FOUND (no_results, rows=0, evaluated=0) [2s]
  [95/5163] cnp=5126974 · NOT_FOUND (no_results, rows=0, evaluated=0) [2s]
  [96/5163] cnp=5127022 · NOT_FOUND (no_results, rows=0, evaluated=0) [2s]
  [97/5163] cnp=5127055 · NOT_FOUND (no_results, rows=0, evaluated=0) [2s]
    [session] rotation após 30 searches; cooldown 30000ms
  [98/5163] cnp=5128723 · NOT_FOUND (no_results, rows=0, evaluated=0) [32s]
  [99/5163] cnp=5129267 · NOT_FOUND (no_results, rows=0, evaluated=0) [2s]
  [100/5163] cnp=5130844 · NOT_FOUND (no_results, rows=0, evaluated=0) [2s]
    [checkpoint] saved · 100/5163 · rate=0.18/s · eta=459m17s
  [101/5163] cnp=5132543 · NOT_FOUND (no_results, rows=0, evaluated=0) [2s]
  [102/5163] cnp=5132659 · NOT_FOUND (no_results, rows=0, evaluated=0) [2s]
  [103/5163] cnp=5132717 · NOT_FOUND (no_results, rows=0, evaluated=0) [2s]
  [104/5163] cnp=5132816 · NOT_FOUND (no_results, rows=0, evaluated=0) [2s]
  [105/5163] cnp=5132956 · NOT_FOUND (no_results, rows=0, evaluated=0) [2s]
  [106/5163] cnp=5132964 · NOT_FOUND (no_results, rows=0, evaluated=0) [2s]
  [107/5163] cnp=5133087 ✓ MATCHED "Lyrica" (N02BF02) +4 siblings (added=5) [10s, evaluated=3]
  [108/5163] cnp=5133285 ✓ MATCHED "Lyrica" (N02BF02) +4 siblings (added=0) [11s, evaluated=3]
  [109/5163] cnp=5133780 ✓ MATCHED "Lyrica" (N02BF02) +4 siblings (added=5) [10s, evaluated=3]
  [110/5163] cnp=5134085 ✓ MATCHED "Lyrica" (N02BF02) +2 siblings (added=3) [10s, evaluated=3]
    [checkpoint] saved · 110/5163 · rate=0.18/s · eta=471m25s
  [111/5163] cnp=5134184 ✓ MATCHED "Lyrica" (N02BF02) +2 siblings (added=0) [11s, evaluated=3]
  [112/5163] cnp=5134481 ✓ MATCHED "Lyrica" (N02BF02) +2 siblings (added=3) [10s, evaluated=3]
  [resolve cnp=5134788] candidato row=0 (Lyrica) falhou: click row HTTP 503
  [113/5163] cnp=5134788 ✓ MATCHED "Lyrica" (N02BF02) +2 siblings (added=3) [10s, evaluated=3]
    [session] refresh falhou (refresh HTTP 503); rota.
    [503] backoff 10000ms before retry 1/3 (cnp=5135082)
  [114/5163] cnp=5135082 ✓ MATCHED "Lyrica" (N02BF02) +2 siblings (added=3) [20s, evaluated=3]
  [115/5163] cnp=5137120 · NOT_FOUND (no_results, rows=0, evaluated=0) [2s]
  [116/5163] cnp=5137146 · NOT_FOUND (no_results, rows=0, evaluated=0) [2s]
  [117/5163] cnp=5137153 · NOT_FOUND (no_results, rows=0, evaluated=0) [2s]
  [118/5163] cnp=5137179 · NOT_FOUND (no_results, rows=0, evaluated=0) [2s]
  [119/5163] cnp=5137203 · NOT_FOUND (no_results, rows=0, evaluated=0) [2s]
  [120/5163] cnp=5138250 · NOT_FOUND (no_results, rows=0, evaluated=0) [2s]
    [checkpoint] saved · 120/5163 · rate=0.17/s · eta=487m42s
  [121/5163] cnp=5138276 · NOT_FOUND (no_results, rows=0, evaluated=0) [2s]
  [122/5163] cnp=5138912 · NOT_FOUND (no_results, rows=0, evaluated=0) [2s]
  [123/5163] cnp=5140900 · NOT_FOUND (no_results, rows=0, evaluated=0) [2s]
  [124/5163] cnp=5144621 · NOT_FOUND (no_results, rows=0, evaluated=0) [2s]
  [125/5163] cnp=5146410 · NOT_FOUND (no_results, rows=0, evaluated=0) [2s]
  [126/5163] cnp=5146832 · NOT_FOUND (no_results, rows=0, evaluated=0) [2s]
  [127/5163] cnp=5146857 · NOT_FOUND (no_results, rows=0, evaluated=0) [2s]
  [128/5163] cnp=5148200 · NOT_FOUND (no_results, rows=0, evaluated=0) [2s]
  [129/5163] cnp=5148317 · NOT_FOUND (no_results, rows=0, evaluated=0) [2s]
  [130/5163] cnp=5150875 · NOT_FOUND (no_results, rows=0, evaluated=0) [2s]
    [checkpoint] saved · 130/5163 · rate=0.18/s · eta=472m34s
  [131/5163] cnp=5150883 · NOT_FOUND (no_results, rows=0, evaluated=0) [2s]
  [132/5163] cnp=5150925 · NOT_FOUND (no_results, rows=0, evaluated=0) [2s]
  [133/5163] cnp=5150966 · NOT_FOUND (no_results, rows=0, evaluated=0) [2s]
  [134/5163] cnp=5151758 · NOT_FOUND (no_results, rows=0, evaluated=0) [2s]
  [135/5163] cnp=5153788 · NOT_FOUND (no_results, rows=0, evaluated=0) [2s]
  [136/5163] cnp=5153887 · NOT_FOUND (no_results, rows=0, evaluated=0) [2s]
  [137/5163] cnp=5153986 · NOT_FOUND (no_results, rows=0, evaluated=0) [2s]
  [138/5163] cnp=5154679 · NOT_FOUND (no_results, rows=0, evaluated=0) [2s]
  [139/5163] cnp=5154737 · NOT_FOUND (no_results, rows=0, evaluated=0) [2s]
  [140/5163] cnp=5154745 · NOT_FOUND (no_results, rows=0, evaluated=0) [2s]
    [checkpoint] saved · 140/5163 · rate=0.18/s · eta=459m25s
  [141/5163] cnp=5154778 · NOT_FOUND (no_results, rows=0, evaluated=0) [2s]
  [142/5163] cnp=5154828 · NOT_FOUND (no_results, rows=0, evaluated=0) [2s]
  [143/5163] cnp=5155056 · NOT_FOUND (no_results, rows=0, evaluated=0) [2s]
    [session] rotation após 30 searches; cooldown 30000ms
  [144/5163] cnp=5156187 · NOT_FOUND (no_results, rows=0, evaluated=0) [32s]
  [145/5163] cnp=5156385 · NOT_FOUND (no_results, rows=0, evaluated=0) [2s]
  [146/5163] cnp=5156682 · NOT_FOUND (no_results, rows=0, evaluated=0) [2s]
  [147/5163] cnp=5157243 · NOT_FOUND (no_cnp_match, rows=10, evaluated=3) [10s]
  [148/5163] cnp=5157250 · NOT_FOUND (no_results, rows=0, evaluated=0) [2s]
  [149/5163] cnp=5157268 · NOT_FOUND (no_cnp_match, rows=10, evaluated=3) [10s]
  [150/5163] cnp=5158431 · NOT_FOUND (no_results, rows=0, evaluated=0) [2s]
    [checkpoint] saved · 150/5163 · rate=0.18/s · eta=474m23s
  [151/5163] cnp=5158514 · NOT_FOUND (no_results, rows=0, evaluated=0) [2s]
  [152/5163] cnp=5158530 · NOT_FOUND (no_results, rows=0, evaluated=0) [2s]
  [153/5163] cnp=5158571 · NOT_FOUND (no_results, rows=0, evaluated=0) [2s]
  [154/5163] cnp=5159074 · NOT_FOUND (no_results, rows=0, evaluated=0) [2s]
  [155/5163] cnp=5159108 · NOT_FOUND (no_results, rows=0, evaluated=0) [2s]
  [156/5163] cnp=5159199 · NOT_FOUND (no_results, rows=0, evaluated=0) [2s]
  [157/5163] cnp=5161211 · NOT_FOUND (no_results, rows=0, evaluated=0) [2s]
  [158/5163] cnp=5161260 · NOT_FOUND (no_results, rows=0, evaluated=0) [2s]
  [159/5163] cnp=5161518 ✓ MATCHED "Somazina" (N06BX06) +2 siblings (added=3) [8s, evaluated=2]
  [160/5163] cnp=5163837 · NOT_FOUND (no_results, rows=0, evaluated=0) [2s]
    [checkpoint] saved · 160/5163 · rate=0.18/s · eta=466m05s
    [session] refresh falhou (refresh HTTP 503); rota.
    [503] backoff 10000ms before retry 1/3 (cnp=5164066)
  [161/5163] cnp=5164066 · NOT_FOUND (no_results, rows=0, evaluated=0) [12s]
  [162/5163] cnp=5164157 · NOT_FOUND (no_results, rows=0, evaluated=0) [2s]
  [163/5163] cnp=5164165 · NOT_FOUND (no_results, rows=0, evaluated=0) [2s]
  [164/5163] cnp=5164462 · NOT_FOUND (no_results, rows=0, evaluated=0) [2s]
  [165/5163] cnp=5165584 · NOT_FOUND (no_results, rows=0, evaluated=0) [2s]
  [166/5163] cnp=5165675 · NOT_FOUND (no_results, rows=0, evaluated=0) [2s]
  [167/5163] cnp=5168075 · NOT_FOUND (no_results, rows=0, evaluated=0) [2s]
  [168/5163] cnp=5169578 · NOT_FOUND (no_results, rows=0, evaluated=0) [2s]
  [169/5163] cnp=5169602 · NOT_FOUND (no_results, rows=0, evaluated=0) [2s]
    [session] refresh falhou (refresh HTTP 503); rota.
    [503] backoff 10000ms before retry 1/3 (cnp=5169669)
    [503] backoff 30000ms before retry 2/3 (cnp=5169669)
  [170/5163] cnp=5169669 · NOT_FOUND (no_results, rows=0, evaluated=0) [42s]
    [checkpoint] saved · 170/5163 · rate=0.17/s · eta=480m17s
  [171/5163] cnp=5169701 · NOT_FOUND (no_results, rows=0, evaluated=0) [2s]
  [172/5163] cnp=5169727 · NOT_FOUND (no_results, rows=0, evaluated=0) [2s]
  [173/5163] cnp=5170071 · NOT_FOUND (no_results, rows=0, evaluated=0) [2s]
  [174/5163] cnp=5170105 · NOT_FOUND (no_results, rows=0, evaluated=0) [2s]
  [175/5163] cnp=5170121 · NOT_FOUND (no_results, rows=0, evaluated=0) [2s]
  [176/5163] cnp=5170451 · NOT_FOUND (no_results, rows=0, evaluated=0) [2s]
  [177/5163] cnp=5172788 · NOT_FOUND (no_results, rows=0, evaluated=0) [2s]
  [178/5163] cnp=5174792 · NOT_FOUND (no_results, rows=0, evaluated=0) [2s]
  [179/5163] cnp=5174891 · NOT_FOUND (no_results, rows=0, evaluated=0) [2s]
  [180/5163] cnp=5175039 · NOT_FOUND (no_results, rows=0, evaluated=0) [2s]
    [checkpoint] saved · 180/5163 · rate=0.18/s · eta=469m34s
  [181/5163] cnp=5177084 · NOT_FOUND (no_results, rows=0, evaluated=0) [2s]
  [182/5163] cnp=5177183 · NOT_FOUND (no_results, rows=0, evaluated=0) [2s]
  [183/5163] cnp=5177589 ✓ MATCHED "Atacand 32 mg" (C09CA06) +1 siblings (added=2) [10s, evaluated=3]
  [184/5163] cnp=5177787 · NOT_FOUND (no_results, rows=0, evaluated=0) [2s]
  [185/5163] cnp=5178165 · NOT_FOUND (no_results, rows=0, evaluated=0) [2s]
  [186/5163] cnp=5178215 · NOT_FOUND (no_results, rows=0, evaluated=0) [2s]
  [187/5163] cnp=5178231 · NOT_FOUND (no_results, rows=0, evaluated=0) [2s]
  [188/5163] cnp=5178421 · NOT_FOUND (no_results, rows=0, evaluated=0) [2s]
  [189/5163] cnp=5179627 · NOT_FOUND (no_results, rows=0, evaluated=0) [2s]
  [190/5163] cnp=5179643 · NOT_FOUND (no_results, rows=0, evaluated=0) [2s]
    [checkpoint] saved · 190/5163 · rate=0.18/s · eta=463m32s
  [191/5163] cnp=5181508 · NOT_FOUND (no_results, rows=0, evaluated=0) [2s]
  [192/5163] cnp=5181607 · NOT_FOUND (no_results, rows=0, evaluated=0) [2s]
    [session] refresh falhou (refresh HTTP 503); rota.
    [503] backoff 10000ms before retry 1/3 (cnp=5181672)
  [193/5163] cnp=5181672 · NOT_FOUND (no_results, rows=0, evaluated=0) [12s]
  [194/5163] cnp=5182647 · NOT_FOUND (no_results, rows=0, evaluated=0) [2s]
  [195/5163] cnp=5182910 · NOT_FOUND (no_results, rows=0, evaluated=0) [2s]
  [196/5163] cnp=5184015 · NOT_FOUND (no_results, rows=0, evaluated=0) [2s]
  [197/5163] cnp=5184023 · NOT_FOUND (no_results, rows=0, evaluated=0) [2s]
  [198/5163] cnp=5184056 · NOT_FOUND (no_results, rows=0, evaluated=0) [2s]
  [199/5163] cnp=5184270 · NOT_FOUND (no_results, rows=0, evaluated=0) [2s]
  [200/5163] cnp=5184312 · NOT_FOUND (no_results, rows=0, evaluated=0) [2s]
    [checkpoint] saved · 200/5163 · rate=0.18/s · eta=458m26s
  [201/5163] cnp=5185251 · NOT_FOUND (no_results, rows=0, evaluated=0) [2s]
  [202/5163] cnp=5185657 · NOT_FOUND (no_results, rows=0, evaluated=0) [2s]
  [203/5163] cnp=5185673 · NOT_FOUND (no_results, rows=0, evaluated=0) [2s]
  [204/5163] cnp=5185905 · NOT_FOUND (no_results, rows=0, evaluated=0) [2s]
  [205/5163] cnp=5185921 · NOT_FOUND (no_results, rows=0, evaluated=0) [2s]
  [206/5163] cnp=5185962 · NOT_FOUND (no_results, rows=0, evaluated=0) [2s]
  [207/5163] cnp=5187745 ✓ MATCHED "Hytacand" (C09DA06) +0 siblings (added=1) [8s, evaluated=2]
  [208/5163] cnp=5188156 · NOT_FOUND (no_results, rows=0, evaluated=0) [2s]
  [209/5163] cnp=5188172 · NOT_FOUND (no_results, rows=0, evaluated=0) [2s]
  [210/5163] cnp=5188214 · NOT_FOUND (no_results, rows=0, evaluated=0) [2s]
    [checkpoint] saved · 210/5163 · rate=0.18/s · eta=452m52s
  [211/5163] cnp=5190418 · NOT_FOUND (no_results, rows=0, evaluated=0) [2s]
  [212/5163] cnp=5190442 · NOT_FOUND (no_results, rows=0, evaluated=0) [2s]
  [213/5163] cnp=5190517 · NOT_FOUND (no_results, rows=0, evaluated=0) [2s]
  [214/5163] cnp=5192703 · NOT_FOUND (no_results, rows=0, evaluated=0) [2s]
  [215/5163] cnp=5192943 · NOT_FOUND (no_results, rows=0, evaluated=0) [2s]
  [216/5163] cnp=5193032 · NOT_FOUND (no_cnp_match, rows=5, evaluated=3) [11s]
  [217/5163] cnp=5193131 · NOT_FOUND (no_results, rows=0, evaluated=0) [2s]
  [218/5163] cnp=5193149 · NOT_FOUND (no_results, rows=0, evaluated=0) [2s]
  [219/5163] cnp=5193420 · NOT_FOUND (no_results, rows=0, evaluated=0) [2s]
    [503] backoff 10000ms before retry 1/3 (cnp=5193636)
  [220/5163] cnp=5193636 · NOT_FOUND (no_results, rows=0, evaluated=0) [13s]
    [checkpoint] saved · 220/5163 · rate=0.18/s · eta=452m36s
  [221/5163] cnp=5194311 · NOT_FOUND (no_results, rows=0, evaluated=0) [2s]
  [222/5163] cnp=5197934 · NOT_FOUND (no_results, rows=0, evaluated=0) [2s]
  [223/5163] cnp=5198882 · NOT_FOUND (no_results, rows=0, evaluated=0) [2s]
  [224/5163] cnp=5200266 · NOT_FOUND (no_results, rows=0, evaluated=0) [2s]
  [225/5163] cnp=5201454 · NOT_FOUND (no_results, rows=0, evaluated=0) [2s]
  [226/5163] cnp=5202916 · NOT_FOUND (no_results, rows=0, evaluated=0) [2s]
  [227/5163] cnp=5203518 · NOT_FOUND (no_results, rows=0, evaluated=0) [2s]
  [228/5163] cnp=5203567 · NOT_FOUND (no_results, rows=0, evaluated=0) [2s]
  [229/5163] cnp=5203575 · NOT_FOUND (no_results, rows=0, evaluated=0) [2s]
  [230/5163] cnp=5203633 · NOT_FOUND (no_results, rows=0, evaluated=0) [2s]
    [checkpoint] saved · 230/5163 · rate=0.18/s · eta=444m50s
  [231/5163] cnp=5204441 · NOT_FOUND (no_results, rows=0, evaluated=0) [2s]
  [232/5163] cnp=5204466 · NOT_FOUND (no_results, rows=0, evaluated=0) [2s]
  [233/5163] cnp=5204656 · NOT_FOUND (no_results, rows=0, evaluated=0) [2s]
  [234/5163] cnp=5205240 · NOT_FOUND (no_results, rows=0, evaluated=0) [2s]
  [235/5163] cnp=5205265 · NOT_FOUND (no_results, rows=0, evaluated=0) [2s]
  [236/5163] cnp=5205307 · NOT_FOUND (no_results, rows=0, evaluated=0) [2s]
  [237/5163] cnp=5206123 · NOT_FOUND (no_results, rows=0, evaluated=0) [2s]
  [238/5163] cnp=5206347 · NOT_FOUND (no_results, rows=0, evaluated=0) [2s]
  [239/5163] cnp=5206354 · NOT_FOUND (no_results, rows=0, evaluated=0) [2s]
  [240/5163] cnp=5206404 · NOT_FOUND (no_results, rows=0, evaluated=0) [2s]
    [checkpoint] saved · 240/5163 · rate=0.19/s · eta=438m00s
  [241/5163] cnp=5207717 · NOT_FOUND (no_results, rows=0, evaluated=0) [2s]
  [242/5163] cnp=5208210 · NOT_FOUND (no_results, rows=0, evaluated=0) [2s]
  [243/5163] cnp=5209408 · NOT_FOUND (no_results, rows=0, evaluated=0) [2s]
  [244/5163] cnp=5211313 · NOT_FOUND (no_results, rows=0, evaluated=0) [2s]
  [245/5163] cnp=5211321 · NOT_FOUND (no_results, rows=0, evaluated=0) [2s]
  [246/5163] cnp=5211362 · NOT_FOUND (no_results, rows=0, evaluated=0) [2s]
  [247/5163] cnp=5211602 · NOT_FOUND (no_results, rows=0, evaluated=0) [2s]
  [248/5163] cnp=5211636 · NOT_FOUND (no_results, rows=0, evaluated=0) [2s]
  [249/5163] cnp=5212287 · NOT_FOUND (no_results, rows=0, evaluated=0) [2s]
    [session] rotation após 30 searches; cooldown 30000ms
    [503] backoff 10000ms before retry 1/3 (cnp=5212584)
  [250/5163] cnp=5212584 · NOT_FOUND (no_results, rows=0, evaluated=0) [42s]
    [checkpoint] saved · 250/5163 · rate=0.18/s · eta=444m35s
  [251/5163] cnp=5215801 · NOT_FOUND (no_results, rows=0, evaluated=0) [2s]
  [252/5163] cnp=5216221 · NOT_FOUND (no_results, rows=0, evaluated=0) [2s]
    [503] backoff 10000ms before retry 1/3 (cnp=5216320)
  [253/5163] cnp=5216320 · NOT_FOUND (no_results, rows=0, evaluated=0) [14s]
  [254/5163] cnp=5216635 · NOT_FOUND (no_results, rows=0, evaluated=0) [2s]
  [255/5163] cnp=5216650 · NOT_FOUND (no_results, rows=0, evaluated=0) [2s]
  [256/5163] cnp=5216908 · NOT_FOUND (no_results, rows=0, evaluated=0) [3s]
  [257/5163] cnp=5217419 · NOT_FOUND (no_results, rows=0, evaluated=0) [2s]
  [258/5163] cnp=5217443 · NOT_FOUND (no_results, rows=0, evaluated=0) [2s]
  [259/5163] cnp=5217450 · NOT_FOUND (no_results, rows=0, evaluated=0) [2s]
  [260/5163] cnp=5217500 · NOT_FOUND (no_results, rows=0, evaluated=0) [2s]
    [checkpoint] saved · 260/5163 · rate=0.18/s · eta=442m09s
  [261/5163] cnp=5217518 · NOT_FOUND (no_results, rows=0, evaluated=0) [2s]
  [262/5163] cnp=5217708 · NOT_FOUND (no_results, rows=0, evaluated=0) [2s]
  [263/5163] cnp=5217765 · NOT_FOUND (no_results, rows=0, evaluated=0) [2s]
  [264/5163] cnp=5217849 · NOT_FOUND (no_results, rows=0, evaluated=0) [2s]
  [265/5163] cnp=5218961 · NOT_FOUND (no_results, rows=0, evaluated=0) [2s]
  [266/5163] cnp=5219001 · NOT_FOUND (no_results, rows=0, evaluated=0) [2s]
  [267/5163] cnp=5219134 · NOT_FOUND (no_results, rows=0, evaluated=0) [2s]
  [268/5163] cnp=5219316 · NOT_FOUND (no_results, rows=0, evaluated=0) [2s]
  [269/5163] cnp=5219514 · NOT_FOUND (no_results, rows=0, evaluated=0) [2s]
  [270/5163] cnp=5220900 · NOT_FOUND (no_results, rows=0, evaluated=0) [2s]
    [checkpoint] saved · 270/5163 · rate=0.19/s · eta=435m49s
  [271/5163] cnp=5220934 · NOT_FOUND (no_results, rows=0, evaluated=0) [2s]
  [272/5163] cnp=5221106 · NOT_FOUND (no_results, rows=0, evaluated=0) [2s]
  [273/5163] cnp=5222740 · NOT_FOUND (no_results, rows=0, evaluated=0) [2s]
  [274/5163] cnp=5222906 · NOT_FOUND (no_results, rows=0, evaluated=0) [2s]
  [275/5163] cnp=5223151 · NOT_FOUND (no_results, rows=0, evaluated=0) [2s]
  [276/5163] cnp=5223672 · NOT_FOUND (no_results, rows=0, evaluated=0) [2s]
  [277/5163] cnp=5223730 · NOT_FOUND (no_results, rows=0, evaluated=0) [2s]
  [278/5163] cnp=5226782 · NOT_FOUND (no_results, rows=0, evaluated=0) [2s]
  [279/5163] cnp=5226881 · NOT_FOUND (no_results, rows=0, evaluated=0) [2s]
  [280/5163] cnp=5228531 · NOT_FOUND (no_results, rows=0, evaluated=0) [2s]
    [checkpoint] saved · 280/5163 · rate=0.19/s · eta=430m03s
  [281/5163] cnp=5228549 · NOT_FOUND (no_results, rows=0, evaluated=0) [2s]
  [282/5163] cnp=5236179 · NOT_FOUND (no_results, rows=0, evaluated=0) [2s]
    [session] rotation após 30 searches; cooldown 30000ms
  [283/5163] cnp=5236203 · NOT_FOUND (no_results, rows=0, evaluated=0) [32s]
  [284/5163] cnp=5237011 · NOT_FOUND (no_results, rows=0, evaluated=0) [2s]
  [285/5163] cnp=5237078 · NOT_FOUND (no_results, rows=0, evaluated=0) [2s]
  [286/5163] cnp=5237268 · NOT_FOUND (no_results, rows=0, evaluated=0) [2s]
  [287/5163] cnp=5237557 · NOT_FOUND (no_results, rows=0, evaluated=0) [2s]
  [288/5163] cnp=5237649 · NOT_FOUND (no_results, rows=0, evaluated=0) [2s]
  [289/5163] cnp=5238324 · NOT_FOUND (no_results, rows=0, evaluated=0) [2s]
  [290/5163] cnp=5239231 · NOT_FOUND (no_results, rows=0, evaluated=0) [2s]
    [checkpoint] saved · 290/5163 · rate=0.19/s · eta=432m49s
  [291/5163] cnp=5239579 · NOT_FOUND (no_results, rows=0, evaluated=0) [2s]
  [292/5163] cnp=5239603 · NOT_FOUND (no_results, rows=0, evaluated=0) [2s]
  [293/5163] cnp=5241765 · NOT_FOUND (no_results, rows=0, evaluated=0) [2s]
  [294/5163] cnp=5242086 · NOT_FOUND (no_results, rows=0, evaluated=0) [2s]
  [295/5163] cnp=5242490 · NOT_FOUND (no_results, rows=0, evaluated=0) [2s]
  [296/5163] cnp=5242557 · NOT_FOUND (no_results, rows=0, evaluated=0) [2s]
  [297/5163] cnp=5242573 · NOT_FOUND (no_results, rows=0, evaluated=0) [2s]
    [session] refresh falhou (refresh HTTP 503); rota.
    [503] backoff 10000ms before retry 1/3 (cnp=5242813)
    [503] backoff 30000ms before retry 2/3 (cnp=5242813)
  [298/5163] cnp=5242813 ✓ MATCHED "Rivastigmina toLife" (N06DA03) +2 siblings (added=3) [51s, evaluated=3]
  [299/5163] cnp=5242854 · NOT_FOUND (no_results, rows=0, evaluated=0) [2s]
  [300/5163] cnp=5243480 · NOT_FOUND (no_results, rows=0, evaluated=0) [2s]
    [checkpoint] saved · 300/5163 · rate=0.18/s · eta=440m40s
  [301/5163] cnp=5243886 · NOT_FOUND (no_results, rows=0, evaluated=0) [2s]
    [session] refresh falhou (refresh HTTP 503); rota.
    [503] backoff 10000ms before retry 1/3 (cnp=5244280)
    [503] backoff 30000ms before retry 2/3 (cnp=5244280)
  [302/5163] cnp=5244280 · NOT_FOUND (no_results, rows=0, evaluated=0) [43s]
  [303/5163] cnp=5244702 · NOT_FOUND (no_results, rows=0, evaluated=0) [2s]
  [304/5163] cnp=5244744 · NOT_FOUND (no_results, rows=0, evaluated=0) [2s]
  [305/5163] cnp=5244801 · NOT_FOUND (no_results, rows=0, evaluated=0) [2s]
  [306/5163] cnp=5245972 · NOT_FOUND (no_results, rows=0, evaluated=0) [2s]
  [307/5163] cnp=5246210 · NOT_FOUND (no_results, rows=0, evaluated=0) [2s]
  [308/5163] cnp=5247887 · NOT_FOUND (no_results, rows=0, evaluated=0) [2s]
  [309/5163] cnp=5248141 · NOT_FOUND (no_results, rows=0, evaluated=0) [2s]
  [310/5163] cnp=5249271 · NOT_FOUND (no_results, rows=0, evaluated=0) [2s]
    [checkpoint] saved · 310/5163 · rate=0.18/s · eta=445m40s
  [311/5163] cnp=5250279 · NOT_FOUND (no_results, rows=0, evaluated=0) [2s]
  [312/5163] cnp=5250444 · NOT_FOUND (no_results, rows=0, evaluated=0) [2s]
  [313/5163] cnp=5250451 · NOT_FOUND (no_results, rows=0, evaluated=0) [2s]
  [314/5163] cnp=5251087 · NOT_FOUND (no_results, rows=0, evaluated=0) [2s]
  [315/5163] cnp=5251400 · NOT_FOUND (no_results, rows=0, evaluated=0) [2s]
  [316/5163] cnp=5251780 · NOT_FOUND (no_results, rows=0, evaluated=0) [2s]
  [317/5163] cnp=5251822 · NOT_FOUND (no_results, rows=0, evaluated=0) [2s]
  [318/5163] cnp=5251855 · NOT_FOUND (no_results, rows=0, evaluated=0) [2s]
  [319/5163] cnp=5252283 · NOT_FOUND (no_results, rows=0, evaluated=0) [2s]
  [320/5163] cnp=5252531 · NOT_FOUND (no_results, rows=0, evaluated=0) [2s]
    [checkpoint] saved · 320/5163 · rate=0.18/s · eta=440m00s
  [321/5163] cnp=5252564 · NOT_FOUND (no_results, rows=0, evaluated=0) [2s]
  [322/5163] cnp=5252606 · NOT_FOUND (no_results, rows=0, evaluated=0) [2s]
  [323/5163] cnp=5252705 · NOT_FOUND (no_results, rows=0, evaluated=0) [2s]
  [324/5163] cnp=5253844 · NOT_FOUND (no_results, rows=0, evaluated=0) [2s]
  [325/5163] cnp=5254800 · NOT_FOUND (no_results, rows=0, evaluated=0) [2s]
  [326/5163] cnp=5254818 · NOT_FOUND (no_results, rows=0, evaluated=0) [2s]
  [327/5163] cnp=5255252 · NOT_FOUND (no_results, rows=0, evaluated=0) [2s]
  [328/5163] cnp=5255500 · NOT_FOUND (no_results, rows=0, evaluated=0) [2s]
  [329/5163] cnp=5256789 · NOT_FOUND (no_results, rows=0, evaluated=0) [2s]
  [330/5163] cnp=5256987 · NOT_FOUND (no_results, rows=0, evaluated=0) [2s]
    [checkpoint] saved · 330/5163 · rate=0.19/s · eta=434m34s
  [331/5163] cnp=5258413 · NOT_FOUND (no_results, rows=0, evaluated=0) [2s]
    [session] rotation após 30 searches; cooldown 30000ms
  [332/5163] cnp=5258447 · NOT_FOUND (no_results, rows=0, evaluated=0) [32s]
  [333/5163] cnp=5259163 · NOT_FOUND (no_results, rows=0, evaluated=0) [2s]
  [334/5163] cnp=5259171 · NOT_FOUND (no_results, rows=0, evaluated=0) [2s]
  [335/5163] cnp=5260153 · NOT_FOUND (no_results, rows=0, evaluated=0) [2s]
  [336/5163] cnp=5260161 · NOT_FOUND (no_results, rows=0, evaluated=0) [2s]
  [337/5163] cnp=5260179 · NOT_FOUND (no_results, rows=0, evaluated=0) [2s]
  [338/5163] cnp=5260203 · NOT_FOUND (no_results, rows=0, evaluated=0) [2s]
  [339/5163] cnp=5262217 · NOT_FOUND (no_results, rows=0, evaluated=0) [2s]
  [340/5163] cnp=5262662 · NOT_FOUND (no_results, rows=0, evaluated=0) [2s]
    [checkpoint] saved · 340/5163 · rate=0.18/s · eta=436m29s
  [341/5163] cnp=5262670 · NOT_FOUND (no_results, rows=0, evaluated=0) [2s]
  [342/5163] cnp=5264288 · NOT_FOUND (no_results, rows=0, evaluated=0) [2s]
  [343/5163] cnp=5264528 · NOT_FOUND (no_results, rows=0, evaluated=0) [2s]
  [344/5163] cnp=5265319 · NOT_FOUND (no_results, rows=0, evaluated=0) [2s]
  [345/5163] cnp=5265343 · NOT_FOUND (no_results, rows=0, evaluated=0) [2s]
  [346/5163] cnp=5267208 · NOT_FOUND (no_results, rows=0, evaluated=0) [2s]
  [347/5163] cnp=5267224 · NOT_FOUND (no_results, rows=0, evaluated=0) [2s]
  [348/5163] cnp=5267331 ✓ MATCHED "Urorec" (G04CA04) +1 siblings (added=2) [10s, evaluated=3]
  [349/5163] cnp=5267349 ✓ MATCHED "Urorec" (G04CA04) +1 siblings (added=2) [10s, evaluated=3]
  [350/5163] cnp=5267406 ✓ MATCHED "Silodyx" (G04CA04) +1 siblings (added=2) [8s, evaluated=2]
    [checkpoint] saved · 350/5163 · rate=0.18/s · eta=436m40s
  [351/5163] cnp=5267455 · NOT_FOUND (no_results, rows=0, evaluated=0) [2s]
    [session] refresh falhou (refresh HTTP 503); rota.
    [503] backoff 10000ms before retry 1/3 (cnp=5267463)
  [352/5163] cnp=5267463 · NOT_FOUND (no_results, rows=0, evaluated=0) [12s]
  [353/5163] cnp=5267471 · NOT_FOUND (no_results, rows=0, evaluated=0) [2s]
  [354/5163] cnp=5267505 · NOT_FOUND (no_results, rows=0, evaluated=0) [2s]
  [355/5163] cnp=5268347 · NOT_FOUND (no_results, rows=0, evaluated=0) [2s]
  [356/5163] cnp=5269287 · NOT_FOUND (no_results, rows=0, evaluated=0) [2s]
  [357/5163] cnp=5269485 · NOT_FOUND (no_results, rows=0, evaluated=0) [2s]
  [358/5163] cnp=5269675 · NOT_FOUND (no_results, rows=0, evaluated=0) [2s]
  [359/5163] cnp=5269683 · NOT_FOUND (no_results, rows=0, evaluated=0) [2s]
  [360/5163] cnp=5269972 · NOT_FOUND (no_results, rows=0, evaluated=0) [2s]
    [checkpoint] saved · 360/5163 · rate=0.18/s · eta=433m55s
  [361/5163] cnp=5270087 · NOT_FOUND (no_results, rows=0, evaluated=0) [2s]
  [362/5163] cnp=5270319 · NOT_FOUND (no_results, rows=0, evaluated=0) [2s]
  [363/5163] cnp=5270335 · NOT_FOUND (no_results, rows=0, evaluated=0) [2s]
  [364/5163] cnp=5273081 · NOT_FOUND (no_results, rows=0, evaluated=0) [2s]
  [365/5163] cnp=5273255 · NOT_FOUND (no_results, rows=0, evaluated=0) [2s]
  [366/5163] cnp=5273347 · NOT_FOUND (no_results, rows=0, evaluated=0) [2s]
  [367/5163] cnp=5273487 · NOT_FOUND (no_results, rows=0, evaluated=0) [2s]
  [368/5163] cnp=5273784 · NOT_FOUND (no_results, rows=0, evaluated=0) [2s]
  [369/5163] cnp=5273883 · NOT_FOUND (no_results, rows=0, evaluated=0) [2s]
  [370/5163] cnp=5276589 ✓ MATCHED "Lansoprazol Aurovitas" (A02BC03) +3 siblings (added=4) [9s, evaluated=2]
    [checkpoint] saved · 370/5163 · rate=0.19/s · eta=430m39s
  [371/5163] cnp=5277165 · NOT_FOUND (no_results, rows=0, evaluated=0) [2s]
  [372/5163] cnp=5278601 · NOT_FOUND (no_results, rows=0, evaluated=0) [2s]
  [373/5163] cnp=5278783 · NOT_FOUND (no_results, rows=0, evaluated=0) [2s]
  [374/5163] cnp=5278882 · NOT_FOUND (no_results, rows=0, evaluated=0) [2s]
  [375/5163] cnp=5279161 · NOT_FOUND (no_results, rows=0, evaluated=0) [2s]
  [376/5163] cnp=5279179 · NOT_FOUND (no_results, rows=0, evaluated=0) [2s]
  [377/5163] cnp=5279203 · NOT_FOUND (no_results, rows=0, evaluated=0) [2s]
  [378/5163] cnp=5279492 · NOT_FOUND (no_results, rows=0, evaluated=0) [2s]
  [379/5163] cnp=5280045 · NOT_FOUND (no_results, rows=0, evaluated=0) [2s]
  [380/5163] cnp=5280102 · NOT_FOUND (no_results, rows=0, evaluated=0) [2s]
    [checkpoint] saved · 380/5163 · rate=0.19/s · eta=425m57s
  [381/5163] cnp=5280169 · NOT_FOUND (no_results, rows=0, evaluated=0) [2s]
    [session] rotation após 30 searches; cooldown 30000ms
  [382/5163] cnp=5280219 · NOT_FOUND (no_results, rows=0, evaluated=0) [32s]
  [383/5163] cnp=5281472 · NOT_FOUND (no_results, rows=0, evaluated=0) [2s]
  [384/5163] cnp=5281506 · NOT_FOUND (no_results, rows=0, evaluated=0) [2s]
  [385/5163] cnp=5282025 · NOT_FOUND (no_results, rows=0, evaluated=0) [2s]
  [386/5163] cnp=5282124 · NOT_FOUND (no_results, rows=0, evaluated=0) [2s]
  [387/5163] cnp=5282132 · NOT_FOUND (no_results, rows=0, evaluated=0) [2s]
  [388/5163] cnp=5282215 · NOT_FOUND (no_results, rows=0, evaluated=0) [2s]
  [389/5163] cnp=5282223 · NOT_FOUND (no_results, rows=0, evaluated=0) [2s]
  [390/5163] cnp=5283486 · NOT_FOUND (no_results, rows=0, evaluated=0) [2s]
    [checkpoint] saved · 390/5163 · rate=0.19/s · eta=427m41s
  [391/5163] cnp=5283585 · NOT_FOUND (no_results, rows=0, evaluated=0) [2s]
  [392/5163] cnp=5284302 · NOT_FOUND (no_results, rows=0, evaluated=0) [2s]
  [393/5163] cnp=5285481 · NOT_FOUND (no_results, rows=0, evaluated=0) [2s]
  [394/5163] cnp=5285606 · NOT_FOUND (no_results, rows=0, evaluated=0) [2s]
  [395/5163] cnp=5285622 · NOT_FOUND (no_results, rows=0, evaluated=0) [2s]
  [396/5163] cnp=5285689 ✓ MATCHED "Pravastatina Zentiva" (C10AA03) +1 siblings (added=2) [8s, evaluated=2]
  [397/5163] cnp=5286570 · NOT_FOUND (no_cnp_match, rows=2, evaluated=2) [8s]
  [398/5163] cnp=5286877 · NOT_FOUND (no_results, rows=0, evaluated=0) [2s]
  [399/5163] cnp=5286901 · NOT_FOUND (no_results, rows=0, evaluated=0) [2s]
  [400/5163] cnp=5288691 · NOT_FOUND (no_results, rows=0, evaluated=0) [2s]
    [checkpoint] saved · 400/5163 · rate=0.19/s · eta=425m48s
  [401/5163] cnp=5289400 · NOT_FOUND (no_results, rows=0, evaluated=0) [2s]
  [402/5163] cnp=5289756 · NOT_FOUND (no_results, rows=0, evaluated=0) [2s]
  [403/5163] cnp=5289772 · NOT_FOUND (no_results, rows=0, evaluated=0) [2s]
  [404/5163] cnp=5290754 · NOT_FOUND (no_results, rows=0, evaluated=0) [2s]
  [405/5163] cnp=5290903 · NOT_FOUND (no_results, rows=0, evaluated=0) [2s]
  [406/5163] cnp=5291406 · NOT_FOUND (no_results, rows=0, evaluated=0) [2s]
  [407/5163] cnp=5293980 ✓ MATCHED "Lansoprazol Alter 30 mg Cápsulas gastrorresistentes" (A02BC03) +2 siblings (added=3) [8s, evaluated=2]
  [408/5163] cnp=5295118 · NOT_FOUND (no_results, rows=0, evaluated=0) [2s]
  [409/5163] cnp=5295852 · NOT_FOUND (no_results, rows=0, evaluated=0) [2s]
  [410/5163] cnp=5296371 · NOT_FOUND (no_results, rows=0, evaluated=0) [2s]
    [checkpoint] saved · 410/5163 · rate=0.19/s · eta=422m43s
  [411/5163] cnp=5296652 · NOT_FOUND (no_results, rows=0, evaluated=0) [2s]
    [session] rotation após 30 searches; cooldown 30000ms
  [412/5163] cnp=5296728 · NOT_FOUND (no_results, rows=0, evaluated=0) [32s]
  [413/5163] cnp=5297114 · NOT_FOUND (no_results, rows=0, evaluated=0) [2s]
  [414/5163] cnp=5297130 · NOT_FOUND (no_results, rows=0, evaluated=0) [2s]
  [415/5163] cnp=5297288 · NOT_FOUND (no_results, rows=0, evaluated=0) [2s]
  [416/5163] cnp=5298856 · NOT_FOUND (no_results, rows=0, evaluated=0) [2s]
  [417/5163] cnp=5298872 · NOT_FOUND (no_results, rows=0, evaluated=0) [2s]
  [418/5163] cnp=5298914 · NOT_FOUND (no_results, rows=0, evaluated=0) [2s]
  [419/5163] cnp=5298930 · NOT_FOUND (no_results, rows=0, evaluated=0) [2s]
  [420/5163] cnp=5299326 · NOT_FOUND (no_results, rows=0, evaluated=0) [2s]
    [checkpoint] saved · 420/5163 · rate=0.19/s · eta=424m13s
  [421/5163] cnp=5299631 · NOT_FOUND (no_results, rows=0, evaluated=0) [2s]
  [422/5163] cnp=5299649 · NOT_FOUND (no_results, rows=0, evaluated=0) [2s]
  [423/5163] cnp=5301650 ✓ MATCHED "Fluconazol Krka" (J02AC01) +6 siblings (added=7) [11s, evaluated=3]
  [424/5163] cnp=5301767 · NOT_FOUND (no_results, rows=0, evaluated=0) [2s]
  [425/5163] cnp=5301841 · NOT_FOUND (no_results, rows=0, evaluated=0) [2s]
  [426/5163] cnp=5301858 · NOT_FOUND (no_results, rows=0, evaluated=0) [2s]
  [427/5163] cnp=5301916 · NOT_FOUND (no_results, rows=0, evaluated=0) [2s]
  [428/5163] cnp=5301932 · NOT_FOUND (no_results, rows=0, evaluated=0) [2s]
  [429/5163] cnp=5303516 · NOT_FOUND (no_results, rows=0, evaluated=0) [2s]
  [430/5163] cnp=5303540 · NOT_FOUND (no_results, rows=0, evaluated=0) [2s]
    [checkpoint] saved · 430/5163 · rate=0.19/s · eta=421m50s
  [431/5163] cnp=5303631 · NOT_FOUND (no_results, rows=0, evaluated=0) [2s]
  [432/5163] cnp=5304019 · NOT_FOUND (no_results, rows=0, evaluated=0) [2s]
  [433/5163] cnp=5304316 · NOT_FOUND (no_results, rows=0, evaluated=0) [2s]
  [434/5163] cnp=5304332 · NOT_FOUND (no_results, rows=0, evaluated=0) [2s]
  [435/5163] cnp=5304381 ✓ MATCHED "Betaserc" (N07CA01) +1 siblings (added=2) [10s, evaluated=3]
  [436/5163] cnp=5309315 · NOT_FOUND (no_results, rows=0, evaluated=0) [2s]
  [437/5163] cnp=5309562 · NOT_FOUND (no_results, rows=0, evaluated=0) [2s]
  [438/5163] cnp=5309620 · NOT_FOUND (no_results, rows=0, evaluated=0) [2s]
  [439/5163] cnp=5309745 · NOT_FOUND (no_results, rows=0, evaluated=0) [2s]
  [440/5163] cnp=5310669 · NOT_FOUND (no_results, rows=0, evaluated=0) [2s]
    [checkpoint] saved · 440/5163 · rate=0.19/s · eta=419m23s
  [441/5163] cnp=5310685 · NOT_FOUND (no_results, rows=0, evaluated=0) [2s]
    [session] rotation após 30 searches; cooldown 30000ms
  [442/5163] cnp=5310784 · NOT_FOUND (no_results, rows=0, evaluated=0) [32s]
  [443/5163] cnp=5310883 · NOT_FOUND (no_results, rows=0, evaluated=0) [2s]
  [444/5163] cnp=5310982 · NOT_FOUND (no_results, rows=0, evaluated=0) [2s]
  [445/5163] cnp=5311717 · NOT_FOUND (no_results, rows=0, evaluated=0) [2s]
  [446/5163] cnp=5311733 · NOT_FOUND (no_results, rows=0, evaluated=0) [2s]
  [447/5163] cnp=5312327 · NOT_FOUND (no_results, rows=0, evaluated=0) [2s]
  [448/5163] cnp=5313739 · NOT_FOUND (no_results, rows=0, evaluated=0) [2s]
  [449/5163] cnp=5314232 · NOT_FOUND (no_results, rows=0, evaluated=0) [2s]
  [450/5163] cnp=5314885 · NOT_FOUND (no_results, rows=0, evaluated=0) [2s]
    [checkpoint] saved · 450/5163 · rate=0.19/s · eta=420m40s
  [451/5163] cnp=5314984 · NOT_FOUND (no_results, rows=0, evaluated=0) [2s]
  [452/5163] cnp=5315387 · NOT_FOUND (no_results, rows=0, evaluated=0) [2s]
  [453/5163] cnp=5316211 · NOT_FOUND (no_results, rows=0, evaluated=0) [2s]
  [454/5163] cnp=5316229 · NOT_FOUND (no_results, rows=0, evaluated=0) [2s]
  [455/5163] cnp=5317474 · NOT_FOUND (no_results, rows=0, evaluated=0) [2s]
  [456/5163] cnp=5317508 · NOT_FOUND (no_results, rows=0, evaluated=0) [2s]
  [457/5163] cnp=5319496 · NOT_FOUND (no_results, rows=0, evaluated=0) [2s]
  [458/5163] cnp=5319884 · NOT_FOUND (no_results, rows=0, evaluated=0) [2s]
  [459/5163] cnp=5321575 · NOT_FOUND (no_results, rows=0, evaluated=0) [2s]
  [460/5163] cnp=5321625 · NOT_FOUND (no_results, rows=0, evaluated=0) [2s]
    [checkpoint] saved · 460/5163 · rate=0.19/s · eta=416m47s
  [461/5163] cnp=5321641 · NOT_FOUND (no_results, rows=0, evaluated=0) [2s]
  [462/5163] cnp=5321658 · NOT_FOUND (no_results, rows=0, evaluated=0) [2s]
  [463/5163] cnp=5321914 · NOT_FOUND (no_results, rows=0, evaluated=0) [2s]
  [464/5163] cnp=5323845 · NOT_FOUND (no_results, rows=0, evaluated=0) [2s]
  [465/5163] cnp=5323886 · NOT_FOUND (no_results, rows=0, evaluated=0) [2s]
  [466/5163] cnp=5323951 · NOT_FOUND (no_results, rows=0, evaluated=0) [2s]
  [467/5163] cnp=5324280 · NOT_FOUND (no_results, rows=0, evaluated=0) [2s]
  [468/5163] cnp=5324538 · NOT_FOUND (no_results, rows=0, evaluated=0) [2s]
  [469/5163] cnp=5324553 · NOT_FOUND (no_results, rows=0, evaluated=0) [2s]
  [470/5163] cnp=5324561 · NOT_FOUND (no_results, rows=0, evaluated=0) [2s]
    [checkpoint] saved · 470/5163 · rate=0.19/s · eta=413m01s
  [471/5163] cnp=5324603 · NOT_FOUND (no_results, rows=0, evaluated=0) [2s]
    [session] rotation após 30 searches; cooldown 30000ms
  [472/5163] cnp=5324629 · NOT_FOUND (no_results, rows=0, evaluated=0) [32s]
  [473/5163] cnp=5325600 · NOT_FOUND (no_results, rows=0, evaluated=0) [2s]
  [474/5163] cnp=5325618 · NOT_FOUND (no_results, rows=0, evaluated=0) [2s]
  [475/5163] cnp=5325626 · NOT_FOUND (no_results, rows=0, evaluated=0) [2s]
  [476/5163] cnp=5325634 · NOT_FOUND (no_results, rows=0, evaluated=0) [2s]
  [477/5163] cnp=5325741 · NOT_FOUND (no_results, rows=0, evaluated=0) [2s]
  [478/5163] cnp=5325881 · NOT_FOUND (no_results, rows=0, evaluated=0) [2s]
  [479/5163] cnp=5325980 · NOT_FOUND (no_results, rows=0, evaluated=0) [2s]
  [480/5163] cnp=5326756 · NOT_FOUND (no_results, rows=0, evaluated=0) [2s]
    [checkpoint] saved · 480/5163 · rate=0.19/s · eta=414m17s
  [481/5163] cnp=5327580 · NOT_FOUND (no_results, rows=0, evaluated=0) [2s]
  [482/5163] cnp=5329727 · NOT_FOUND (no_results, rows=0, evaluated=0) [2s]
  [483/5163] cnp=5329743 · NOT_FOUND (no_results, rows=0, evaluated=0) [2s]
  [484/5163] cnp=5330154 · NOT_FOUND (no_results, rows=0, evaluated=0) [2s]
    [503] backoff 10000ms before retry 1/3 (cnp=5334313)
    [503] backoff 30000ms before retry 2/3 (cnp=5334313)
  [485/5163] cnp=5334313 · NOT_FOUND (no_results, rows=0, evaluated=0) [44s]
  [486/5163] cnp=5334347 · NOT_FOUND (no_results, rows=0, evaluated=0) [2s]
  [487/5163] cnp=5334370 · NOT_FOUND (no_results, rows=0, evaluated=0) [2s]
  [488/5163] cnp=5334420 · NOT_FOUND (no_results, rows=0, evaluated=0) [2s]
  [489/5163] cnp=5334438 · NOT_FOUND (no_results, rows=0, evaluated=0) [2s]
  [490/5163] cnp=5334461 · NOT_FOUND (no_results, rows=0, evaluated=0) [2s]
    [checkpoint] saved · 490/5163 · rate=0.19/s · eta=417m19s
  [491/5163] cnp=5334511 · NOT_FOUND (no_results, rows=0, evaluated=0) [2s]
  [492/5163] cnp=5334586 · NOT_FOUND (no_results, rows=0, evaluated=0) [2s]
  [493/5163] cnp=5334784 · NOT_FOUND (no_results, rows=0, evaluated=0) [2s]
  [494/5163] cnp=5334982 · NOT_FOUND (no_results, rows=0, evaluated=0) [2s]
  [495/5163] cnp=5335187 · NOT_FOUND (no_results, rows=0, evaluated=0) [2s]
  [496/5163] cnp=5335385 · NOT_FOUND (no_results, rows=0, evaluated=0) [2s]
  [497/5163] cnp=5335880 · NOT_FOUND (no_results, rows=0, evaluated=0) [2s]
  [498/5163] cnp=5335955 · NOT_FOUND (no_results, rows=0, evaluated=0) [2s]
  [499/5163] cnp=5336615 · NOT_FOUND (no_results, rows=0, evaluated=0) [2s]
  [500/5163] cnp=5336987 · NOT_FOUND (no_results, rows=0, evaluated=0) [2s]
    [checkpoint] saved · 500/5163 · rate=0.19/s · eta=413m49s
  [501/5163] cnp=5337084 · NOT_FOUND (no_results, rows=0, evaluated=0) [2s]
  [502/5163] cnp=5337282 · NOT_FOUND (no_results, rows=0, evaluated=0) [2s]
  [503/5163] cnp=5337498 · NOT_FOUND (no_results, rows=0, evaluated=0) [2s]
  [504/5163] cnp=5337902 · NOT_FOUND (no_results, rows=0, evaluated=0) [2s]
  [505/5163] cnp=5338751 · NOT_FOUND (no_results, rows=0, evaluated=0) [2s]
  [506/5163] cnp=5338926 ✓ MATCHED "Twynsta" (C09DB04) +2 siblings (added=3) [11s, evaluated=3]
  [507/5163] cnp=5338942 · NOT_FOUND (no_results, rows=0, evaluated=0) [2s]
  [508/5163] cnp=5338967 ✓ MATCHED "Twynsta" (C09DB04) +2 siblings (added=3) [10s, evaluated=3]
  [509/5163] cnp=5339585 · NOT_FOUND (no_results, rows=0, evaluated=0) [2s]
  [510/5163] cnp=5339676 · NOT_FOUND (no_results, rows=0, evaluated=0) [2s]
    [checkpoint] saved · 510/5163 · rate=0.19/s · eta=413m00s
  [511/5163] cnp=5339775 · NOT_FOUND (no_results, rows=0, evaluated=0) [2s]
  [512/5163] cnp=5339882 · NOT_FOUND (no_results, rows=0, evaluated=0) [2s]
  [513/5163] cnp=5340435 · NOT_FOUND (no_results, rows=0, evaluated=0) [2s]
  [514/5163] cnp=5340450 · NOT_FOUND (no_results, rows=0, evaluated=0) [2s]
    [session] rotation após 30 searches; cooldown 30000ms
  [515/5163] cnp=5340492 · NOT_FOUND (no_results, rows=0, evaluated=0) [32s]
  [516/5163] cnp=5340922 · NOT_FOUND (no_results, rows=0, evaluated=0) [2s]
  [517/5163] cnp=5340930 · NOT_FOUND (no_results, rows=0, evaluated=0) [2s]
  [518/5163] cnp=5340948 · NOT_FOUND (no_results, rows=0, evaluated=0) [2s]
  [519/5163] cnp=5341045 · NOT_FOUND (no_results, rows=0, evaluated=0) [2s]
  [520/5163] cnp=5341235 · NOT_FOUND (no_results, rows=0, evaluated=0) [2s]
    [checkpoint] saved · 520/5163 · rate=0.19/s · eta=414m08s
  [521/5163] cnp=5341268 · NOT_FOUND (no_results, rows=0, evaluated=0) [2s]
  [522/5163] cnp=5341508 ✓ MATCHED "Bilaxten" (R06AX29) +4 siblings (added=5) [10s, evaluated=3]
  [523/5163] cnp=5341599 · NOT_FOUND (no_results, rows=0, evaluated=0) [2s]
  [524/5163] cnp=5341698 · NOT_FOUND (no_results, rows=0, evaluated=0) [2s]
  [525/5163] cnp=5341797 · NOT_FOUND (no_results, rows=0, evaluated=0) [2s]
  [526/5163] cnp=5341995 · NOT_FOUND (no_results, rows=0, evaluated=0) [2s]
  [527/5163] cnp=5342084 · NOT_FOUND (no_results, rows=0, evaluated=0) [2s]
  [528/5163] cnp=5342258 · NOT_FOUND (no_results, rows=0, evaluated=0) [2s]
  [529/5163] cnp=5342308 · NOT_FOUND (no_results, rows=0, evaluated=0) [2s]
  [530/5163] cnp=5344494 ✓ MATCHED "Meloxicam GP 7,5 mg Comprimidos" (M01AC06) +3 siblings (added=4) [8s, evaluated=2]
    [checkpoint] saved · 530/5163 · rate=0.19/s · eta=412m54s
  [531/5163] cnp=5344791 · NOT_FOUND (no_results, rows=0, evaluated=0) [2s]
  [532/5163] cnp=5344858 · NOT_FOUND (no_results, rows=0, evaluated=0) [2s]
  [533/5163] cnp=5345400 · NOT_FOUND (no_results, rows=0, evaluated=0) [2s]
  [534/5163] cnp=5345855 · NOT_FOUND (no_results, rows=0, evaluated=0) [2s]
  [535/5163] cnp=5346747 ✓ MATCHED "Lergonix" (R06AX29) +4 siblings (added=5) [10s, evaluated=3]
  [536/5163] cnp=5346820 · NOT_FOUND (no_results, rows=0, evaluated=0) [2s]
  [537/5163] cnp=5346846 · NOT_FOUND (no_results, rows=0, evaluated=0) [2s]
  [538/5163] cnp=5347166 · NOT_FOUND (no_results, rows=0, evaluated=0) [2s]
  [539/5163] cnp=5347174 · NOT_FOUND (no_results, rows=0, evaluated=0) [2s]
  [540/5163] cnp=5349964 · NOT_FOUND (no_results, rows=0, evaluated=0) [2s]
    [checkpoint] saved · 540/5163 · rate=0.19/s · eta=410m43s
  [541/5163] cnp=5350087 · NOT_FOUND (no_results, rows=0, evaluated=0) [2s]
  [542/5163] cnp=5350178 · NOT_FOUND (no_results, rows=0, evaluated=0) [2s]
  [543/5163] cnp=5350210 · NOT_FOUND (no_results, rows=0, evaluated=0) [2s]
  [544/5163] cnp=5350327 · NOT_FOUND (no_results, rows=0, evaluated=0) [2s]
    [session] rotation após 30 searches; cooldown 30000ms
  [545/5163] cnp=5350582 · NOT_FOUND (no_results, rows=0, evaluated=0) [32s]
  [546/5163] cnp=5351200 · NOT_FOUND (no_results, rows=0, evaluated=0) [2s]
  [547/5163] cnp=5351259 · NOT_FOUND (no_results, rows=0, evaluated=0) [2s]
  [548/5163] cnp=5351937 · NOT_FOUND (no_results, rows=0, evaluated=0) [2s]
  [549/5163] cnp=5352224 · NOT_FOUND (no_results, rows=0, evaluated=0) [2s]
  [550/5163] cnp=5352265 · NOT_FOUND (no_results, rows=0, evaluated=0) [2s]
    [checkpoint] saved · 550/5163 · rate=0.19/s · eta=411m39s
  [551/5163] cnp=5352554 · NOT_FOUND (no_results, rows=0, evaluated=0) [2s]
  [552/5163] cnp=5352620 · NOT_FOUND (no_results, rows=0, evaluated=0) [2s]
  [553/5163] cnp=5352679 · NOT_FOUND (no_results, rows=0, evaluated=0) [2s]
  [554/5163] cnp=5353107 · NOT_FOUND (no_results, rows=0, evaluated=0) [2s]
  [555/5163] cnp=5354220 · NOT_FOUND (no_results, rows=0, evaluated=0) [2s]
  [resolve cnp=5354741] candidato row=0 (Rivastigmina Mylan
											MG) falhou: click row HTTP 503
  [resolve cnp=5354741] candidato row=1 (Rivastigmina Mylan
											MG) falhou: click row HTTP 503
  [556/5163] cnp=5354741 ✓ MATCHED "Rivastigmina Mylan" (N06DA03) +5 siblings (added=6) [9s, evaluated=3]
    [session] refresh falhou (refresh HTTP 503); rota.
    [503] backoff 10000ms before retry 1/3 (cnp=5354923)
    [503] backoff 30000ms before retry 2/3 (cnp=5354923)
  [557/5163] cnp=5354923 · NOT_FOUND (no_results, rows=0, evaluated=0) [42s]
  [558/5163] cnp=5355318 · NOT_FOUND (no_results, rows=0, evaluated=0) [2s]
  [559/5163] cnp=5355433 · NOT_FOUND (no_results, rows=0, evaluated=0) [2s]
  [560/5163] cnp=5355771 · NOT_FOUND (no_results, rows=0, evaluated=0) [2s]
    [checkpoint] saved · 560/5163 · rate=0.18/s · eta=415m01s
  [561/5163] cnp=5359567 ✓ MATCHED "Momendol" (M01AE02) +1 siblings (added=2) [8s, evaluated=2]
  [562/5163] cnp=5359674 · NOT_FOUND (no_results, rows=0, evaluated=0) [2s]
  [563/5163] cnp=5359716 ✓ MATCHED "Clotrimazol Basi" (D01AC01) +1 siblings (added=2) [10s, evaluated=3]
  [564/5163] cnp=5361662 · NOT_FOUND (no_results, rows=0, evaluated=0) [2s]
  [565/5163] cnp=5361712 · NOT_FOUND (no_results, rows=0, evaluated=0) [2s]
  [566/5163] cnp=5362983 · NOT_FOUND (no_results, rows=0, evaluated=0) [2s]
  [567/5163] cnp=5366315 · NOT_FOUND (no_results, rows=0, evaluated=0) [2s]
  [568/5163] cnp=5366356 · NOT_FOUND (no_results, rows=0, evaluated=0) [2s]
  [569/5163] cnp=5366505 ✓ MATCHED "Broncho-Vaxom Adulto" (R07AX) +1 siblings (added=2) [10s, evaluated=3]
  [570/5163] cnp=5366604 · NOT_FOUND (no_results, rows=0, evaluated=0) [2s]
    [checkpoint] saved · 570/5163 · rate=0.18/s · eta=415m00s
  [571/5163] cnp=5366638 · NOT_FOUND (no_results, rows=0, evaluated=0) [2s]
  [572/5163] cnp=5366661 · NOT_FOUND (no_results, rows=0, evaluated=0) [2s]
  [573/5163] cnp=5367859 · NOT_FOUND (no_results, rows=0, evaluated=0) [2s]
  [574/5163] cnp=5367875 · NOT_FOUND (no_results, rows=0, evaluated=0) [2s]
  [575/5163] cnp=5368246 · NOT_FOUND (no_results, rows=0, evaluated=0) [2s]
  [576/5163] cnp=5368329 · NOT_FOUND (no_results, rows=0, evaluated=0) [2s]
  [577/5163] cnp=5368360 · NOT_FOUND (no_results, rows=0, evaluated=0) [2s]
  [578/5163] cnp=5369152 · NOT_FOUND (no_results, rows=0, evaluated=0) [2s]
  [579/5163] cnp=5369160 · NOT_FOUND (no_results, rows=0, evaluated=0) [2s]
  [580/5163] cnp=5369327 · NOT_FOUND (no_results, rows=0, evaluated=0) [2s]
    [checkpoint] saved · 580/5163 · rate=0.19/s · eta=411m39s
  [581/5163] cnp=5369855 · NOT_FOUND (no_results, rows=0, evaluated=0) [2s]
  [582/5163] cnp=5370028 · NOT_FOUND (no_results, rows=0, evaluated=0) [2s]
  [583/5163] cnp=5370127 · NOT_FOUND (no_results, rows=0, evaluated=0) [2s]
  [584/5163] cnp=5370135 · NOT_FOUND (no_results, rows=0, evaluated=0) [2s]
  [585/5163] cnp=5370168 · NOT_FOUND (no_results, rows=0, evaluated=0) [2s]
  [586/5163] cnp=5370176 · NOT_FOUND (no_results, rows=0, evaluated=0) [2s]
    [session] rotation após 30 searches; cooldown 30000ms
  [587/5163] cnp=5370408 · NOT_FOUND (no_results, rows=0, evaluated=0) [32s]
  [588/5163] cnp=5370523 · NOT_FOUND (no_results, rows=0, evaluated=0) [2s]
  [589/5163] cnp=5371109 · NOT_FOUND (no_results, rows=0, evaluated=0) [2s]
  [590/5163] cnp=5371257 · NOT_FOUND (no_results, rows=0, evaluated=0) [2s]
    [checkpoint] saved · 590/5163 · rate=0.18/s · eta=412m17s
  [591/5163] cnp=5371513 · NOT_FOUND (no_results, rows=0, evaluated=0) [2s]
  [592/5163] cnp=5371539 · NOT_FOUND (no_results, rows=0, evaluated=0) [2s]
  [593/5163] cnp=5371554 · NOT_FOUND (no_results, rows=0, evaluated=0) [2s]
  [594/5163] cnp=5372123 · NOT_FOUND (no_results, rows=0, evaluated=0) [2s]
  [595/5163] cnp=5372131 · NOT_FOUND (no_results, rows=0, evaluated=0) [2s]
  [596/5163] cnp=5372149 · NOT_FOUND (no_results, rows=0, evaluated=0) [2s]
  [597/5163] cnp=5372172 · NOT_FOUND (no_results, rows=0, evaluated=0) [2s]
  [598/5163] cnp=5373030 · NOT_FOUND (no_results, rows=0, evaluated=0) [2s]
  [599/5163] cnp=5373303 · NOT_FOUND (no_results, rows=0, evaluated=0) [2s]
  [600/5163] cnp=5373329 · NOT_FOUND (no_results, rows=0, evaluated=0) [2s]
    [checkpoint] saved · 600/5163 · rate=0.19/s · eta=409m04s
  [601/5163] cnp=5373477 · NOT_FOUND (no_results, rows=0, evaluated=0) [2s]
  [602/5163] cnp=5373519 · NOT_FOUND (no_results, rows=0, evaluated=0) [2s]
  [603/5163] cnp=5373535 · NOT_FOUND (no_results, rows=0, evaluated=0) [2s]
  [604/5163] cnp=5373576 ✓ MATCHED "Gabapentina Aurobindo" (N02BF01) +1 siblings (added=2) [10s, evaluated=3]
  [605/5163] cnp=5373600 · NOT_FOUND (no_results, rows=0, evaluated=0) [2s]
  [606/5163] cnp=5373642 ✓ MATCHED "Gabapentina Aurobindo" (N02BF01) +1 siblings (added=2) [10s, evaluated=3]
  [607/5163] cnp=5374061 · NOT_FOUND (no_results, rows=0, evaluated=0) [2s]
    [session] refresh falhou (refresh HTTP 503); rota.
    [503] backoff 10000ms before retry 1/3 (cnp=5374129)
    [503] backoff 30000ms before retry 2/3 (cnp=5374129)
  [608/5163] cnp=5374129 · NOT_FOUND (no_results, rows=0, evaluated=0) [42s]
  [609/5163] cnp=5374863 · NOT_FOUND (no_results, rows=0, evaluated=0) [2s]
  [610/5163] cnp=5376249 · NOT_FOUND (no_results, rows=0, evaluated=0) [2s]
    [checkpoint] saved · 610/5163 · rate=0.18/s · eta=413m06s
  [611/5163] cnp=5376264 · NOT_FOUND (no_results, rows=0, evaluated=0) [2s]
  [612/5163] cnp=5378336 · NOT_FOUND (no_results, rows=0, evaluated=0) [2s]
  [613/5163] cnp=5379938 · NOT_FOUND (no_results, rows=0, evaluated=0) [2s]
  [614/5163] cnp=5380613 · NOT_FOUND (no_results, rows=0, evaluated=0) [2s]
  [615/5163] cnp=5380621 · NOT_FOUND (no_results, rows=0, evaluated=0) [2s]
  [616/5163] cnp=5383211 · NOT_FOUND (no_results, rows=0, evaluated=0) [2s]
  [617/5163] cnp=5383328 · NOT_FOUND (no_results, rows=0, evaluated=0) [2s]
  [618/5163] cnp=5383625 · NOT_FOUND (no_results, rows=0, evaluated=0) [2s]
  [619/5163] cnp=5385364 · NOT_FOUND (no_results, rows=0, evaluated=0) [2s]
  [620/5163] cnp=5385372 · NOT_FOUND (no_results, rows=0, evaluated=0) [2s]
    [checkpoint] saved · 620/5163 · rate=0.18/s · eta=409m58s
  [621/5163] cnp=5389150 · NOT_FOUND (no_results, rows=0, evaluated=0) [2s]
  [622/5163] cnp=5389267 · NOT_FOUND (no_results, rows=0, evaluated=0) [2s]
  [623/5163] cnp=5389853 · NOT_FOUND (no_results, rows=0, evaluated=0) [2s]
  [624/5163] cnp=5389903 · NOT_FOUND (no_results, rows=0, evaluated=0) [2s]
  [625/5163] cnp=5390448 · NOT_FOUND (no_results, rows=0, evaluated=0) [2s]
  [626/5163] cnp=5390703 · NOT_FOUND (no_results, rows=0, evaluated=0) [2s]
  [627/5163] cnp=5390729 · NOT_FOUND (no_results, rows=0, evaluated=0) [2s]
  [628/5163] cnp=5390760 · NOT_FOUND (no_results, rows=0, evaluated=0) [2s]
  [629/5163] cnp=5391453 · NOT_FOUND (no_results, rows=0, evaluated=0) [2s]
  [630/5163] cnp=5392519 · NOT_FOUND (no_results, rows=0, evaluated=0) [2s]
    [checkpoint] saved · 630/5163 · rate=0.19/s · eta=406m54s
  [631/5163] cnp=5392543 · NOT_FOUND (no_results, rows=0, evaluated=0) [2s]
  [632/5163] cnp=5393129 · NOT_FOUND (no_results, rows=0, evaluated=0) [2s]
  [633/5163] cnp=5393665 · NOT_FOUND (no_results, rows=0, evaluated=0) [2s]
  [634/5163] cnp=5394242 · NOT_FOUND (no_results, rows=0, evaluated=0) [2s]
  [635/5163] cnp=5394267 · NOT_FOUND (no_results, rows=0, evaluated=0) [2s]
  [636/5163] cnp=5394275 · NOT_FOUND (no_results, rows=0, evaluated=0) [2s]
    [session] refresh falhou (refresh HTTP 503); rota.
    [503] backoff 10000ms before retry 1/3 (cnp=5394317)
  [637/5163] cnp=5394317 · NOT_FOUND (no_results, rows=0, evaluated=0) [12s]
  [638/5163] cnp=5394358 · NOT_FOUND (no_results, rows=0, evaluated=0) [2s]
  [639/5163] cnp=5394531 · NOT_FOUND (no_results, rows=0, evaluated=0) [2s]
  [640/5163] cnp=5394747 · NOT_FOUND (no_results, rows=0, evaluated=0) [2s]
    [checkpoint] saved · 640/5163 · rate=0.19/s · eta=405m04s
  [641/5163] cnp=5394770 · NOT_FOUND (no_results, rows=0, evaluated=0) [2s]
  [642/5163] cnp=5396403 · NOT_FOUND (no_results, rows=0, evaluated=0) [2s]
  [643/5163] cnp=5396916 · NOT_FOUND (no_results, rows=0, evaluated=0) [2s]
  [644/5163] cnp=5397013 · NOT_FOUND (no_results, rows=0, evaluated=0) [2s]
  [645/5163] cnp=5397153 · NOT_FOUND (no_results, rows=0, evaluated=0) [2s]
  [646/5163] cnp=5397435 ✓ MATCHED "Ben-U-Ron" (N02BE01) +1 siblings (added=2) [10s, evaluated=3]
  [647/5163] cnp=5397930 · NOT_FOUND (no_results, rows=0, evaluated=0) [2s]
  [648/5163] cnp=5397948 · NOT_FOUND (no_results, rows=0, evaluated=0) [2s]
  [649/5163] cnp=5398037 ✓ MATCHED "Pradaxa" (B01AE07) +1 siblings (added=2) [10s, evaluated=3]
  [650/5163] cnp=5398243 · NOT_FOUND (no_cnp_match, rows=9, evaluated=3) [10s]
    [checkpoint] saved · 650/5163 · rate=0.19/s · eta=405m06s
  [651/5163] cnp=5398433 · NOT_FOUND (no_results, rows=0, evaluated=0) [2s]
  [652/5163] cnp=5398557 · NOT_FOUND (no_results, rows=0, evaluated=0) [2s]
  [653/5163] cnp=5398672 · NOT_FOUND (no_results, rows=0, evaluated=0) [2s]
  [654/5163] cnp=5398813 · NOT_FOUND (no_results, rows=0, evaluated=0) [2s]
  [655/5163] cnp=5399126 · NOT_FOUND (no_results, rows=0, evaluated=0) [2s]
  [656/5163] cnp=5399183 · NOT_FOUND (no_results, rows=0, evaluated=0) [2s]
  [657/5163] cnp=5399407 · NOT_FOUND (no_results, rows=0, evaluated=0) [2s]
  [658/5163] cnp=5399464 · NOT_FOUND (no_results, rows=0, evaluated=0) [2s]
  [659/5163] cnp=5400320 · NOT_FOUND (no_results, rows=0, evaluated=0) [2s]
  [660/5163] cnp=5400346 · NOT_FOUND (no_results, rows=0, evaluated=0) [2s]
    [checkpoint] saved · 660/5163 · rate=0.19/s · eta=402m08s
  [661/5163] cnp=5401948 · NOT_FOUND (no_results, rows=0, evaluated=0) [2s]
  [662/5163] cnp=5402565 · NOT_FOUND (no_results, rows=0, evaluated=0) [2s]
  [663/5163] cnp=5403670 · NOT_FOUND (no_results, rows=0, evaluated=0) [2s]
  [664/5163] cnp=5403936 · NOT_FOUND (no_results, rows=0, evaluated=0) [2s]
  [665/5163] cnp=5404041 · NOT_FOUND (no_results, rows=0, evaluated=0) [2s]
  [666/5163] cnp=5404108 · NOT_FOUND (no_cnp_match, rows=9, evaluated=3) [10s]
    [session] rotation após 30 searches; cooldown 30000ms
  [667/5163] cnp=5404116 · NOT_FOUND (no_results, rows=0, evaluated=0) [32s]
    [session] refresh falhou (refresh HTTP 503); rota.
    [503] backoff 10000ms before retry 1/3 (cnp=5404488)
    [503] backoff 30000ms before retry 2/3 (cnp=5404488)
  [668/5163] cnp=5404488 · NOT_FOUND (no_results, rows=0, evaluated=0) [42s]
  [669/5163] cnp=5404512 · NOT_FOUND (no_results, rows=0, evaluated=0) [2s]
  [670/5163] cnp=5404520 · NOT_FOUND (no_results, rows=0, evaluated=0) [2s]
    [checkpoint] saved · 670/5163 · rate=0.18/s · eta=408m07s
  [671/5163] cnp=5404561 · NOT_FOUND (no_results, rows=0, evaluated=0) [2s]
  [672/5163] cnp=5404603 · NOT_FOUND (no_results, rows=0, evaluated=0) [2s]
  [673/5163] cnp=5404629 · NOT_FOUND (no_results, rows=0, evaluated=0) [2s]
  [674/5163] cnp=5405550 · NOT_FOUND (no_results, rows=0, evaluated=0) [2s]
  [675/5163] cnp=5405576 · NOT_FOUND (no_results, rows=0, evaluated=0) [2s]
  [676/5163] cnp=5405634 · NOT_FOUND (no_results, rows=0, evaluated=0) [2s]
  [677/5163] cnp=5406376 · NOT_FOUND (no_results, rows=0, evaluated=0) [2s]
  [678/5163] cnp=5408208 · NOT_FOUND (no_results, rows=0, evaluated=0) [2s]
  [679/5163] cnp=5408232 · NOT_FOUND (no_results, rows=0, evaluated=0) [2s]
  [680/5163] cnp=5410576 · NOT_FOUND (no_results, rows=0, evaluated=0) [2s]
    [checkpoint] saved · 680/5163 · rate=0.18/s · eta=405m09s
  [681/5163] cnp=5410600 · NOT_FOUND (no_results, rows=0, evaluated=0) [2s]
  [682/5163] cnp=5411301 · NOT_FOUND (no_results, rows=0, evaluated=0) [2s]
  [683/5163] cnp=5411319 · NOT_FOUND (no_results, rows=0, evaluated=0) [2s]
  [684/5163] cnp=5411327 · NOT_FOUND (no_results, rows=0, evaluated=0) [2s]
  [685/5163] cnp=5412478 · NOT_FOUND (no_results, rows=0, evaluated=0) [2s]
  [686/5163] cnp=5412986 · NOT_FOUND (no_results, rows=0, evaluated=0) [2s]
  [687/5163] cnp=5413059 · NOT_FOUND (no_results, rows=0, evaluated=0) [2s]
  [688/5163] cnp=5414255 · NOT_FOUND (no_results, rows=0, evaluated=0) [2s]
  [689/5163] cnp=5414271 · NOT_FOUND (no_results, rows=0, evaluated=0) [2s]
  [690/5163] cnp=5418355 · NOT_FOUND (no_results, rows=0, evaluated=0) [2s]
    [checkpoint] saved · 690/5163 · rate=0.19/s · eta=402m15s
  [691/5163] cnp=5418470 · NOT_FOUND (no_results, rows=0, evaluated=0) [3s]
  [692/5163] cnp=5418884 · NOT_FOUND (no_results, rows=0, evaluated=0) [2s]
  [693/5163] cnp=5419486 · NOT_FOUND (no_results, rows=0, evaluated=0) [2s]
  [694/5163] cnp=5419585 · NOT_FOUND (no_results, rows=0, evaluated=0) [2s]
  [695/5163] cnp=5419684 · NOT_FOUND (no_results, rows=0, evaluated=0) [2s]
  [696/5163] cnp=5421185 · NOT_FOUND (no_results, rows=0, evaluated=0) [2s]
  [697/5163] cnp=5421235 ✓ MATCHED "Ziprasidona Mylan" (N05AE04) +2 siblings (added=3) [10s, evaluated=3]
    [session] rotation após 30 searches; cooldown 30000ms
    [503] backoff 10000ms before retry 1/3 (cnp=5421268)
    [503] backoff 30000ms before retry 2/3 (cnp=5421268)
    [503] backoff 90000ms before retry 3/3 (cnp=5421268)
  [698/5163] cnp=5421268 ✓ MATCHED "Ziprasidona Mylan" (N05AE04) +2 siblings (added=3) [2m51s, evaluated=3]
  [699/5163] cnp=5421375 · NOT_FOUND (no_results, rows=0, evaluated=0) [2s]
  [700/5163] cnp=5422514 · NOT_FOUND (no_results, rows=0, evaluated=0) [2s]
    [checkpoint] saved · 700/5163 · rate=0.18/s · eta=418m28s
  [701/5163] cnp=5422522 · NOT_FOUND (no_results, rows=0, evaluated=0) [2s]
  [702/5163] cnp=5423496 ✓ MATCHED "Reumoxican" (M01AC01) +3 siblings (added=4) [11s, evaluated=3]
  [703/5163] cnp=5423702 · NOT_FOUND (no_results, rows=0, evaluated=0) [2s]
  [704/5163] cnp=5423710 · NOT_FOUND (no_results, rows=0, evaluated=0) [2s]
  [705/5163] cnp=5423876 · NOT_FOUND (no_results, rows=0, evaluated=0) [2s]
  [706/5163] cnp=5423900 · NOT_FOUND (no_results, rows=0, evaluated=0) [2s]
  [707/5163] cnp=5423918 · NOT_FOUND (no_results, rows=0, evaluated=0) [2s]
  [708/5163] cnp=5423934 · NOT_FOUND (no_results, rows=0, evaluated=0) [2s]
  [709/5163] cnp=5423983 · NOT_FOUND (no_results, rows=0, evaluated=0) [2s]
  [710/5163] cnp=5424254 · NOT_FOUND (no_results, rows=0, evaluated=0) [2s]
    [checkpoint] saved · 710/5163 · rate=0.18/s · eta=416m20s
  [711/5163] cnp=5424403 · NOT_FOUND (no_results, rows=0, evaluated=0) [2s]
  [712/5163] cnp=5427547 · NOT_FOUND (no_results, rows=0, evaluated=0) [2s]
  [713/5163] cnp=5428677 · NOT_FOUND (no_results, rows=0, evaluated=0) [2s]
  [714/5163] cnp=5428784 · NOT_FOUND (no_results, rows=0, evaluated=0) [2s]
  [715/5163] cnp=5428875 · NOT_FOUND (no_results, rows=0, evaluated=0) [2s]
  [716/5163] cnp=5428982 · NOT_FOUND (no_results, rows=0, evaluated=0) [2s]
  [717/5163] cnp=5429014 · NOT_FOUND (no_results, rows=0, evaluated=0) [2s]
  [718/5163] cnp=5431705 · NOT_FOUND (no_results, rows=0, evaluated=0) [2s]
  [719/5163] cnp=5431713 · NOT_FOUND (no_results, rows=0, evaluated=0) [2s]
  [720/5163] cnp=5431861 · NOT_FOUND (no_results, rows=0, evaluated=0) [2s]
    [checkpoint] saved · 720/5163 · rate=0.18/s · eta=413m18s
  [721/5163] cnp=5431929 · NOT_FOUND (no_results, rows=0, evaluated=0) [2s]
  [722/5163] cnp=5431952 · NOT_FOUND (no_results, rows=0, evaluated=0) [2s]
  [723/5163] cnp=5432422 · NOT_FOUND (no_results, rows=0, evaluated=0) [2s]
  [724/5163] cnp=5434527 · NOT_FOUND (no_results, rows=0, evaluated=0) [2s]
  [725/5163] cnp=5434568 · NOT_FOUND (no_results, rows=0, evaluated=0) [2s]
  [726/5163] cnp=5435276 · NOT_FOUND (no_results, rows=0, evaluated=0) [2s]
  [727/5163] cnp=5435318 · NOT_FOUND (no_results, rows=0, evaluated=0) [2s]
    [session] rotation após 30 searches; cooldown 30000ms
  [728/5163] cnp=5435342 · NOT_FOUND (no_results, rows=0, evaluated=0) [32s]
  [729/5163] cnp=5435367 · NOT_FOUND (no_results, rows=0, evaluated=0) [2s]
  [730/5163] cnp=5435474 · NOT_FOUND (no_results, rows=0, evaluated=0) [2s]
    [checkpoint] saved · 730/5163 · rate=0.18/s · eta=413m25s
  [731/5163] cnp=5436217 · NOT_FOUND (no_results, rows=0, evaluated=0) [2s]
  [732/5163] cnp=5436506 · NOT_FOUND (no_results, rows=0, evaluated=0) [2s]
  [733/5163] cnp=5437355 · NOT_FOUND (no_results, rows=0, evaluated=0) [2s]
  [734/5163] cnp=5437488 · NOT_FOUND (no_results, rows=0, evaluated=0) [2s]
    [503] backoff 10000ms before retry 1/3 (cnp=5438049)
  [735/5163] cnp=5438049 · NOT_FOUND (no_results, rows=0, evaluated=0) [14s]
  [736/5163] cnp=5438072 · NOT_FOUND (no_results, rows=0, evaluated=0) [2s]
  [737/5163] cnp=5438460 · NOT_FOUND (no_results, rows=0, evaluated=0) [2s]
  [738/5163] cnp=5438544 · NOT_FOUND (no_results, rows=0, evaluated=0) [2s]
  [739/5163] cnp=5439765 · NOT_FOUND (no_results, rows=0, evaluated=0) [2s]
  [740/5163] cnp=5439773 · NOT_FOUND (no_results, rows=0, evaluated=0) [2s]
    [checkpoint] saved · 740/5163 · rate=0.18/s · eta=411m49s
  [741/5163] cnp=5440284 · NOT_FOUND (no_results, rows=0, evaluated=0) [2s]
  [742/5163] cnp=5440482 · NOT_FOUND (no_results, rows=0, evaluated=0) [2s]
  [743/5163] cnp=5440656 · NOT_FOUND (no_results, rows=0, evaluated=0) [2s]
  [744/5163] cnp=5440664 · NOT_FOUND (no_results, rows=0, evaluated=0) [2s]
  [745/5163] cnp=5440987 ✓ MATCHED "Ben-U-Ron" (N02BE01) +9 siblings (added=10) [11s, evaluated=3]
  [746/5163] cnp=5441134 · NOT_FOUND (no_results, rows=0, evaluated=0) [2s]
  [747/5163] cnp=5441654 · NOT_FOUND (no_results, rows=0, evaluated=0) [2s]
  [748/5163] cnp=5443205 · NOT_FOUND (no_results, rows=0, evaluated=0) [2s]
  [749/5163] cnp=5443270 · NOT_FOUND (no_results, rows=0, evaluated=0) [2s]
  [750/5163] cnp=5443379 · NOT_FOUND (no_results, rows=0, evaluated=0) [2s]
    [checkpoint] saved · 750/5163 · rate=0.18/s · eta=409m55s
  [751/5163] cnp=5443411 · NOT_FOUND (no_results, rows=0, evaluated=0) [2s]
  [752/5163] cnp=5443544 · NOT_FOUND (no_results, rows=0, evaluated=0) [2s]
  [753/5163] cnp=5443668 · NOT_FOUND (no_results, rows=0, evaluated=0) [2s]
  [754/5163] cnp=5444351 · NOT_FOUND (no_results, rows=0, evaluated=0) [2s]
  [755/5163] cnp=5444377 · NOT_FOUND (no_results, rows=0, evaluated=0) [2s]
  [756/5163] cnp=5444831 · NOT_FOUND (no_results, rows=0, evaluated=0) [2s]
  [757/5163] cnp=5445572 · NOT_FOUND (no_results, rows=0, evaluated=0) [2s]
    [503] backoff 10000ms before retry 1/3 (cnp=5445713)
  [758/5163] cnp=5445713 · NOT_FOUND (no_results, rows=0, evaluated=0) [28s]
  [759/5163] cnp=5447420 · NOT_FOUND (no_results, rows=0, evaluated=0) [2s]
  [760/5163] cnp=5447479 · NOT_FOUND (no_results, rows=0, evaluated=0) [2s]
    [checkpoint] saved · 760/5163 · rate=0.18/s · eta=409m45s
    [503] backoff 10000ms before retry 1/3 (cnp=5447552)
    [503] backoff 30000ms before retry 2/3 (cnp=5447552)
  [761/5163] cnp=5447552 · NOT_FOUND (no_results, rows=0, evaluated=0) [44s]
  [762/5163] cnp=5447610 · NOT_FOUND (no_results, rows=0, evaluated=0) [2s]
  [763/5163] cnp=5447669 · NOT_FOUND (no_results, rows=0, evaluated=0) [2s]
  [764/5163] cnp=5447735 · NOT_FOUND (no_results, rows=0, evaluated=0) [2s]
  [765/5163] cnp=5448832 · NOT_FOUND (no_results, rows=0, evaluated=0) [2s]
  [766/5163] cnp=5448865 · NOT_FOUND (no_results, rows=0, evaluated=0) [2s]
  [767/5163] cnp=5448915 · NOT_FOUND (no_results, rows=0, evaluated=0) [2s]
  [768/5163] cnp=5448949 · NOT_FOUND (no_results, rows=0, evaluated=0) [2s]
  [769/5163] cnp=5448972 · NOT_FOUND (no_results, rows=0, evaluated=0) [2s]
  [770/5163] cnp=5448980 · NOT_FOUND (no_results, rows=0, evaluated=0) [2s]
    [checkpoint] saved · 770/5163 · rate=0.18/s · eta=410m55s
  [771/5163] cnp=5449020 · NOT_FOUND (no_results, rows=0, evaluated=0) [2s]
  [772/5163] cnp=5449103 · NOT_FOUND (no_results, rows=0, evaluated=0) [2s]
  [773/5163] cnp=5449137 ✓ MATCHED "Etofenamato Farmoz" (M02AA06) +0 siblings (added=1) [8s, evaluated=2]
  [774/5163] cnp=5449590 · NOT_FOUND (no_results, rows=0, evaluated=0) [2s]
  [775/5163] cnp=5449897 · NOT_FOUND (no_results, rows=0, evaluated=0) [2s]
  [776/5163] cnp=5450093 · NOT_FOUND (no_results, rows=0, evaluated=0) [2s]
  [777/5163] cnp=5450424 · NOT_FOUND (no_results, rows=0, evaluated=0) [2s]
    [session] refresh falhou (refresh HTTP 503); rota.
    [503] backoff 10000ms before retry 1/3 (cnp=5450432)
    [503] backoff 30000ms before retry 2/3 (cnp=5450432)
  [778/5163] cnp=5450432 · NOT_FOUND (no_results, rows=0, evaluated=0) [42s]
  [779/5163] cnp=5450655 · NOT_FOUND (no_results, rows=0, evaluated=0) [2s]
  [780/5163] cnp=5450838 · NOT_FOUND (no_results, rows=0, evaluated=0) [2s]
    [checkpoint] saved · 780/5163 · rate=0.18/s · eta=412m29s
  [781/5163] cnp=5450853 · NOT_FOUND (no_results, rows=0, evaluated=0) [2s]
  [782/5163] cnp=5450861 · NOT_FOUND (no_results, rows=0, evaluated=0) [2s]
  [783/5163] cnp=5451125 · NOT_FOUND (no_results, rows=0, evaluated=0) [2s]
  [784/5163] cnp=5451141 · NOT_FOUND (no_results, rows=0, evaluated=0) [2s]
  [785/5163] cnp=5452438 · NOT_FOUND (no_results, rows=0, evaluated=0) [2s]
  [786/5163] cnp=5452503 · NOT_FOUND (no_results, rows=0, evaluated=0) [2s]
  [787/5163] cnp=5453097 · NOT_FOUND (no_results, rows=0, evaluated=0) [2s]
  [788/5163] cnp=5453196 · NOT_FOUND (no_results, rows=0, evaluated=0) [2s]
  [789/5163] cnp=5453253 · NOT_FOUND (no_results, rows=0, evaluated=0) [2s]
  [790/5163] cnp=5454897 ✓ MATCHED "Dolocalma" (N02BB) +3 siblings (added=4) [8s, evaluated=2]
    [checkpoint] saved · 790/5163 · rate=0.18/s · eta=410m14s
  [791/5163] cnp=5456025 · NOT_FOUND (no_results, rows=0, evaluated=0) [2s]
  [792/5163] cnp=5456033 · NOT_FOUND (no_results, rows=0, evaluated=0) [2s]
  [793/5163] cnp=5456199 · NOT_FOUND (no_results, rows=0, evaluated=0) [2s]
  [794/5163] cnp=5459011 · NOT_FOUND (no_results, rows=0, evaluated=0) [2s]
  [795/5163] cnp=5459037 · NOT_FOUND (no_results, rows=0, evaluated=0) [2s]
  [796/5163] cnp=5460662 · NOT_FOUND (no_results, rows=0, evaluated=0) [2s]
  [797/5163] cnp=5462007 ✓ MATCHED "Rivastigmina Sandoz" (N06DA03) +1 siblings (added=2) [10s, evaluated=3]
  [798/5163] cnp=5462049 ✓ MATCHED "Rivastigmina Sandoz" (N06DA03) +1 siblings (added=2) [11s, evaluated=3]
  [799/5163] cnp=5462908 · NOT_FOUND (no_results, rows=0, evaluated=0) [2s]
  [800/5163] cnp=5462916 · NOT_FOUND (no_results, rows=0, evaluated=0) [2s]
    [checkpoint] saved · 800/5163 · rate=0.18/s · eta=409m03s
  [801/5163] cnp=5462924 · NOT_FOUND (no_results, rows=0, evaluated=0) [2s]
  [802/5163] cnp=5462940 · NOT_FOUND (no_results, rows=0, evaluated=0) [2s]
  [803/5163] cnp=5465265 · NOT_FOUND (no_results, rows=0, evaluated=0) [2s]
  [804/5163] cnp=5465505 · NOT_FOUND (no_results, rows=0, evaluated=0) [2s]
  [805/5163] cnp=5466024 · NOT_FOUND (no_results, rows=0, evaluated=0) [2s]
  [806/5163] cnp=5466032 · NOT_FOUND (no_results, rows=0, evaluated=0) [2s]
  [807/5163] cnp=5466271 · NOT_FOUND (no_results, rows=0, evaluated=0) [2s]
    [session] rotation após 30 searches; cooldown 30000ms
  [808/5163] cnp=5466305 · NOT_FOUND (no_results, rows=0, evaluated=0) [32s]
  [809/5163] cnp=5466800 · NOT_FOUND (no_results, rows=0, evaluated=0) [2s]
  [810/5163] cnp=5466941 · NOT_FOUND (no_results, rows=0, evaluated=0) [2s]
    [checkpoint] saved · 810/5163 · rate=0.18/s · eta=408m59s
  [811/5163] cnp=5467246 · NOT_FOUND (no_results, rows=0, evaluated=0) [2s]
  [812/5163] cnp=5467634 · NOT_FOUND (no_results, rows=0, evaluated=0) [2s]
  [813/5163] cnp=5468103 · NOT_FOUND (no_results, rows=0, evaluated=0) [2s]
  [814/5163] cnp=5468129 · NOT_FOUND (no_results, rows=0, evaluated=0) [2s]
  [815/5163] cnp=5468137 · NOT_FOUND (no_results, rows=0, evaluated=0) [2s]
  [816/5163] cnp=5468145 · NOT_FOUND (no_results, rows=0, evaluated=0) [2s]
  [817/5163] cnp=5468160 · NOT_FOUND (no_results, rows=0, evaluated=0) [2s]
  [818/5163] cnp=5468202 · NOT_FOUND (no_results, rows=0, evaluated=0) [2s]
  [819/5163] cnp=5468210 · NOT_FOUND (no_results, rows=0, evaluated=0) [2s]
  [820/5163] cnp=5468228 · NOT_FOUND (no_results, rows=0, evaluated=0) [2s]
    [checkpoint] saved · 820/5163 · rate=0.18/s · eta=406m14s
  [821/5163] cnp=5468236 · NOT_FOUND (no_results, rows=0, evaluated=0) [2s]
  [822/5163] cnp=5468244 · NOT_FOUND (no_results, rows=0, evaluated=0) [2s]
  [823/5163] cnp=5468319 · NOT_FOUND (no_results, rows=0, evaluated=0) [2s]
  [824/5163] cnp=5468376 · NOT_FOUND (no_results, rows=0, evaluated=0) [2s]
  [825/5163] cnp=5469234 · NOT_FOUND (no_results, rows=0, evaluated=0) [2s]
  [826/5163] cnp=5469242 · NOT_FOUND (no_results, rows=0, evaluated=0) [2s]
  [827/5163] cnp=5469689 · NOT_FOUND (no_results, rows=0, evaluated=0) [2s]
  [828/5163] cnp=5469895 · NOT_FOUND (no_results, rows=0, evaluated=0) [2s]
  [829/5163] cnp=5470083 ✓ MATCHED "Lexotan" (N05BA08) +4 siblings (added=5) [11s, evaluated=3]
  [830/5163] cnp=5470133 · NOT_FOUND (no_results, rows=0, evaluated=0) [2s]
    [checkpoint] saved · 830/5163 · rate=0.18/s · eta=404m30s
  [831/5163] cnp=5470182 ✓ MATCHED "Lexotan" (N05BA08) +4 siblings (added=5) [10s, evaluated=3]
  [832/5163] cnp=5470281 ✓ MATCHED "Lexotan" (N05BA08) +4 siblings (added=5) [11s, evaluated=3]
  [833/5163] cnp=5470505 · NOT_FOUND (no_results, rows=0, evaluated=0) [2s]
  [834/5163] cnp=5470604 · NOT_FOUND (no_results, rows=0, evaluated=0) [2s]
  [835/5163] cnp=5470729 · NOT_FOUND (no_results, rows=0, evaluated=0) [2s]
  [836/5163] cnp=5470802 · NOT_FOUND (no_results, rows=0, evaluated=0) [2s]
  [837/5163] cnp=5470836 · NOT_FOUND (no_results, rows=0, evaluated=0) [2s]
    [session] rotation após 30 searches; cooldown 30000ms
  [838/5163] cnp=5470844 · NOT_FOUND (no_results, rows=0, evaluated=0) [32s]
  [839/5163] cnp=5472949 · NOT_FOUND (no_results, rows=0, evaluated=0) [2s]
  [840/5163] cnp=5473731 · NOT_FOUND (no_results, rows=0, evaluated=0) [2s]
    [checkpoint] saved · 840/5163 · rate=0.18/s · eta=405m56s
  [841/5163] cnp=5473772 · NOT_FOUND (no_results, rows=0, evaluated=0) [2s]
  [842/5163] cnp=5473814 · NOT_FOUND (no_results, rows=0, evaluated=0) [2s]
  [843/5163] cnp=5473939 · NOT_FOUND (no_results, rows=0, evaluated=0) [2s]
  [844/5163] cnp=5473947 · NOT_FOUND (no_results, rows=0, evaluated=0) [2s]
  [845/5163] cnp=5474051 · NOT_FOUND (no_results, rows=0, evaluated=0) [2s]
  [846/5163] cnp=5474077 · NOT_FOUND (no_results, rows=0, evaluated=0) [2s]
  [847/5163] cnp=5474218 ✓ MATCHED "Beacita" (A08AB01) +2 siblings (added=3) [9s, evaluated=2]
  [848/5163] cnp=5474481 · NOT_FOUND (no_results, rows=0, evaluated=0) [2s]
  [849/5163] cnp=5474622 · NOT_FOUND (no_results, rows=0, evaluated=0) [2s]
  [850/5163] cnp=5474739 · NOT_FOUND (no_results, rows=0, evaluated=0) [2s]
    [checkpoint] saved · 850/5163 · rate=0.18/s · eta=403m56s
  [851/5163] cnp=5474853 · NOT_FOUND (no_results, rows=0, evaluated=0) [2s]
  [852/5163] cnp=5474879 · NOT_FOUND (no_results, rows=0, evaluated=0) [2s]
  [853/5163] cnp=5474929 · NOT_FOUND (no_results, rows=0, evaluated=0) [2s]
  [854/5163] cnp=5474937 · NOT_FOUND (no_results, rows=0, evaluated=0) [2s]
  [855/5163] cnp=5474994 · NOT_FOUND (no_results, rows=0, evaluated=0) [2s]
  [856/5163] cnp=5475009 · NOT_FOUND (no_results, rows=0, evaluated=0) [2s]
  [857/5163] cnp=5475033 · NOT_FOUND (no_results, rows=0, evaluated=0) [2s]
  [858/5163] cnp=5475090 · NOT_FOUND (no_results, rows=0, evaluated=0) [2s]
  [859/5163] cnp=5475397 · NOT_FOUND (no_results, rows=0, evaluated=0) [2s]
  [860/5163] cnp=5475819 · NOT_FOUND (no_results, rows=0, evaluated=0) [2s]
    [checkpoint] saved · 860/5163 · rate=0.18/s · eta=401m16s
  [861/5163] cnp=5476007 · NOT_FOUND (no_results, rows=0, evaluated=0) [2s]
  [862/5163] cnp=5476064 · NOT_FOUND (no_results, rows=0, evaluated=0) [2s]
  [863/5163] cnp=5476148 · NOT_FOUND (no_results, rows=0, evaluated=0) [2s]
  [864/5163] cnp=5476197 · NOT_FOUND (no_cnp_match, rows=2, evaluated=2) [8s]
  [865/5163] cnp=5476502 · NOT_FOUND (no_results, rows=0, evaluated=0) [2s]
  [866/5163] cnp=5476510 · NOT_FOUND (no_results, rows=0, evaluated=0) [2s]
  [867/5163] cnp=5476528 · NOT_FOUND (no_results, rows=0, evaluated=0) [2s]
    [session] rotation após 30 searches; cooldown 30000ms
  [868/5163] cnp=5476858 ✓ MATCHED "Clotrimazol Farmoz" (D01AC01) +1 siblings (added=2) [38s, evaluated=2]
  [869/5163] cnp=5477963 · NOT_FOUND (no_results, rows=0, evaluated=0) [2s]
  [870/5163] cnp=5478003 · NOT_FOUND (no_results, rows=0, evaluated=0) [2s]
    [checkpoint] saved · 870/5163 · rate=0.18/s · eta=402m15s
  [871/5163] cnp=5478037 · NOT_FOUND (no_results, rows=0, evaluated=0) [2s]
  [872/5163] cnp=5478045 · NOT_FOUND (no_results, rows=0, evaluated=0) [2s]
  [873/5163] cnp=5478052 · NOT_FOUND (no_results, rows=0, evaluated=0) [2s]
  [874/5163] cnp=5478169 · NOT_FOUND (no_results, rows=0, evaluated=0) [2s]
  [875/5163] cnp=5478763 · NOT_FOUND (no_results, rows=0, evaluated=0) [2s]
  [876/5163] cnp=5478797 · NOT_FOUND (no_results, rows=0, evaluated=0) [2s]
  [resolve cnp=5479357] candidato row=1 (Clotrimazol Farmoz) falhou: detail HTTP 503
  [877/5163] cnp=5479357 · NOT_FOUND (no_cnp_match, rows=2, evaluated=2) [22s]
    [session] refresh falhou (refresh HTTP 503); rota.
    [503] backoff 10000ms before retry 1/3 (cnp=5480066)
  [878/5163] cnp=5480066 · NOT_FOUND (no_results, rows=0, evaluated=0) [12s]
  [879/5163] cnp=5480165 · NOT_FOUND (no_results, rows=0, evaluated=0) [2s]
  [880/5163] cnp=5480405 · NOT_FOUND (no_results, rows=0, evaluated=0) [2s]
    [checkpoint] saved · 880/5163 · rate=0.18/s · eta=402m11s
  [881/5163] cnp=5481361 ✓ MATCHED "Tantum Verde" (A01AD02) +1 siblings (added=2) [10s, evaluated=3]
  [882/5163] cnp=5483359 ✓ MATCHED "Yodafar" (H03CA) +0 siblings (added=1) [8s, evaluated=2]
  [883/5163] cnp=5483367 · NOT_FOUND (no_results, rows=0, evaluated=0) [2s]
  [884/5163] cnp=5487228 · NOT_FOUND (no_results, rows=0, evaluated=0) [2s]
  [885/5163] cnp=5487418 · NOT_FOUND (no_results, rows=0, evaluated=0) [2s]
  [886/5163] cnp=5487434 · NOT_FOUND (no_results, rows=0, evaluated=0) [2s]
  [887/5163] cnp=5487673 · NOT_FOUND (no_results, rows=0, evaluated=0) [2s]
  [888/5163] cnp=5488226 · NOT_FOUND (no_results, rows=0, evaluated=0) [2s]
  [889/5163] cnp=5488234 · NOT_FOUND (no_results, rows=0, evaluated=0) [2s]
  [890/5163] cnp=5488242 · NOT_FOUND (no_results, rows=0, evaluated=0) [2s]
    [checkpoint] saved · 890/5163 · rate=0.18/s · eta=400m50s
  [891/5163] cnp=5488325 · NOT_FOUND (no_results, rows=0, evaluated=0) [2s]
  [892/5163] cnp=5490156 · NOT_FOUND (no_results, rows=0, evaluated=0) [2s]
  [893/5163] cnp=5490206 · NOT_FOUND (no_results, rows=0, evaluated=0) [2s]
  [894/5163] cnp=5490255 · NOT_FOUND (no_results, rows=0, evaluated=0) [2s]
  [895/5163] cnp=5490479 · NOT_FOUND (no_results, rows=0, evaluated=0) [2s]
  [896/5163] cnp=5490578 · NOT_FOUND (no_results, rows=0, evaluated=0) [2s]
  [897/5163] cnp=5490834 · NOT_FOUND (no_results, rows=0, evaluated=0) [2s]
  [898/5163] cnp=5490859 · NOT_FOUND (no_results, rows=0, evaluated=0) [2s]
  [899/5163] cnp=5492269 · NOT_FOUND (no_results, rows=0, evaluated=0) [2s]
  [900/5163] cnp=5492442 · NOT_FOUND (no_results, rows=0, evaluated=0) [2s]
    [checkpoint] saved · 900/5163 · rate=0.18/s · eta=398m16s
  [901/5163] cnp=5492467 · NOT_FOUND (no_results, rows=0, evaluated=0) [2s]
  [902/5163] cnp=5492665 · NOT_FOUND (no_results, rows=0, evaluated=0) [2s]
  [903/5163] cnp=5492673 · NOT_FOUND (no_results, rows=0, evaluated=0) [2s]
  [904/5163] cnp=5493135 · NOT_FOUND (no_results, rows=0, evaluated=0) [2s]
  [905/5163] cnp=5493143 · NOT_FOUND (no_results, rows=0, evaluated=0) [2s]
  [906/5163] cnp=5495205 · NOT_FOUND (no_results, rows=0, evaluated=0) [2s]
  [907/5163] cnp=5496567 · NOT_FOUND (no_results, rows=0, evaluated=0) [2s]
    [session] rotation após 30 searches; cooldown 30000ms
  [908/5163] cnp=5496609 · NOT_FOUND (no_results, rows=0, evaluated=0) [32s]
  [909/5163] cnp=5496625 · NOT_FOUND (no_results, rows=0, evaluated=0) [2s]
  [910/5163] cnp=5502588 · NOT_FOUND (no_results, rows=0, evaluated=0) [2s]
    [checkpoint] saved · 910/5163 · rate=0.18/s · eta=398m05s
  [911/5163] cnp=5503487 · NOT_FOUND (no_results, rows=0, evaluated=0) [2s]
  [912/5163] cnp=5503586 · NOT_FOUND (no_results, rows=0, evaluated=0) [2s]
  [913/5163] cnp=5515481 · NOT_FOUND (no_results, rows=0, evaluated=0) [2s]
  [914/5163] cnp=5516091 · NOT_FOUND (no_results, rows=0, evaluated=0) [2s]
  [915/5163] cnp=5516190 · NOT_FOUND (no_results, rows=0, evaluated=0) [2s]
  [916/5163] cnp=5516786 · NOT_FOUND (no_results, rows=0, evaluated=0) [2s]
  [917/5163] cnp=5516984 · NOT_FOUND (no_results, rows=0, evaluated=0) [2s]
  [918/5163] cnp=5519186 · NOT_FOUND (no_results, rows=0, evaluated=0) [2s]
  [919/5163] cnp=5538889 · NOT_FOUND (no_results, rows=0, evaluated=0) [2s]
  [920/5163] cnp=5540984 ✓ MATCHED "Zonegran" (N03AX15) +1 siblings (added=2) [10s, evaluated=3]
    [checkpoint] saved · 920/5163 · rate=0.18/s · eta=396m15s
  [921/5163] cnp=5546684 · NOT_FOUND (no_results, rows=0, evaluated=0) [2s]
  [922/5163] cnp=5546783 · NOT_FOUND (no_results, rows=0, evaluated=0) [2s]
  [923/5163] cnp=5550058 · NOT_FOUND (no_results, rows=0, evaluated=0) [2s]
  [924/5163] cnp=5550124 · NOT_FOUND (no_results, rows=0, evaluated=0) [2s]
  [925/5163] cnp=5550389 · NOT_FOUND (no_results, rows=0, evaluated=0) [2s]
  [926/5163] cnp=5550413 · NOT_FOUND (no_results, rows=0, evaluated=0) [2s]
  [927/5163] cnp=5550447 · NOT_FOUND (no_results, rows=0, evaluated=0) [2s]
  [928/5163] cnp=5550488 · NOT_FOUND (no_results, rows=0, evaluated=0) [2s]
  [929/5163] cnp=5550587 · NOT_FOUND (no_results, rows=0, evaluated=0) [2s]
  [930/5163] cnp=5550884 · NOT_FOUND (no_results, rows=0, evaluated=0) [2s]
    [checkpoint] saved · 930/5163 · rate=0.18/s · eta=393m48s
  [931/5163] cnp=5550983 · NOT_FOUND (no_results, rows=0, evaluated=0) [2s]
  [932/5163] cnp=5551080 · NOT_FOUND (no_results, rows=0, evaluated=0) [2s]
  [933/5163] cnp=5551189 · NOT_FOUND (no_results, rows=0, evaluated=0) [2s]
  [934/5163] cnp=5551288 · NOT_FOUND (no_results, rows=0, evaluated=0) [2s]
  [935/5163] cnp=5551338 · NOT_FOUND (no_results, rows=0, evaluated=0) [2s]
  [936/5163] cnp=5551387 · NOT_FOUND (no_results, rows=0, evaluated=0) [2s]
  [937/5163] cnp=5551486 · NOT_FOUND (no_results, rows=0, evaluated=0) [2s]
    [session] rotation após 30 searches; cooldown 30000ms
  [938/5163] cnp=5551577 · NOT_FOUND (no_results, rows=0, evaluated=0) [32s]
  [939/5163] cnp=5551585 · NOT_FOUND (no_results, rows=0, evaluated=0) [2s]
  [940/5163] cnp=5551619 · NOT_FOUND (no_results, rows=0, evaluated=0) [2s]
    [checkpoint] saved · 940/5163 · rate=0.18/s · eta=393m38s
    [session] refresh falhou (refresh HTTP 503); rota.
    [503] backoff 10000ms before retry 1/3 (cnp=5551627)
    [503] backoff 30000ms before retry 2/3 (cnp=5551627)
  [941/5163] cnp=5551627 · NOT_FOUND (no_results, rows=0, evaluated=0) [42s]
  [942/5163] cnp=5551684 · NOT_FOUND (no_results, rows=0, evaluated=0) [2s]
  [943/5163] cnp=5551734 · NOT_FOUND (no_results, rows=0, evaluated=0) [2s]
  [944/5163] cnp=5551957 · NOT_FOUND (no_results, rows=0, evaluated=0) [2s]
  [945/5163] cnp=5552047 · NOT_FOUND (no_results, rows=0, evaluated=0) [2s]
  [946/5163] cnp=5552153 · NOT_FOUND (no_results, rows=0, evaluated=0) [2s]
  [947/5163] cnp=5552237 · NOT_FOUND (no_results, rows=0, evaluated=0) [2s]
  [948/5163] cnp=5552344 · NOT_FOUND (no_results, rows=0, evaluated=0) [2s]
  [949/5163] cnp=5552724 · NOT_FOUND (no_results, rows=0, evaluated=0) [2s]
  [950/5163] cnp=5553102 · NOT_FOUND (no_results, rows=0, evaluated=0) [2s]
    [checkpoint] saved · 950/5163 · rate=0.18/s · eta=394m12s
  [951/5163] cnp=5553326 · NOT_FOUND (no_results, rows=0, evaluated=0) [2s]
  [952/5163] cnp=5553433 · NOT_FOUND (no_results, rows=0, evaluated=0) [2s]
  [953/5163] cnp=5553656 · NOT_FOUND (no_results, rows=0, evaluated=0) [2s]
  [954/5163] cnp=5553862 · NOT_FOUND (no_results, rows=0, evaluated=0) [2s]
  [955/5163] cnp=5553870 · NOT_FOUND (no_results, rows=0, evaluated=0) [2s]
    [503] backoff 10000ms before retry 1/3 (cnp=5554472)
    [503] backoff 30000ms before retry 2/3 (cnp=5554472)
    [503] backoff 90000ms before retry 3/3 (cnp=5554472)
  [956/5163] cnp=5554472 · NOT_FOUND (no_results, rows=0, evaluated=0) [2m14s]
  [957/5163] cnp=5554522 · NOT_FOUND (no_results, rows=0, evaluated=0) [2s]
  [958/5163] cnp=5555016 · NOT_FOUND (no_results, rows=0, evaluated=0) [2s]
  [959/5163] cnp=5555321 · NOT_FOUND (no_results, rows=0, evaluated=0) [2s]
  [960/5163] cnp=5555339 · NOT_FOUND (no_results, rows=0, evaluated=0) [2s]
    [checkpoint] saved · 960/5163 · rate=0.17/s · eta=401m26s
  [961/5163] cnp=5555347 · NOT_FOUND (no_results, rows=0, evaluated=0) [2s]
  [962/5163] cnp=5555404 · NOT_FOUND (no_results, rows=0, evaluated=0) [2s]
  [963/5163] cnp=5555503 · NOT_FOUND (no_results, rows=0, evaluated=0) [2s]
  [964/5163] cnp=5555552 · NOT_FOUND (no_results, rows=0, evaluated=0) [2s]
  [965/5163] cnp=5555917 · NOT_FOUND (no_results, rows=0, evaluated=0) [2s]
  [966/5163] cnp=5556048 · NOT_FOUND (no_results, rows=0, evaluated=0) [2s]
  [967/5163] cnp=5557509 · NOT_FOUND (no_results, rows=0, evaluated=0) [2s]
  [968/5163] cnp=5557517 · NOT_FOUND (no_results, rows=0, evaluated=0) [2s]
  [969/5163] cnp=5557533 · NOT_FOUND (no_results, rows=0, evaluated=0) [2s]
  [970/5163] cnp=5557632 · NOT_FOUND (no_results, rows=0, evaluated=0) [2s]
    [checkpoint] saved · 970/5163 · rate=0.18/s · eta=398m56s
  [971/5163] cnp=5557665 · NOT_FOUND (no_results, rows=0, evaluated=0) [2s]
  [972/5163] cnp=5558440 · NOT_FOUND (no_results, rows=0, evaluated=0) [2s]
  [resolve cnp=5558473] candidato row=1 (Rivastigmina Aurobindo
											MG) falhou: detail HTTP 503
  [resolve cnp=5558473] candidato row=2 (Rivastigmina Aurobindo
											MG) falhou: click row HTTP 503
  [973/5163] cnp=5558473 ✓ MATCHED "Rivastigmina Aurobindo" (N06DA03) +1 siblings (added=2) [10s, evaluated=3]
    [session] refresh falhou (refresh HTTP 503); rota.
    [503] backoff 10000ms before retry 1/3 (cnp=5558549)
    [503] backoff 30000ms before retry 2/3 (cnp=5558549)
  [974/5163] cnp=5558549 ✓ MATCHED "Rivastigmina Aurobindo" (N06DA03) +1 siblings (added=2) [51s, evaluated=3]
  [975/5163] cnp=5558630 ✓ MATCHED "Rivastigmina Aurobindo" (N06DA03) +1 siblings (added=2) [11s, evaluated=3]
  [976/5163] cnp=5558705 ✓ MATCHED "Rivastigmina Aurobindo" (N06DA03) +1 siblings (added=2) [11s, evaluated=3]
  [977/5163] cnp=5558713 ✓ MATCHED "Rivastigmina Aurobindo" (N06DA03) +1 siblings (added=0) [10s, evaluated=3]
  [978/5163] cnp=5558721 · NOT_FOUND (no_results, rows=0, evaluated=0) [2s]
  [979/5163] cnp=5563382 · NOT_FOUND (no_results, rows=0, evaluated=0) [2s]
  [980/5163] cnp=5563770 · NOT_FOUND (no_results, rows=0, evaluated=0) [2s]
    [checkpoint] saved · 980/5163 · rate=0.17/s · eta=402m28s
  [981/5163] cnp=5563812 · NOT_FOUND (no_results, rows=0, evaluated=0) [2s]
  [982/5163] cnp=5563879 · NOT_FOUND (no_results, rows=0, evaluated=0) [2s]
  [983/5163] cnp=5563952 · NOT_FOUND (no_results, rows=0, evaluated=0) [2s]
  [984/5163] cnp=5563978 · NOT_FOUND (no_results, rows=0, evaluated=0) [2s]
  [985/5163] cnp=5564141 · NOT_FOUND (no_results, rows=0, evaluated=0) [2s]
  [986/5163] cnp=5564224 · NOT_FOUND (no_results, rows=0, evaluated=0) [2s]
  [987/5163] cnp=5564273 · NOT_FOUND (no_results, rows=0, evaluated=0) [2s]
  [988/5163] cnp=5564828 · NOT_FOUND (no_cnp_match, rows=4, evaluated=3) [10s]
  [989/5163] cnp=5565007 ✓ MATCHED "Lisonorm" (C09BB03) +8 siblings (added=9) [8s, evaluated=2]
  [990/5163] cnp=5565023 ✓ MATCHED "Saval" (C09BB03) +8 siblings (added=9) [8s, evaluated=2]
    [checkpoint] saved · 990/5163 · rate=0.17/s · eta=401m31s
  [991/5163] cnp=5565163 · NOT_FOUND (no_results, rows=0, evaluated=0) [2s]
  [992/5163] cnp=5565171 · NOT_FOUND (no_results, rows=0, evaluated=0) [2s]
  [993/5163] cnp=5565858 · NOT_FOUND (no_results, rows=0, evaluated=0) [2s]
  [994/5163] cnp=5565866 · NOT_FOUND (no_results, rows=0, evaluated=0) [2s]
  [995/5163] cnp=5566047 · NOT_FOUND (no_results, rows=0, evaluated=0) [2s]
  [996/5163] cnp=5566070 · NOT_FOUND (no_results, rows=0, evaluated=0) [2s]
  [997/5163] cnp=5566104 · NOT_FOUND (no_results, rows=0, evaluated=0) [2s]
  [998/5163] cnp=5566112 · NOT_FOUND (no_results, rows=0, evaluated=0) [2s]
  [999/5163] cnp=5566401 · NOT_FOUND (no_results, rows=0, evaluated=0) [2s]
  [1000/5163] cnp=5566617 · NOT_FOUND (no_results, rows=0, evaluated=0) [2s]
    [checkpoint] saved · 1000/5163 · rate=0.17/s · eta=399m02s
  [1001/5163] cnp=5566781 ✓ MATCHED "Fosavance" (M05BB03) +3 siblings (added=4) [8s, evaluated=2]
  [1002/5163] cnp=5568662 · NOT_FOUND (no_results, rows=0, evaluated=0) [2s]
  [1003/5163] cnp=5569181 · NOT_FOUND (no_results, rows=0, evaluated=0) [2s]
    [session] rotation após 30 searches; cooldown 30000ms
  [1004/5163] cnp=5569280 · NOT_FOUND (no_results, rows=0, evaluated=0) [32s]
  [1005/5163] cnp=5569488 · NOT_FOUND (no_results, rows=0, evaluated=0) [2s]
  [1006/5163] cnp=5569728 · NOT_FOUND (no_results, rows=0, evaluated=0) [2s]
  [1007/5163] cnp=5570841 · NOT_FOUND (no_results, rows=0, evaluated=0) [2s]
  [1008/5163] cnp=5571203 ✓ MATCHED "Epiduo" (D10A) +3 siblings (added=4) [8s, evaluated=2]
  [1009/5163] cnp=5571567 · NOT_FOUND (no_results, rows=0, evaluated=0) [2s]
  [1010/5163] cnp=5571781 · NOT_FOUND (no_results, rows=0, evaluated=0) [2s]
    [checkpoint] saved · 1010/5163 · rate=0.17/s · eta=399m34s
  [1011/5163] cnp=5571914 · NOT_FOUND (no_results, rows=0, evaluated=0) [2s]
  [1012/5163] cnp=5571922 · NOT_FOUND (no_results, rows=0, evaluated=0) [2s]
  [1013/5163] cnp=5572383 · NOT_FOUND (no_results, rows=0, evaluated=0) [2s]
  [1014/5163] cnp=5572458 · NOT_FOUND (no_results, rows=0, evaluated=0) [2s]
  [1015/5163] cnp=5572540 · NOT_FOUND (no_results, rows=0, evaluated=0) [2s]
  [1016/5163] cnp=5573035 · NOT_FOUND (no_results, rows=0, evaluated=0) [2s]
  [1017/5163] cnp=5573068 · NOT_FOUND (no_results, rows=0, evaluated=0) [2s]
  [1018/5163] cnp=5579008 · NOT_FOUND (no_results, rows=0, evaluated=0) [2s]
  [1019/5163] cnp=5579149 · NOT_FOUND (no_results, rows=0, evaluated=0) [2s]
  [1020/5163] cnp=5579172 · NOT_FOUND (no_results, rows=0, evaluated=0) [2s]
    [checkpoint] saved · 1020/5163 · rate=0.17/s · eta=397m07s
  [1021/5163] cnp=5579461 · NOT_FOUND (no_results, rows=0, evaluated=0) [2s]
  [1022/5163] cnp=5579503 · NOT_FOUND (no_results, rows=0, evaluated=0) [2s]
  [1023/5163] cnp=5579511 · NOT_FOUND (no_results, rows=0, evaluated=0) [2s]
  [1024/5163] cnp=5579917 · NOT_FOUND (no_results, rows=0, evaluated=0) [2s]
  [1025/5163] cnp=5579925 · NOT_FOUND (no_results, rows=0, evaluated=0) [2s]
  [1026/5163] cnp=5580378 · NOT_FOUND (no_results, rows=0, evaluated=0) [2s]
  [1027/5163] cnp=5581533 · NOT_FOUND (no_results, rows=0, evaluated=0) [2s]
  [1028/5163] cnp=5581640 · NOT_FOUND (no_results, rows=0, evaluated=0) [2s]
  [1029/5163] cnp=5581848 · NOT_FOUND (no_results, rows=0, evaluated=0) [2s]
  [1030/5163] cnp=5581921 · NOT_FOUND (no_results, rows=0, evaluated=0) [2s]
    [checkpoint] saved · 1030/5163 · rate=0.17/s · eta=394m43s
  [1031/5163] cnp=5582309 · NOT_FOUND (no_results, rows=0, evaluated=0) [2s]
  [1032/5163] cnp=5582325 · NOT_FOUND (no_results, rows=0, evaluated=0) [2s]
  [1033/5163] cnp=5582333 · NOT_FOUND (no_results, rows=0, evaluated=0) [2s]
    [session] rotation após 30 searches; cooldown 30000ms
  [1034/5163] cnp=5582655 · NOT_FOUND (no_results, rows=0, evaluated=0) [32s]
  [1035/5163] cnp=5582762 · NOT_FOUND (no_results, rows=0, evaluated=0) [2s]
  [1036/5163] cnp=5582911 · NOT_FOUND (no_results, rows=0, evaluated=0) [2s]
  [1037/5163] cnp=5583224 · NOT_FOUND (no_results, rows=0, evaluated=0) [2s]
  [1038/5163] cnp=5583240 · NOT_FOUND (no_results, rows=0, evaluated=0) [2s]
  [1039/5163] cnp=5584016 · NOT_FOUND (no_results, rows=0, evaluated=0) [2s]
  [1040/5163] cnp=5584032 · NOT_FOUND (no_results, rows=0, evaluated=0) [2s]
    [checkpoint] saved · 1040/5163 · rate=0.17/s · eta=394m22s
  [1041/5163] cnp=5584073 · NOT_FOUND (no_results, rows=0, evaluated=0) [2s]
  [1042/5163] cnp=5584107 · NOT_FOUND (no_results, rows=0, evaluated=0) [2s]
  [1043/5163] cnp=5584123 · NOT_FOUND (no_results, rows=0, evaluated=0) [3s]
  [1044/5163] cnp=5585849 · NOT_FOUND (no_results, rows=0, evaluated=0) [2s]
  [1045/5163] cnp=5586425 · NOT_FOUND (no_results, rows=0, evaluated=0) [2s]
  [1046/5163] cnp=5586466 · NOT_FOUND (no_results, rows=0, evaluated=0) [2s]
  [1047/5163] cnp=5586623 · NOT_FOUND (no_results, rows=0, evaluated=0) [2s]
  [1048/5163] cnp=5586631 · NOT_FOUND (no_results, rows=0, evaluated=0) [2s]
  [1049/5163] cnp=5586771 · NOT_FOUND (no_results, rows=0, evaluated=0) [2s]
  [1050/5163] cnp=5587019 ✓ MATCHED "Celecoxib Krka" (M01AH01) +2 siblings (added=3) [9s, evaluated=2]
    [checkpoint] saved · 1050/5163 · rate=0.17/s · eta=392m34s
  [resolve cnp=5587126] candidato row=1 (Celecoxib Krka
											MG) falhou: click row HTTP 503
  [resolve cnp=5587126] candidato row=0 (Celecoxib Krka
											MG) falhou: click row HTTP 503
  [1051/5163] cnp=5587126 · NOT_FOUND (no_cnp_match, rows=2, evaluated=2) [22s]
    [session] refresh falhou (refresh HTTP 503); rota.
    [503] backoff 10000ms before retry 1/3 (cnp=5587142)
    [503] backoff 30000ms before retry 2/3 (cnp=5587142)
    [503] backoff 90000ms before retry 3/3 (cnp=5587142)
  [1052/5163] cnp=5587142 ✓ MATCHED "Celecoxib Krka" (M01AH01) +2 siblings (added=3) [2m19s, evaluated=2]
  [1053/5163] cnp=5587704 · NOT_FOUND (no_results, rows=0, evaluated=0) [2s]
  [1054/5163] cnp=5587720 · NOT_FOUND (no_results, rows=0, evaluated=0) [2s]
  [1055/5163] cnp=5587779 · NOT_FOUND (no_results, rows=0, evaluated=0) [2s]
  [1056/5163] cnp=5587829 · NOT_FOUND (no_results, rows=0, evaluated=0) [2s]
  [1057/5163] cnp=5587910 · NOT_FOUND (no_results, rows=0, evaluated=0) [2s]
  [1058/5163] cnp=5588009 · NOT_FOUND (no_results, rows=0, evaluated=0) [2s]
  [1059/5163] cnp=5588025 ✓ MATCHED "Milid" (R05CB15) +1 siblings (added=2) [8s, evaluated=2]
  [1060/5163] cnp=5588637 · NOT_FOUND (no_results, rows=0, evaluated=0) [2s]
    [checkpoint] saved · 1060/5163 · rate=0.17/s · eta=400m52s
  [1061/5163] cnp=5588645 · NOT_FOUND (no_results, rows=0, evaluated=0) [2s]
  [1062/5163] cnp=5588660 · NOT_FOUND (no_results, rows=0, evaluated=0) [2s]
  [1063/5163] cnp=5588678 · NOT_FOUND (no_results, rows=0, evaluated=0) [2s]
  [1064/5163] cnp=5588702 · NOT_FOUND (no_results, rows=0, evaluated=0) [2s]
  [1065/5163] cnp=5589247 · NOT_FOUND (no_results, rows=0, evaluated=0) [2s]
  [1066/5163] cnp=5589742 · NOT_FOUND (no_results, rows=0, evaluated=0) [2s]
  [1067/5163] cnp=5589767 · NOT_FOUND (no_results, rows=0, evaluated=0) [2s]
  [1068/5163] cnp=5589866 · NOT_FOUND (no_results, rows=0, evaluated=0) [2s]
  [1069/5163] cnp=5589916 · NOT_FOUND (no_results, rows=0, evaluated=0) [2s]
  [1070/5163] cnp=5589940 · NOT_FOUND (no_results, rows=0, evaluated=0) [2s]
    [checkpoint] saved · 1070/5163 · rate=0.17/s · eta=398m25s
  [1071/5163] cnp=5590021 · NOT_FOUND (no_results, rows=0, evaluated=0) [2s]
  [1072/5163] cnp=5590492 · NOT_FOUND (no_results, rows=0, evaluated=0) [2s]
  [1073/5163] cnp=5590849 · NOT_FOUND (no_results, rows=0, evaluated=0) [2s]
  [1074/5163] cnp=5591326 · NOT_FOUND (no_results, rows=0, evaluated=0) [2s]
  [1075/5163] cnp=5591425 · NOT_FOUND (no_results, rows=0, evaluated=0) [2s]
  [1076/5163] cnp=5591680 · NOT_FOUND (no_results, rows=0, evaluated=0) [2s]
  [1077/5163] cnp=5591920 · NOT_FOUND (no_results, rows=0, evaluated=0) [2s]
  [1078/5163] cnp=5592159 · NOT_FOUND (no_results, rows=0, evaluated=0) [2s]
  [1079/5163] cnp=5592779 · NOT_FOUND (no_results, rows=0, evaluated=0) [2s]
  [1080/5163] cnp=5592837 · NOT_FOUND (no_results, rows=0, evaluated=0) [2s]
    [checkpoint] saved · 1080/5163 · rate=0.17/s · eta=396m02s
  [1081/5163] cnp=5593025 · NOT_FOUND (no_results, rows=0, evaluated=0) [2s]
    [session] rotation após 30 searches; cooldown 30000ms
  [1082/5163] cnp=5593066 · NOT_FOUND (no_results, rows=0, evaluated=0) [32s]
    [session] refresh falhou (refresh HTTP 503); rota.
    [503] backoff 10000ms before retry 1/3 (cnp=5593108)
  [1083/5163] cnp=5593108 · NOT_FOUND (no_cnp_match, rows=3, evaluated=3) [20s]
  [1084/5163] cnp=5593322 · NOT_FOUND (no_results, rows=0, evaluated=0) [2s]
  [1085/5163] cnp=5593835 · NOT_FOUND (no_results, rows=0, evaluated=0) [2s]
  [1086/5163] cnp=5594213 · NOT_FOUND (no_results, rows=0, evaluated=0) [2s]
  [1087/5163] cnp=5594239 · NOT_FOUND (no_results, rows=0, evaluated=0) [2s]
  [1088/5163] cnp=5594429 · NOT_FOUND (no_results, rows=0, evaluated=0) [2s]
  [1089/5163] cnp=5594452 ✓ MATCHED "Relmus" (M03BX05) +0 siblings (added=1) [11s, evaluated=3]
  [1090/5163] cnp=5594510 ✓ MATCHED "Lisonorm" (C09BB03) +7 siblings (added=8) [8s, evaluated=2]
    [checkpoint] saved · 1090/5163 · rate=0.17/s · eta=397m43s
  [1091/5163] cnp=5594619 ✓ MATCHED "Saval" (C09BB03) +7 siblings (added=8) [8s, evaluated=2]
  [1092/5163] cnp=5595046 · NOT_FOUND (no_results, rows=0, evaluated=0) [2s]
  [1093/5163] cnp=5595517 · NOT_FOUND (no_results, rows=0, evaluated=0) [2s]
    [503] backoff 10000ms before retry 1/3 (cnp=5595657)
  [1094/5163] cnp=5595657 · NOT_FOUND (no_results, rows=0, evaluated=0) [13s]
  [1095/5163] cnp=5595822 · NOT_FOUND (no_results, rows=0, evaluated=0) [2s]
  [1096/5163] cnp=5596424 · NOT_FOUND (no_results, rows=0, evaluated=0) [2s]
  [1097/5163] cnp=5596648 · NOT_FOUND (no_results, rows=0, evaluated=0) [2s]
  [1098/5163] cnp=5600242 · NOT_FOUND (no_results, rows=0, evaluated=0) [2s]
  [1099/5163] cnp=5601141 · NOT_FOUND (no_results, rows=0, evaluated=0) [2s]
  [1100/5163] cnp=5602453 · NOT_FOUND (no_results, rows=0, evaluated=0) [2s]
    [checkpoint] saved · 1100/5163 · rate=0.17/s · eta=396m28s
  [1101/5163] cnp=5602560 · NOT_FOUND (no_results, rows=0, evaluated=0) [2s]
  [1102/5163] cnp=5602719 · NOT_FOUND (no_results, rows=0, evaluated=0) [2s]
  [1103/5163] cnp=5602727 · NOT_FOUND (no_results, rows=0, evaluated=0) [2s]
  [1104/5163] cnp=5603550 · NOT_FOUND (no_results, rows=0, evaluated=0) [2s]
  [1105/5163] cnp=5603949 · NOT_FOUND (no_results, rows=0, evaluated=0) [2s]
  [1106/5163] cnp=5604020 · NOT_FOUND (no_results, rows=0, evaluated=0) [2s]
  [1107/5163] cnp=5604145 · NOT_FOUND (no_results, rows=0, evaluated=0) [2s]
  [1108/5163] cnp=5604152 · NOT_FOUND (no_results, rows=0, evaluated=0) [2s]
  [1109/5163] cnp=5604160 · NOT_FOUND (no_results, rows=0, evaluated=0) [2s]
  [1110/5163] cnp=5604178 · NOT_FOUND (no_results, rows=0, evaluated=0) [2s]
    [checkpoint] saved · 1110/5163 · rate=0.17/s · eta=394m07s
  [1111/5163] cnp=5604202 · NOT_FOUND (no_results, rows=0, evaluated=0) [2s]
  [1112/5163] cnp=5604210 · NOT_FOUND (no_results, rows=0, evaluated=0) [2s]
  [1113/5163] cnp=5604236 · NOT_FOUND (no_results, rows=0, evaluated=0) [2s]
  [1114/5163] cnp=5604277 · NOT_FOUND (no_results, rows=0, evaluated=0) [2s]
  [1115/5163] cnp=5605696 · NOT_FOUND (no_results, rows=0, evaluated=0) [2s]
  [1116/5163] cnp=5605704 ✓ MATCHED "Ziprasidona Aurobindo" (N05AE04) +2 siblings (added=3) [11s, evaluated=3]
  [1117/5163] cnp=5605712 · NOT_FOUND (no_results, rows=0, evaluated=0) [2s]
  [1118/5163] cnp=5605795 · NOT_FOUND (no_results, rows=0, evaluated=0) [2s]
  [1119/5163] cnp=5606009 · NOT_FOUND (no_results, rows=0, evaluated=0) [2s]
  [1120/5163] cnp=5607403 · NOT_FOUND (no_results, rows=0, evaluated=0) [2s]
    [checkpoint] saved · 1120/5163 · rate=0.17/s · eta=392m20s
  [1121/5163] cnp=5607429 · NOT_FOUND (no_results, rows=0, evaluated=0) [2s]
  [1122/5163] cnp=5609102 · NOT_FOUND (no_results, rows=0, evaluated=0) [2s]
  [1123/5163] cnp=5610761 · NOT_FOUND (no_results, rows=0, evaluated=0) [2s]
    [session] rotation após 30 searches; cooldown 30000ms
    [503] backoff 10000ms before retry 1/3 (cnp=5615810)
  [1124/5163] cnp=5615810 · NOT_FOUND (no_results, rows=0, evaluated=0) [42s]
  [1125/5163] cnp=5615950 · NOT_FOUND (no_results, rows=0, evaluated=0) [2s]
  [1126/5163] cnp=5617360 · NOT_FOUND (no_results, rows=0, evaluated=0) [2s]
  [1127/5163] cnp=5617410 · NOT_FOUND (no_results, rows=0, evaluated=0) [2s]
  [1128/5163] cnp=5617667 · NOT_FOUND (no_results, rows=0, evaluated=0) [2s]
  [1129/5163] cnp=5618145 · NOT_FOUND (no_results, rows=0, evaluated=0) [2s]
  [1130/5163] cnp=5618152 · NOT_FOUND (no_results, rows=0, evaluated=0) [2s]
    [checkpoint] saved · 1130/5163 · rate=0.17/s · eta=392m26s
  [1131/5163] cnp=5618434 · NOT_FOUND (no_results, rows=0, evaluated=0) [2s]
  [1132/5163] cnp=5618566 · NOT_FOUND (no_results, rows=0, evaluated=0) [2s]
  [1133/5163] cnp=5618715 · NOT_FOUND (no_results, rows=0, evaluated=0) [2s]
  [1134/5163] cnp=5619135 · NOT_FOUND (no_results, rows=0, evaluated=0) [2s]
  [1135/5163] cnp=5619267 · NOT_FOUND (no_results, rows=0, evaluated=0) [2s]
  [1136/5163] cnp=5619549 · NOT_FOUND (no_results, rows=0, evaluated=0) [2s]
  [1137/5163] cnp=5619671 · NOT_FOUND (no_results, rows=0, evaluated=0) [2s]
  [1138/5163] cnp=5619812 · NOT_FOUND (no_results, rows=0, evaluated=0) [2s]
  [1139/5163] cnp=5620364 ✓ MATCHED "Lipocomb" (C10BA06) +7 siblings (added=8) [11s, evaluated=3]
  [1140/5163] cnp=5620463 ✓ MATCHED "Lipocomb" (C10BA06) +7 siblings (added=8) [10s, evaluated=3]
    [checkpoint] saved · 1140/5163 · rate=0.17/s · eta=391m10s
  [1141/5163] cnp=5620752 · NOT_FOUND (no_results, rows=0, evaluated=0) [2s]
  [1142/5163] cnp=5622667 · NOT_FOUND (no_results, rows=0, evaluated=0) [2s]
  [1143/5163] cnp=5622709 · NOT_FOUND (no_results, rows=0, evaluated=0) [2s]
  [1144/5163] cnp=5623855 · NOT_FOUND (no_results, rows=0, evaluated=0) [2s]
  [1145/5163] cnp=5623863 · NOT_FOUND (no_results, rows=0, evaluated=0) [2s]
  [1146/5163] cnp=5623913 ✓ MATCHED "Ezetimiba Mylan" (C10AX09) +10 siblings (added=11) [11s, evaluated=3]
  [1147/5163] cnp=5625470 · NOT_FOUND (no_results, rows=0, evaluated=0) [2s]
  [1148/5163] cnp=5626528 · NOT_FOUND (no_results, rows=0, evaluated=0) [2s]
  [1149/5163] cnp=5626932 · NOT_FOUND (no_results, rows=0, evaluated=0) [2s]
  [1150/5163] cnp=5626940 · NOT_FOUND (no_results, rows=0, evaluated=0) [2s]
    [checkpoint] saved · 1150/5163 · rate=0.17/s · eta=389m27s
  [1151/5163] cnp=5626957 · NOT_FOUND (no_results, rows=0, evaluated=0) [2s]
  [1152/5163] cnp=5627054 · NOT_FOUND (no_results, rows=0, evaluated=0) [2s]
  [1153/5163] cnp=5627104 ✓ MATCHED "Trinomia" (C10BX06) +2 siblings (added=3) [10s, evaluated=3]
    [session] rotation após 30 searches; cooldown 30000ms
  [1154/5163] cnp=5627138 · NOT_FOUND (no_results, rows=0, evaluated=0) [32s]
  [1155/5163] cnp=5627724 · NOT_FOUND (no_results, rows=0, evaluated=0) [2s]
  [1156/5163] cnp=5627781 · NOT_FOUND (no_results, rows=0, evaluated=0) [2s]
  [1157/5163] cnp=5627807 · NOT_FOUND (no_results, rows=0, evaluated=0) [2s]
  [1158/5163] cnp=5627815 · NOT_FOUND (no_results, rows=0, evaluated=0) [2s]
  [1159/5163] cnp=5628425 · NOT_FOUND (no_results, rows=0, evaluated=0) [2s]
    [503] backoff 10000ms before retry 1/3 (cnp=5628441)
  [1160/5163] cnp=5628441 · NOT_FOUND (no_results, rows=0, evaluated=0) [13s]
    [checkpoint] saved · 1160/5163 · rate=0.17/s · eta=390m07s
  [1161/5163] cnp=5628458 · NOT_FOUND (no_results, rows=0, evaluated=0) [2s]
  [1162/5163] cnp=5628672 · NOT_FOUND (no_results, rows=0, evaluated=0) [2s]
  [1163/5163] cnp=5628748 · NOT_FOUND (no_results, rows=0, evaluated=0) [2s]
  [1164/5163] cnp=5628870 · NOT_FOUND (no_results, rows=0, evaluated=0) [2s]
  [1165/5163] cnp=5628912 · NOT_FOUND (no_results, rows=0, evaluated=0) [2s]
  [1166/5163] cnp=5629506 · NOT_FOUND (no_results, rows=0, evaluated=0) [2s]
  [1167/5163] cnp=5629662 · NOT_FOUND (no_results, rows=0, evaluated=0) [2s]
  [1168/5163] cnp=5629829 · NOT_FOUND (no_results, rows=0, evaluated=0) [2s]
  [1169/5163] cnp=5630355 · NOT_FOUND (no_results, rows=0, evaluated=0) [2s]
  [1170/5163] cnp=5630363 · NOT_FOUND (no_results, rows=0, evaluated=0) [2s]
    [checkpoint] saved · 1170/5163 · rate=0.17/s · eta=387m51s
  [1171/5163] cnp=5630470 · NOT_FOUND (no_results, rows=0, evaluated=0) [2s]
  [1172/5163] cnp=5631031 · NOT_FOUND (no_results, rows=0, evaluated=0) [2s]
  [1173/5163] cnp=5631049 ✓ MATCHED "Pregabalina Krka" (N02BF02) +2 siblings (added=3) [10s, evaluated=3]
  [1174/5163] cnp=5631056 ✓ MATCHED "Pregabalina Krka" (N02BF02) +2 siblings (added=0) [11s, evaluated=3]
  [1175/5163] cnp=5631106 · NOT_FOUND (no_results, rows=0, evaluated=0) [2s]
  [1176/5163] cnp=5631122 ✓ MATCHED "Pregabalina Krka" (N02BF02) +2 siblings (added=3) [11s, evaluated=3]
  [1177/5163] cnp=5631148 ✓ MATCHED "Pregabalina Krka" (N02BF02) +2 siblings (added=3) [10s, evaluated=3]
  [1178/5163] cnp=5631155 ✓ MATCHED "Pregabalina Krka" (N02BF02) +2 siblings (added=0) [10s, evaluated=3]
  [1179/5163] cnp=5631239 · NOT_FOUND (no_results, rows=0, evaluated=0) [2s]
  [1180/5163] cnp=5631346 · NOT_FOUND (no_results, rows=0, evaluated=0) [2s]
    [checkpoint] saved · 1180/5163 · rate=0.17/s · eta=388m06s
  [1181/5163] cnp=5631437 ✓ MATCHED "Pregabalina Krka" (N02BF02) +2 siblings (added=3) [10s, evaluated=3]
  [1182/5163] cnp=5631536 · NOT_FOUND (no_cnp_match, rows=7, evaluated=3) [10s]
  [1183/5163] cnp=5631734 · NOT_FOUND (no_results, rows=0, evaluated=0) [2s]
  [1184/5163] cnp=5631767 · NOT_FOUND (no_cnp_match, rows=7, evaluated=3) [10s]
  [1185/5163] cnp=5631833 · NOT_FOUND (no_results, rows=0, evaluated=0) [2s]
  [1186/5163] cnp=5631858 · NOT_FOUND (no_results, rows=0, evaluated=0) [2s]
  [1187/5163] cnp=5631932 · NOT_FOUND (no_results, rows=0, evaluated=0) [2s]
  [1188/5163] cnp=5632062 · NOT_FOUND (no_results, rows=0, evaluated=0) [2s]
  [1189/5163] cnp=5632476 · NOT_FOUND (no_results, rows=0, evaluated=0) [2s]
    [session] rotation após 30 searches; cooldown 30000ms
  [1190/5163] cnp=5633037 · NOT_FOUND (no_results, rows=0, evaluated=0) [32s]
    [checkpoint] saved · 1190/5163 · rate=0.17/s · eta=388m59s
  [1191/5163] cnp=5633052 · NOT_FOUND (no_results, rows=0, evaluated=0) [2s]
  [1192/5163] cnp=5633326 · NOT_FOUND (no_results, rows=0, evaluated=0) [2s]
  [1193/5163] cnp=5633979 · NOT_FOUND (no_results, rows=0, evaluated=0) [2s]
  [1194/5163] cnp=5634027 · NOT_FOUND (no_results, rows=0, evaluated=0) [2s]
  [1195/5163] cnp=5634035 · NOT_FOUND (no_results, rows=0, evaluated=0) [2s]
    [session] refresh falhou (refresh HTTP 503); rota.
    [503] backoff 10000ms before retry 1/3 (cnp=5634134)
  [1196/5163] cnp=5634134 · NOT_FOUND (no_results, rows=0, evaluated=0) [12s]
  [1197/5163] cnp=5634159 · NOT_FOUND (no_results, rows=0, evaluated=0) [2s]
  [1198/5163] cnp=5634654 · NOT_FOUND (no_results, rows=0, evaluated=0) [2s]
  [1199/5163] cnp=5634662 · NOT_FOUND (no_results, rows=0, evaluated=0) [2s]
  [1200/5163] cnp=5634670 · NOT_FOUND (no_results, rows=0, evaluated=0) [2s]
    [checkpoint] saved · 1200/5163 · rate=0.17/s · eta=387m18s
  [1201/5163] cnp=5634738 · NOT_FOUND (no_results, rows=0, evaluated=0) [2s]
  [1202/5163] cnp=5635115 · NOT_FOUND (no_results, rows=0, evaluated=0) [2s]
  [1203/5163] cnp=5635305 · NOT_FOUND (no_results, rows=0, evaluated=0) [2s]
  [1204/5163] cnp=5635339 · NOT_FOUND (no_results, rows=0, evaluated=0) [2s]
  [1205/5163] cnp=5635354 · NOT_FOUND (no_results, rows=0, evaluated=0) [2s]
  [1206/5163] cnp=5635370 · NOT_FOUND (no_results, rows=0, evaluated=0) [2s]
  [1207/5163] cnp=5635503 ✓ MATCHED "Trulicity" (A10BJ05) +0 siblings (added=1) [8s, evaluated=2]
  [1208/5163] cnp=5635644 ✓ MATCHED "Pregabalina Farmoz" (N02BF02) +0 siblings (added=1) [10s, evaluated=3]
  [1209/5163] cnp=5635677 ✓ MATCHED "Pregabalina Pharmakern" (N02BF02) +1 siblings (added=2) [10s, evaluated=3]
  [1210/5163] cnp=5635727 ✓ MATCHED "Trulicity" (A10BJ05) +0 siblings (added=1) [8s, evaluated=2]
    [checkpoint] saved · 1210/5163 · rate=0.17/s · eta=386m43s
  [1211/5163] cnp=5635842 ✓ MATCHED "Pregabalina Pharmakern" (N02BF02) +1 siblings (added=2) [10s, evaluated=3]
  [1212/5163] cnp=5635859 · NOT_FOUND (no_results, rows=0, evaluated=0) [2s]
  [1213/5163] cnp=5635875 ✓ MATCHED "Pregabalina Pharmakern" (N02BF02) +1 siblings (added=2) [10s, evaluated=3]
  [1214/5163] cnp=5635941 ✓ MATCHED "Pregabalina Pharmakern" (N02BF02) +0 siblings (added=1) [10s, evaluated=3]
  [1215/5163] cnp=5635974 ✓ MATCHED "Pregabalina Pharmakern" (N02BF02) +0 siblings (added=1) [10s, evaluated=3]
  [1216/5163] cnp=5636402 · NOT_FOUND (no_results, rows=0, evaluated=0) [2s]
  [1217/5163] cnp=5637301 · NOT_FOUND (no_results, rows=0, evaluated=0) [2s]
  [1218/5163] cnp=5637319 ✓ MATCHED "Pregabalina Alter" (N02BF02) +0 siblings (added=1) [10s, evaluated=3]
  [1219/5163] cnp=5637335 · NOT_FOUND (no_results, rows=0, evaluated=0) [2s]
  [1220/5163] cnp=5637400 · NOT_FOUND (no_results, rows=0, evaluated=0) [2s]
    [checkpoint] saved · 1220/5163 · rate=0.17/s · eta=386m50s
  [1221/5163] cnp=5637418 · NOT_FOUND (no_results, rows=0, evaluated=0) [2s]
  [1222/5163] cnp=5637756 · NOT_FOUND (no_results, rows=0, evaluated=0) [2s]
  [1223/5163] cnp=5637764 ✓ MATCHED "Pregabalina Gática" (N02BF02) +0 siblings (added=1) [10s, evaluated=3]
  [1224/5163] cnp=5637806 ✓ MATCHED "Pregabalina Gática" (N02BF02) +1 siblings (added=2) [10s, evaluated=3]
  [1225/5163] cnp=5638630 · NOT_FOUND (no_results, rows=0, evaluated=0) [2s]
    [session] rotation após 30 searches; cooldown 30000ms
  [1226/5163] cnp=5638895 · NOT_FOUND (no_results, rows=0, evaluated=0) [32s]
  [1227/5163] cnp=5638945 · NOT_FOUND (no_results, rows=0, evaluated=0) [2s]
  [1228/5163] cnp=5638994 ✓ MATCHED "Ecamais" (C09BA03) +3 siblings (added=4) [8s, evaluated=2]
  [1229/5163] cnp=5639166 · NOT_FOUND (no_results, rows=0, evaluated=0) [2s]
  [1230/5163] cnp=5639307 ✓ MATCHED "Pregabalina Teva" (N02BF02) +1 siblings (added=2) [11s, evaluated=3]
    [checkpoint] saved · 1230/5163 · rate=0.17/s · eta=388m01s
  [1231/5163] cnp=5639323 ✓ MATCHED "Pregabalina Teva" (N02BF02) +1 siblings (added=2) [10s, evaluated=3]
  [1232/5163] cnp=5639349 ✓ MATCHED "Pregabalina Teva" (N02BF02) +0 siblings (added=1) [10s, evaluated=3]
  [1233/5163] cnp=5639372 ✓ MATCHED "Pregabalina Teva" (N02BF02) +0 siblings (added=1) [10s, evaluated=3]
  [1234/5163] cnp=5639588 · NOT_FOUND (no_results, rows=0, evaluated=0) [2s]
  [1235/5163] cnp=5639638 · NOT_FOUND (no_results, rows=0, evaluated=0) [2s]
  [1236/5163] cnp=5639679 · NOT_FOUND (no_results, rows=0, evaluated=0) [2s]
  [1237/5163] cnp=5639703 · NOT_FOUND (no_cnp_match, rows=8, evaluated=3) [10s]
  [1238/5163] cnp=5639729 · NOT_FOUND (no_cnp_match, rows=8, evaluated=3) [10s]
  [1239/5163] cnp=5639943 · NOT_FOUND (no_results, rows=0, evaluated=0) [2s]
  [1240/5163] cnp=5640131 ✓ MATCHED "Pregabalina Teva" (N02BF02) +1 siblings (added=2) [10s, evaluated=3]
    [checkpoint] saved · 1240/5163 · rate=0.17/s · eta=388m28s
  [1241/5163] cnp=5640347 · NOT_FOUND (no_results, rows=0, evaluated=0) [2s]
  [1242/5163] cnp=5640420 · NOT_FOUND (no_results, rows=0, evaluated=0) [2s]
  [1243/5163] cnp=5640644 · NOT_FOUND (no_results, rows=0, evaluated=0) [2s]
  [1244/5163] cnp=5641253 ✓ MATCHED "Pregabalina ratiopharm" (N02BF02) +1 siblings (added=2) [10s, evaluated=3]
  [1245/5163] cnp=5641311 · NOT_FOUND (no_cnp_match, rows=6, evaluated=3) [10s]
  [1246/5163] cnp=5641329 · NOT_FOUND (no_results, rows=0, evaluated=0) [2s]
  [1247/5163] cnp=5641345 · NOT_FOUND (no_results, rows=0, evaluated=0) [2s]
  [1248/5163] cnp=5641352 · NOT_FOUND (no_cnp_match, rows=6, evaluated=3) [10s]
  [1249/5163] cnp=5641816 · NOT_FOUND (no_results, rows=0, evaluated=0) [2s]
  [1250/5163] cnp=5641857 · NOT_FOUND (no_results, rows=0, evaluated=0) [2s]
    [checkpoint] saved · 1250/5163 · rate=0.17/s · eta=387m36s
  [1251/5163] cnp=5641865 · NOT_FOUND (no_results, rows=0, evaluated=0) [2s]
  [1252/5163] cnp=5641873 · NOT_FOUND (no_results, rows=0, evaluated=0) [2s]
  [1253/5163] cnp=5642020 · NOT_FOUND (no_results, rows=0, evaluated=0) [2s]
  [1254/5163] cnp=5642046 · NOT_FOUND (no_results, rows=0, evaluated=0) [2s]
  [1255/5163] cnp=5642574 · NOT_FOUND (no_results, rows=0, evaluated=0) [2s]
    [session] rotation após 30 searches; cooldown 30000ms
  [1256/5163] cnp=5642772 · NOT_FOUND (no_results, rows=0, evaluated=0) [32s]
  [1257/5163] cnp=5643697 · NOT_FOUND (no_results, rows=0, evaluated=0) [2s]
  [1258/5163] cnp=5644562 · NOT_FOUND (no_results, rows=0, evaluated=0) [2s]
  [1259/5163] cnp=5644604 · NOT_FOUND (no_results, rows=0, evaluated=0) [2s]
  [1260/5163] cnp=5644612 · NOT_FOUND (no_results, rows=0, evaluated=0) [2s]
    [checkpoint] saved · 1260/5163 · rate=0.17/s · eta=386m56s
  [1261/5163] cnp=5644752 · NOT_FOUND (no_results, rows=0, evaluated=0) [2s]
  [1262/5163] cnp=5644760 · NOT_FOUND (no_results, rows=0, evaluated=0) [2s]
  [1263/5163] cnp=5645171 · NOT_FOUND (no_results, rows=0, evaluated=0) [2s]
  [1264/5163] cnp=5646278 · NOT_FOUND (no_results, rows=0, evaluated=0) [2s]
  [1265/5163] cnp=5646310 · NOT_FOUND (no_results, rows=0, evaluated=0) [2s]
  [1266/5163] cnp=5646336 · NOT_FOUND (no_results, rows=0, evaluated=0) [2s]
  [1267/5163] cnp=5646724 · NOT_FOUND (no_results, rows=0, evaluated=0) [2s]
  [1268/5163] cnp=5647060 · NOT_FOUND (no_results, rows=0, evaluated=0) [2s]
  [1269/5163] cnp=5647177 · NOT_FOUND (no_results, rows=0, evaluated=0) [2s]
  [1270/5163] cnp=5647649 · NOT_FOUND (no_results, rows=0, evaluated=0) [2s]
    [checkpoint] saved · 1270/5163 · rate=0.17/s · eta=384m46s
  [1271/5163] cnp=5648167 · NOT_FOUND (no_results, rows=0, evaluated=0) [2s]
  [1272/5163] cnp=5648357 · NOT_FOUND (no_results, rows=0, evaluated=0) [2s]
  [1273/5163] cnp=5649637 · NOT_FOUND (no_results, rows=0, evaluated=0) [2s]
    [session] refresh falhou (refresh HTTP 503); rota.
    [503] backoff 10000ms before retry 1/3 (cnp=5649934)
    [503] backoff 30000ms before retry 2/3 (cnp=5649934)
  [1274/5163] cnp=5649934 · NOT_FOUND (no_results, rows=0, evaluated=0) [42s]
  [1275/5163] cnp=5650510 · NOT_FOUND (no_results, rows=0, evaluated=0) [2s]
  [1276/5163] cnp=5650734 ✓ MATCHED "Co-Amlessa" (C09BX01) +2 siblings (added=3) [10s, evaluated=3]
  [1277/5163] cnp=5650874 · NOT_FOUND (no_cnp_match, rows=5, evaluated=3) [10s]
  [1278/5163] cnp=5650965 · NOT_FOUND (no_cnp_match, rows=5, evaluated=3) [10s]
  [1279/5163] cnp=5651849 · NOT_FOUND (no_cnp_match, rows=5, evaluated=3) [10s]
  [1280/5163] cnp=5652391 · NOT_FOUND (no_results, rows=0, evaluated=0) [2s]
    [checkpoint] saved · 1280/5163 · rate=0.17/s · eta=386m22s
  [1281/5163] cnp=5653019 · NOT_FOUND (no_results, rows=0, evaluated=0) [2s]
  [1282/5163] cnp=5653191 · NOT_FOUND (no_results, rows=0, evaluated=0) [2s]
  [1283/5163] cnp=5653464 · NOT_FOUND (no_results, rows=0, evaluated=0) [2s]
  [1284/5163] cnp=5653571 · NOT_FOUND (no_results, rows=0, evaluated=0) [2s]
  [1285/5163] cnp=5653860 · NOT_FOUND (no_results, rows=0, evaluated=0) [2s]
  [1286/5163] cnp=5653902 · NOT_FOUND (no_results, rows=0, evaluated=0) [2s]
  [1287/5163] cnp=5653928 · NOT_FOUND (no_results, rows=0, evaluated=0) [2s]
  [1288/5163] cnp=5653944 · NOT_FOUND (no_results, rows=0, evaluated=0) [2s]
  [1289/5163] cnp=5655279 · NOT_FOUND (no_results, rows=0, evaluated=0) [2s]
  [1290/5163] cnp=5655303 · NOT_FOUND (no_results, rows=0, evaluated=0) [2s]
    [checkpoint] saved · 1290/5163 · rate=0.17/s · eta=384m10s
  [1291/5163] cnp=5656350 · NOT_FOUND (no_results, rows=0, evaluated=0) [2s]
  [1292/5163] cnp=5656368 · NOT_FOUND (no_cnp_match, rows=7, evaluated=3) [11s]
  [1293/5163] cnp=5656673 · NOT_FOUND (no_results, rows=0, evaluated=0) [2s]
  [1294/5163] cnp=5656707 · NOT_FOUND (no_results, rows=0, evaluated=0) [2s]
  [1295/5163] cnp=5657309 · NOT_FOUND (no_results, rows=0, evaluated=0) [2s]
  [1296/5163] cnp=5657325 · NOT_FOUND (no_results, rows=0, evaluated=0) [2s]
  [1297/5163] cnp=5657648 · NOT_FOUND (no_results, rows=0, evaluated=0) [2s]
  [1298/5163] cnp=5657739 · NOT_FOUND (no_results, rows=0, evaluated=0) [2s]
  [1299/5163] cnp=5657747 · NOT_FOUND (no_results, rows=0, evaluated=0) [2s]
  [1300/5163] cnp=5657770 · NOT_FOUND (no_cnp_match, rows=7, evaluated=3) [10s]
    [checkpoint] saved · 1300/5163 · rate=0.17/s · eta=382m51s
  [1301/5163] cnp=5657929 · NOT_FOUND (no_results, rows=0, evaluated=0) [2s]
  [1302/5163] cnp=5658000 · NOT_FOUND (no_results, rows=0, evaluated=0) [2s]
  [1303/5163] cnp=5658299 · NOT_FOUND (no_results, rows=0, evaluated=0) [2s]
    [session] rotation após 30 searches; cooldown 30000ms
  [1304/5163] cnp=5658356 · NOT_FOUND (no_results, rows=0, evaluated=0) [32s]
  [1305/5163] cnp=5659099 · NOT_FOUND (no_results, rows=0, evaluated=0) [2s]
  [1306/5163] cnp=5659727 · NOT_FOUND (no_results, rows=0, evaluated=0) [2s]
  [1307/5163] cnp=5660253 · NOT_FOUND (no_results, rows=0, evaluated=0) [2s]
  [1308/5163] cnp=5660311 · NOT_FOUND (no_results, rows=0, evaluated=0) [2s]
  [1309/5163] cnp=5660857 ✓ MATCHED "Pregabalina Zentiva" (N02BF02) +0 siblings (added=1) [10s, evaluated=3]
  [1310/5163] cnp=5660873 ✓ MATCHED "Pregabalina Zentiva" (N02BF02) +1 siblings (added=2) [10s, evaluated=3]
    [checkpoint] saved · 1310/5163 · rate=0.17/s · eta=383m01s
  [1311/5163] cnp=5660907 ✓ MATCHED "Pregabalina Zentiva" (N02BF02) +0 siblings (added=1) [10s, evaluated=3]
  [1312/5163] cnp=5660931 · NOT_FOUND (no_results, rows=0, evaluated=0) [2s]
  [1313/5163] cnp=5661004 ✓ MATCHED "Fluconazol Aurovitas" (J02AC01) +1 siblings (added=2) [11s, evaluated=3]
  [1314/5163] cnp=5661061 · NOT_FOUND (no_results, rows=0, evaluated=0) [2s]
  [1315/5163] cnp=5661335 · NOT_FOUND (no_results, rows=0, evaluated=0) [2s]
  [1316/5163] cnp=5661350 · NOT_FOUND (no_results, rows=0, evaluated=0) [2s]
  [1317/5163] cnp=5661426 · NOT_FOUND (no_results, rows=0, evaluated=0) [2s]
  [1318/5163] cnp=5661558 · NOT_FOUND (no_results, rows=0, evaluated=0) [2s]
  [1319/5163] cnp=5661566 · NOT_FOUND (no_results, rows=0, evaluated=0) [2s]
  [1320/5163] cnp=5661574 · NOT_FOUND (no_results, rows=0, evaluated=0) [2s]
    [checkpoint] saved · 1320/5163 · rate=0.17/s · eta=381m43s
  [1321/5163] cnp=5661988 · NOT_FOUND (no_results, rows=0, evaluated=0) [2s]
  [1322/5163] cnp=5662036 · NOT_FOUND (no_results, rows=0, evaluated=0) [2s]
  [1323/5163] cnp=5662283 · NOT_FOUND (no_results, rows=0, evaluated=0) [2s]
  [1324/5163] cnp=5662465 · NOT_FOUND (no_results, rows=0, evaluated=0) [2s]
  [1325/5163] cnp=5662853 · NOT_FOUND (no_results, rows=0, evaluated=0) [2s]
  [1326/5163] cnp=5662861 · NOT_FOUND (no_results, rows=0, evaluated=0) [2s]
  [1327/5163] cnp=5662903 · NOT_FOUND (no_results, rows=0, evaluated=0) [2s]
  [1328/5163] cnp=5662978 · NOT_FOUND (no_results, rows=0, evaluated=0) [2s]
  [1329/5163] cnp=5663018 · NOT_FOUND (no_results, rows=0, evaluated=0) [2s]
  [1330/5163] cnp=5663232 · NOT_FOUND (no_results, rows=0, evaluated=0) [2s]
    [checkpoint] saved · 1330/5163 · rate=0.17/s · eta=379m35s
  [1331/5163] cnp=5663240 · NOT_FOUND (no_cnp_match, rows=4, evaluated=3) [11s]
  [1332/5163] cnp=5663976 · NOT_FOUND (no_results, rows=0, evaluated=0) [2s]
  [1333/5163] cnp=5664016 · NOT_FOUND (no_results, rows=0, evaluated=0) [2s]
    [session] rotation após 30 searches; cooldown 30000ms
  [1334/5163] cnp=5664032 · NOT_FOUND (no_results, rows=0, evaluated=0) [32s]
  [1335/5163] cnp=5664057 · NOT_FOUND (no_results, rows=0, evaluated=0) [2s]
  [1336/5163] cnp=5664065 · NOT_FOUND (no_results, rows=0, evaluated=0) [2s]
  [1337/5163] cnp=5664115 · NOT_FOUND (no_results, rows=0, evaluated=0) [2s]
  [1338/5163] cnp=5664164 · NOT_FOUND (no_results, rows=0, evaluated=0) [2s]
  [1339/5163] cnp=5664404 · NOT_FOUND (no_results, rows=0, evaluated=0) [2s]
  [1340/5163] cnp=5664479 · NOT_FOUND (no_results, rows=0, evaluated=0) [2s]
    [checkpoint] saved · 1340/5163 · rate=0.17/s · eta=379m21s
    [503] backoff 10000ms before retry 1/3 (cnp=5664834)
    [503] backoff 30000ms before retry 2/3 (cnp=5664834)
  [1341/5163] cnp=5664834 · NOT_FOUND (no_cnp_match, rows=4, evaluated=3) [52s]
  [1342/5163] cnp=5665112 ✓ MATCHED "Zonisamida Tolife" (N03AX15) +0 siblings (added=1) [10s, evaluated=3]
  [1343/5163] cnp=5665278 · NOT_FOUND (no_results, rows=0, evaluated=0) [2s]
  [1344/5163] cnp=5665302 · NOT_FOUND (no_results, rows=0, evaluated=0) [2s]
  [1345/5163] cnp=5665377 · NOT_FOUND (no_results, rows=0, evaluated=0) [2s]
  [1346/5163] cnp=5665427 · NOT_FOUND (no_results, rows=0, evaluated=0) [2s]
  [1347/5163] cnp=5665468 · NOT_FOUND (no_results, rows=0, evaluated=0) [2s]
  [1348/5163] cnp=5665930 · NOT_FOUND (no_results, rows=0, evaluated=0) [2s]
  [1349/5163] cnp=5665971 · NOT_FOUND (no_results, rows=0, evaluated=0) [2s]
  [1350/5163] cnp=5666078 · NOT_FOUND (no_results, rows=0, evaluated=0) [2s]
    [checkpoint] saved · 1350/5163 · rate=0.17/s · eta=380m04s
  [1351/5163] cnp=5666458 · NOT_FOUND (no_cnp_match, rows=4, evaluated=3) [10s]
  [1352/5163] cnp=5666581 · NOT_FOUND (no_results, rows=0, evaluated=0) [2s]
  [1353/5163] cnp=5666714 · NOT_FOUND (no_results, rows=0, evaluated=0) [2s]
  [1354/5163] cnp=5666771 · NOT_FOUND (no_results, rows=0, evaluated=0) [2s]
  [1355/5163] cnp=5666839 · NOT_FOUND (no_results, rows=0, evaluated=0) [2s]
  [1356/5163] cnp=5666847 · NOT_FOUND (no_results, rows=0, evaluated=0) [2s]
  [1357/5163] cnp=5666854 · NOT_FOUND (no_results, rows=0, evaluated=0) [2s]
  [1358/5163] cnp=5667050 · NOT_FOUND (no_results, rows=0, evaluated=0) [2s]
  [1359/5163] cnp=5667076 · NOT_FOUND (no_results, rows=0, evaluated=0) [2s]
  [1360/5163] cnp=5667118 · NOT_FOUND (no_results, rows=0, evaluated=0) [2s]
    [checkpoint] saved · 1360/5163 · rate=0.17/s · eta=378m21s
  [1361/5163] cnp=5667134 · NOT_FOUND (no_results, rows=0, evaluated=0) [2s]
  [1362/5163] cnp=5667159 · NOT_FOUND (no_results, rows=0, evaluated=0) [2s]
  [1363/5163] cnp=5667753 · NOT_FOUND (no_results, rows=0, evaluated=0) [2s]
  [1364/5163] cnp=5667761 · NOT_FOUND (no_results, rows=0, evaluated=0) [2s]
  [1365/5163] cnp=5667803 · NOT_FOUND (no_results, rows=0, evaluated=0) [2s]
  [1366/5163] cnp=5667944 · NOT_FOUND (no_results, rows=0, evaluated=0) [2s]
  [1367/5163] cnp=5668462 · NOT_FOUND (no_results, rows=0, evaluated=0) [2s]
  [1368/5163] cnp=5668678 · NOT_FOUND (no_cnp_match, rows=4, evaluated=3) [10s]
  [1369/5163] cnp=5670112 · NOT_FOUND (no_results, rows=0, evaluated=0) [2s]
  [1370/5163] cnp=5670120 · NOT_FOUND (no_results, rows=0, evaluated=0) [2s]
    [checkpoint] saved · 1370/5163 · rate=0.17/s · eta=376m38s
    [session] rotation após 30 searches; cooldown 30000ms
  [1371/5163] cnp=5670138 · NOT_FOUND (no_results, rows=0, evaluated=0) [32s]
  [1372/5163] cnp=5670146 · NOT_FOUND (no_results, rows=0, evaluated=0) [2s]
  [1373/5163] cnp=5670153 · NOT_FOUND (no_results, rows=0, evaluated=0) [2s]
  [1374/5163] cnp=5670864 · NOT_FOUND (no_results, rows=0, evaluated=0) [2s]
  [1375/5163] cnp=5671953 · NOT_FOUND (no_results, rows=0, evaluated=0) [2s]
  [1376/5163] cnp=5672142 · NOT_FOUND (no_results, rows=0, evaluated=0) [2s]
  [1377/5163] cnp=5672217 · NOT_FOUND (no_results, rows=0, evaluated=0) [2s]
  [1378/5163] cnp=5672225 · NOT_FOUND (no_results, rows=0, evaluated=0) [2s]
  [1379/5163] cnp=5672688 · NOT_FOUND (no_results, rows=0, evaluated=0) [2s]
  [1380/5163] cnp=5672969 · NOT_FOUND (no_results, rows=0, evaluated=0) [2s]
    [checkpoint] saved · 1380/5163 · rate=0.17/s · eta=375m55s
  [1381/5163] cnp=5672993 ✓ MATCHED "Stugeron Forte" (N07CA02) +4 siblings (added=5) [8s, evaluated=2]
  [1382/5163] cnp=5673009 · NOT_FOUND (no_results, rows=0, evaluated=0) [2s]
  [1383/5163] cnp=5673959 · NOT_FOUND (no_results, rows=0, evaluated=0) [2s]
  [1384/5163] cnp=5674239 · NOT_FOUND (no_results, rows=0, evaluated=0) [2s]
  [1385/5163] cnp=5674353 · NOT_FOUND (no_results, rows=0, evaluated=0) [2s]
  [1386/5163] cnp=5674643 · NOT_FOUND (no_results, rows=0, evaluated=0) [2s]
  [1387/5163] cnp=5674676 ✓ MATCHED "Elvanse" (N06BA12) +2 siblings (added=3) [10s, evaluated=3]
  [1388/5163] cnp=5674718 ✓ MATCHED "Elvanse" (N06BA12) +2 siblings (added=3) [10s, evaluated=3]
  [1389/5163] cnp=5674734 ✓ MATCHED "Elvanse" (N06BA12) +2 siblings (added=3) [10s, evaluated=3]
  [1390/5163] cnp=5674858 · NOT_FOUND (no_cnp_match, rows=3, evaluated=3) [10s]
    [checkpoint] saved · 1390/5163 · rate=0.17/s · eta=375m43s
  [1391/5163] cnp=5674965 · NOT_FOUND (no_results, rows=0, evaluated=0) [2s]
  [1392/5163] cnp=5675012 ✓ MATCHED "Pregabalina Tecnigen" (N02BF02) +1 siblings (added=2) [10s, evaluated=3]
  [1393/5163] cnp=5675020 ✓ MATCHED "Pregabalina Tecnigen" (N02BF02) +0 siblings (added=1) [10s, evaluated=3]
  [1394/5163] cnp=5675756 · NOT_FOUND (no_results, rows=0, evaluated=0) [2s]
  [1395/5163] cnp=5675830 · NOT_FOUND (no_results, rows=0, evaluated=0) [2s]
  [1396/5163] cnp=5677539 · NOT_FOUND (no_results, rows=0, evaluated=0) [2s]
  [1397/5163] cnp=5678404 · NOT_FOUND (no_results, rows=0, evaluated=0) [2s]
  [1398/5163] cnp=5678529 · NOT_FOUND (no_results, rows=0, evaluated=0) [2s]
  [1399/5163] cnp=5678818 · NOT_FOUND (no_results, rows=0, evaluated=0) [2s]
  [1400/5163] cnp=5678834 · NOT_FOUND (no_results, rows=0, evaluated=0) [2s]
    [checkpoint] saved · 1400/5163 · rate=0.17/s · eta=374m25s
    [session] rotation após 30 searches; cooldown 30000ms
  [1401/5163] cnp=5678859 · NOT_FOUND (no_results, rows=0, evaluated=0) [32s]
  [1402/5163] cnp=5678875 · NOT_FOUND (no_results, rows=0, evaluated=0) [2s]
  [1403/5163] cnp=5679006 · NOT_FOUND (no_results, rows=0, evaluated=0) [2s]
  [1404/5163] cnp=5679022 · NOT_FOUND (no_results, rows=0, evaluated=0) [2s]
  [1405/5163] cnp=5679030 · NOT_FOUND (no_results, rows=0, evaluated=0) [2s]
  [1406/5163] cnp=5679063 · NOT_FOUND (no_results, rows=0, evaluated=0) [2s]
  [1407/5163] cnp=5679147 · NOT_FOUND (no_results, rows=0, evaluated=0) [2s]
  [1408/5163] cnp=5679451 · NOT_FOUND (no_results, rows=0, evaluated=0) [2s]
  [1409/5163] cnp=5679758 · NOT_FOUND (no_results, rows=0, evaluated=0) [2s]
  [1410/5163] cnp=5679816 · NOT_FOUND (no_results, rows=0, evaluated=0) [2s]
    [checkpoint] saved · 1410/5163 · rate=0.17/s · eta=373m41s
  [1411/5163] cnp=5680046 · NOT_FOUND (no_results, rows=0, evaluated=0) [2s]
  [1412/5163] cnp=5680434 · NOT_FOUND (no_results, rows=0, evaluated=0) [2s]
  [1413/5163] cnp=5680442 · NOT_FOUND (no_results, rows=0, evaluated=0) [2s]
  [1414/5163] cnp=5680673 · NOT_FOUND (no_results, rows=0, evaluated=0) [2s]
  [1415/5163] cnp=5680707 · NOT_FOUND (no_results, rows=0, evaluated=0) [2s]
  [1416/5163] cnp=5680848 · NOT_FOUND (no_results, rows=0, evaluated=0) [2s]
  [1417/5163] cnp=5680855 · NOT_FOUND (no_results, rows=0, evaluated=0) [2s]
  [1418/5163] cnp=5680913 · NOT_FOUND (no_results, rows=0, evaluated=0) [2s]
  [1419/5163] cnp=5680921 · NOT_FOUND (no_results, rows=0, evaluated=0) [2s]
  [1420/5163] cnp=5681234 · NOT_FOUND (no_results, rows=0, evaluated=0) [2s]
    [checkpoint] saved · 1420/5163 · rate=0.17/s · eta=371m41s
  [1421/5163] cnp=5681465 · NOT_FOUND (no_results, rows=0, evaluated=0) [2s]
  [1422/5163] cnp=5681903 · NOT_FOUND (no_results, rows=0, evaluated=0) [2s]
  [1423/5163] cnp=5682240 · NOT_FOUND (no_results, rows=0, evaluated=0) [2s]
  [1424/5163] cnp=5682760 · NOT_FOUND (no_results, rows=0, evaluated=0) [2s]
  [1425/5163] cnp=5682778 · NOT_FOUND (no_results, rows=0, evaluated=0) [2s]
  [1426/5163] cnp=5682802 · NOT_FOUND (no_results, rows=0, evaluated=0) [2s]
  [1427/5163] cnp=5682828 · NOT_FOUND (no_results, rows=0, evaluated=0) [2s]
  [1428/5163] cnp=5683974 · NOT_FOUND (no_results, rows=0, evaluated=0) [2s]
  [1429/5163] cnp=5684295 · NOT_FOUND (no_results, rows=0, evaluated=0) [2s]
  [1430/5163] cnp=5684543 · NOT_FOUND (no_results, rows=0, evaluated=0) [2s]
    [checkpoint] saved · 1430/5163 · rate=0.17/s · eta=369m39s
    [session] rotation após 30 searches; cooldown 30000ms
    [503] backoff 10000ms before retry 1/3 (cnp=5684576)
    [503] backoff 30000ms before retry 2/3 (cnp=5684576)
  [1431/5163] cnp=5684576 · NOT_FOUND (no_results, rows=0, evaluated=0) [1m12s]
  [1432/5163] cnp=5685029 · NOT_FOUND (no_results, rows=0, evaluated=0) [2s]
  [1433/5163] cnp=5685102 · NOT_FOUND (no_results, rows=0, evaluated=0) [2s]
  [1434/5163] cnp=5685219 · NOT_FOUND (no_results, rows=0, evaluated=0) [2s]
  [1435/5163] cnp=5685474 · NOT_FOUND (no_results, rows=0, evaluated=0) [2s]
  [1436/5163] cnp=5685524 · NOT_FOUND (no_results, rows=0, evaluated=0) [2s]
  [1437/5163] cnp=5685557 · NOT_FOUND (no_results, rows=0, evaluated=0) [2s]
  [1438/5163] cnp=5685607 · NOT_FOUND (no_results, rows=0, evaluated=0) [2s]
  [1439/5163] cnp=5685813 · NOT_FOUND (no_results, rows=0, evaluated=0) [2s]
  [1440/5163] cnp=5685888 · NOT_FOUND (no_results, rows=0, evaluated=0) [2s]
    [checkpoint] saved · 1440/5163 · rate=0.17/s · eta=370m41s
  [1441/5163] cnp=5685946 · NOT_FOUND (no_results, rows=0, evaluated=0) [2s]
  [1442/5163] cnp=5685979 · NOT_FOUND (no_results, rows=0, evaluated=0) [2s]
  [1443/5163] cnp=5685987 · NOT_FOUND (no_results, rows=0, evaluated=0) [2s]
  [1444/5163] cnp=5686027 · NOT_FOUND (no_results, rows=0, evaluated=0) [2s]
  [1445/5163] cnp=5686050 · NOT_FOUND (no_results, rows=0, evaluated=0) [2s]
  [1446/5163] cnp=5686126 · NOT_FOUND (no_results, rows=0, evaluated=0) [2s]
  [1447/5163] cnp=5686159 · NOT_FOUND (no_results, rows=0, evaluated=0) [2s]
  [1448/5163] cnp=5686183 · NOT_FOUND (no_results, rows=0, evaluated=0) [2s]
  [1449/5163] cnp=5686407 · NOT_FOUND (no_results, rows=0, evaluated=0) [2s]
  [1450/5163] cnp=5686704 ✓ MATCHED "Ongentys" (N04BX04) +1 siblings (added=2) [10s, evaluated=3]
    [checkpoint] saved · 1450/5163 · rate=0.17/s · eta=369m04s
  [1451/5163] cnp=5687157 · NOT_FOUND (no_results, rows=0, evaluated=0) [2s]
  [1452/5163] cnp=5687306 · NOT_FOUND (no_results, rows=0, evaluated=0) [2s]
  [1453/5163] cnp=5687348 · NOT_FOUND (no_results, rows=0, evaluated=0) [2s]
  [1454/5163] cnp=5687439 · NOT_FOUND (no_results, rows=0, evaluated=0) [2s]
  [1455/5163] cnp=5687652 · NOT_FOUND (no_results, rows=0, evaluated=0) [2s]
  [1456/5163] cnp=5687660 · NOT_FOUND (no_results, rows=0, evaluated=0) [2s]
  [1457/5163] cnp=5687975 · NOT_FOUND (no_results, rows=0, evaluated=0) [2s]
  [1458/5163] cnp=5688239 · NOT_FOUND (no_results, rows=0, evaluated=0) [2s]
  [1459/5163] cnp=5688411 · NOT_FOUND (no_results, rows=0, evaluated=0) [2s]
  [1460/5163] cnp=5688445 · NOT_FOUND (no_results, rows=0, evaluated=0) [2s]
    [checkpoint] saved · 1460/5163 · rate=0.17/s · eta=367m05s
    [session] rotation após 30 searches; cooldown 30000ms
    [503] backoff 10000ms before retry 1/3 (cnp=5688452)
    [503] backoff 30000ms before retry 2/3 (cnp=5688452)
  [1461/5163] cnp=5688452 · NOT_FOUND (no_results, rows=0, evaluated=0) [1m12s]
  [1462/5163] cnp=5688676 · NOT_FOUND (no_results, rows=0, evaluated=0) [2s]
  [1463/5163] cnp=5689575 · NOT_FOUND (no_results, rows=0, evaluated=0) [2s]
  [1464/5163] cnp=5689617 · NOT_FOUND (no_results, rows=0, evaluated=0) [2s]
  [1465/5163] cnp=5689674 · NOT_FOUND (no_results, rows=0, evaluated=0) [2s]
  [1466/5163] cnp=5689708 · NOT_FOUND (no_results, rows=0, evaluated=0) [2s]
  [1467/5163] cnp=5689807 · NOT_FOUND (no_results, rows=0, evaluated=0) [2s]
  [1468/5163] cnp=5690284 · NOT_FOUND (no_results, rows=0, evaluated=0) [2s]
  [1469/5163] cnp=5690433 · NOT_FOUND (no_results, rows=0, evaluated=0) [2s]
  [1470/5163] cnp=5691043 · NOT_FOUND (no_results, rows=0, evaluated=0) [2s]
    [checkpoint] saved · 1470/5163 · rate=0.17/s · eta=368m02s
  [1471/5163] cnp=5691076 · NOT_FOUND (no_results, rows=0, evaluated=0) [2s]
  [1472/5163] cnp=5691241 · NOT_FOUND (no_results, rows=0, evaluated=0) [2s]
  [1473/5163] cnp=5691530 · NOT_FOUND (no_results, rows=0, evaluated=0) [2s]
  [1474/5163] cnp=5691621 · NOT_FOUND (no_results, rows=0, evaluated=0) [2s]
  [1475/5163] cnp=5691829 · NOT_FOUND (no_results, rows=0, evaluated=0) [3s]
  [1476/5163] cnp=5691969 · NOT_FOUND (no_results, rows=0, evaluated=0) [4s]
  [1477/5163] cnp=5692207 · NOT_FOUND (no_results, rows=0, evaluated=0) [2s]
  [1478/5163] cnp=5692587 · NOT_FOUND (no_results, rows=0, evaluated=0) [2s]
  [1479/5163] cnp=5692785 · NOT_FOUND (no_results, rows=0, evaluated=0) [2s]
  [1480/5163] cnp=5693106 · NOT_FOUND (no_results, rows=0, evaluated=0) [3s]
    [checkpoint] saved · 1480/5163 · rate=0.17/s · eta=366m19s
  [1481/5163] cnp=5693189 ✓ MATCHED "Postinor" (G03AD01) +0 siblings (added=1) [11s, evaluated=2]
  [1482/5163] cnp=5693213 · NOT_FOUND (no_results, rows=0, evaluated=0) [2s]
  [1483/5163] cnp=5693502 · NOT_FOUND (no_results, rows=0, evaluated=0) [2s]
  [1484/5163] cnp=5693536 · NOT_FOUND (no_results, rows=0, evaluated=0) [2s]
  [1485/5163] cnp=5693551 · NOT_FOUND (no_results, rows=0, evaluated=0) [2s]
  [1486/5163] cnp=5693759 · NOT_FOUND (no_results, rows=0, evaluated=0) [2s]
  [1487/5163] cnp=5694005 · NOT_FOUND (no_results, rows=0, evaluated=0) [3s]
  [1488/5163] cnp=5694203 · NOT_FOUND (no_results, rows=0, evaluated=0) [2s]
  [1489/5163] cnp=5694211 · NOT_FOUND (no_results, rows=0, evaluated=0) [2s]
  [1490/5163] cnp=5694237 · NOT_FOUND (no_results, rows=0, evaluated=0) [2s]
    [checkpoint] saved · 1490/5163 · rate=0.17/s · eta=364m50s
    [session] rotation após 30 searches; cooldown 30000ms
  [1491/5163] cnp=5694252 · NOT_FOUND (no_results, rows=0, evaluated=0) [32s]
  [1492/5163] cnp=5694773 ✓ MATCHED "Epiduo" (D10AD53) +2 siblings (added=3) [8s, evaluated=2]
  [1493/5163] cnp=5694930 · NOT_FOUND (no_results, rows=0, evaluated=0) [2s]
  [1494/5163] cnp=5695127 · NOT_FOUND (no_results, rows=0, evaluated=0) [2s]
  [1495/5163] cnp=5695366 · NOT_FOUND (no_results, rows=0, evaluated=0) [2s]
  [1496/5163] cnp=5695465 · NOT_FOUND (no_results, rows=0, evaluated=0) [2s]
  [1497/5163] cnp=5695713 · NOT_FOUND (no_results, rows=0, evaluated=0) [2s]
  [1498/5163] cnp=5696026 · NOT_FOUND (no_results, rows=0, evaluated=0) [2s]
  [1499/5163] cnp=5696737 · NOT_FOUND (no_results, rows=0, evaluated=0) [2s]
  [1500/5163] cnp=5696745 · NOT_FOUND (no_results, rows=0, evaluated=0) [2s]
    [checkpoint] saved · 1500/5163 · rate=0.17/s · eta=364m22s
  [1501/5163] cnp=5696943 · NOT_FOUND (no_results, rows=0, evaluated=0) [2s]
  [1502/5163] cnp=5697024 · NOT_FOUND (no_results, rows=0, evaluated=0) [2s]
  [1503/5163] cnp=5697321 · NOT_FOUND (no_results, rows=0, evaluated=0) [2s]
  [1504/5163] cnp=5697974 · NOT_FOUND (no_results, rows=0, evaluated=0) [2s]
    [503] backoff 10000ms before retry 1/3 (cnp=5698162)
    [503] backoff 30000ms before retry 2/3 (cnp=5698162)
  [1505/5163] cnp=5698162 · NOT_FOUND (no_results, rows=0, evaluated=0) [43s]
  [1506/5163] cnp=5699087 ✓ MATCHED "Clitax" (G03CX01) +1 siblings (added=2) [10s, evaluated=3]
  [1507/5163] cnp=5699376 · NOT_FOUND (no_results, rows=0, evaluated=0) [4s]
  [1508/5163] cnp=5699483 · NOT_FOUND (no_results, rows=0, evaluated=0) [2s]
  [1509/5163] cnp=5699822 · NOT_FOUND (no_results, rows=0, evaluated=0) [2s]
  [1510/5163] cnp=5699830 · NOT_FOUND (no_results, rows=0, evaluated=0) [3s]
    [checkpoint] saved · 1510/5163 · rate=0.17/s · eta=364m37s
  [1511/5163] cnp=5700224 · NOT_FOUND (no_results, rows=0, evaluated=0) [2s]
  [1512/5163] cnp=5700679 · NOT_FOUND (no_results, rows=0, evaluated=0) [2s]
  [1513/5163] cnp=5700877 · NOT_FOUND (no_results, rows=0, evaluated=0) [2s]
  [1514/5163] cnp=5700919 · NOT_FOUND (no_results, rows=0, evaluated=0) [2s]
  [1515/5163] cnp=5700927 · NOT_FOUND (no_results, rows=0, evaluated=0) [2s]
  [1516/5163] cnp=5700968 · NOT_FOUND (no_results, rows=0, evaluated=0) [2s]
  [1517/5163] cnp=5701636 · NOT_FOUND (no_results, rows=0, evaluated=0) [2s]
  [1518/5163] cnp=5701644 · NOT_FOUND (no_results, rows=0, evaluated=0) [2s]
  [1519/5163] cnp=5701651 · NOT_FOUND (no_results, rows=0, evaluated=0) [2s]
  [1520/5163] cnp=5701677 · NOT_FOUND (no_results, rows=0, evaluated=0) [2s]
    [checkpoint] saved · 1520/5163 · rate=0.17/s · eta=362m47s
  [1521/5163] cnp=5701743 · NOT_FOUND (no_results, rows=0, evaluated=0) [2s]
  [1522/5163] cnp=5701768 · NOT_FOUND (no_results, rows=0, evaluated=0) [2s]
  [1523/5163] cnp=5701800 · NOT_FOUND (no_results, rows=0, evaluated=0) [2s]
  [1524/5163] cnp=5701958 · NOT_FOUND (no_results, rows=0, evaluated=0) [2s]
  [1525/5163] cnp=5702949 · NOT_FOUND (no_results, rows=0, evaluated=0) [2s]
  [1526/5163] cnp=5702964 · NOT_FOUND (no_results, rows=0, evaluated=0) [2s]
  [1527/5163] cnp=5703020 · NOT_FOUND (no_cnp_match, rows=9, evaluated=3) [10s]
  [1528/5163] cnp=5703152 · NOT_FOUND (no_results, rows=0, evaluated=0) [2s]
  [1529/5163] cnp=5703707 · NOT_FOUND (no_results, rows=0, evaluated=0) [2s]
  [1530/5163] cnp=5703764 · NOT_FOUND (no_results, rows=0, evaluated=0) [2s]
    [checkpoint] saved · 1530/5163 · rate=0.17/s · eta=361m10s
  [1531/5163] cnp=5704119 · NOT_FOUND (no_results, rows=0, evaluated=0) [2s]
  [1532/5163] cnp=5704333 · NOT_FOUND (no_results, rows=0, evaluated=0) [2s]
  [1533/5163] cnp=5704358 · NOT_FOUND (no_results, rows=0, evaluated=0) [2s]
  [1534/5163] cnp=5704416 · NOT_FOUND (no_cnp_match, rows=6, evaluated=3) [10s]
    [session] rotation após 30 searches; cooldown 30000ms
  [1535/5163] cnp=5704440 · NOT_FOUND (no_cnp_match, rows=6, evaluated=3) [40s]
  [1536/5163] cnp=5704572 · NOT_FOUND (no_results, rows=0, evaluated=0) [2s]
  [1537/5163] cnp=5704671 · NOT_FOUND (no_results, rows=0, evaluated=0) [2s]
  [1538/5163] cnp=5704713 · NOT_FOUND (no_cnp_match, rows=6, evaluated=3) [10s]
  [1539/5163] cnp=5704861 · NOT_FOUND (no_results, rows=0, evaluated=0) [2s]
  [1540/5163] cnp=5704879 · NOT_FOUND (no_results, rows=0, evaluated=0) [2s]
    [checkpoint] saved · 1540/5163 · rate=0.17/s · eta=361m27s
  [1541/5163] cnp=5704903 · NOT_FOUND (no_results, rows=0, evaluated=0) [2s]
  [1542/5163] cnp=5705033 · NOT_FOUND (no_results, rows=0, evaluated=0) [2s]
  [1543/5163] cnp=5705066 · NOT_FOUND (no_results, rows=0, evaluated=0) [2s]
  [1544/5163] cnp=5705074 · NOT_FOUND (no_results, rows=0, evaluated=0) [2s]
  [1545/5163] cnp=5705702 · NOT_FOUND (no_results, rows=0, evaluated=0) [2s]
  [1546/5163] cnp=5705876 · NOT_FOUND (no_results, rows=0, evaluated=0) [2s]
  [1547/5163] cnp=5706114 · NOT_FOUND (no_results, rows=0, evaluated=0) [2s]
  [1548/5163] cnp=5706502 · NOT_FOUND (no_results, rows=0, evaluated=0) [2s]
  [1549/5163] cnp=5706536 · NOT_FOUND (no_results, rows=0, evaluated=0) [2s]
  [1550/5163] cnp=5707005 · NOT_FOUND (no_results, rows=0, evaluated=0) [2s]
    [checkpoint] saved · 1550/5163 · rate=0.17/s · eta=359m31s
  [1551/5163] cnp=5707138 · NOT_FOUND (no_results, rows=0, evaluated=0) [2s]
  [1552/5163] cnp=5707153 · NOT_FOUND (no_results, rows=0, evaluated=0) [2s]
  [1553/5163] cnp=5708060 · NOT_FOUND (no_results, rows=0, evaluated=0) [2s]
  [1554/5163] cnp=5708250 · NOT_FOUND (no_results, rows=0, evaluated=0) [2s]
  [1555/5163] cnp=5708995 · NOT_FOUND (no_results, rows=0, evaluated=0) [2s]
  [1556/5163] cnp=5709068 ✓ MATCHED "ASP" (B01AC06) +3 siblings (added=4) [10s, evaluated=3]
  [1557/5163] cnp=5709092 · NOT_FOUND (no_results, rows=0, evaluated=0) [2s]
  [1558/5163] cnp=5709290 · NOT_FOUND (no_results, rows=0, evaluated=0) [2s]
  [1559/5163] cnp=5709480 · NOT_FOUND (no_results, rows=0, evaluated=0) [2s]
  [1560/5163] cnp=5709613 · NOT_FOUND (no_results, rows=0, evaluated=0) [2s]
    [checkpoint] saved · 1560/5163 · rate=0.17/s · eta=357m56s
  [1561/5163] cnp=5710579 · NOT_FOUND (no_results, rows=0, evaluated=0) [2s]
  [1562/5163] cnp=5710611 · NOT_FOUND (no_results, rows=0, evaluated=0) [2s]
  [1563/5163] cnp=5710934 · NOT_FOUND (no_results, rows=0, evaluated=0) [2s]
  [1564/5163] cnp=5711411 · NOT_FOUND (no_results, rows=0, evaluated=0) [2s]
    [session] rotation após 30 searches; cooldown 30000ms
  [1565/5163] cnp=5711759 · NOT_FOUND (no_results, rows=0, evaluated=0) [32s]
  [1566/5163] cnp=5711874 · NOT_FOUND (no_results, rows=0, evaluated=0) [2s]
  [1567/5163] cnp=5712278 · NOT_FOUND (no_results, rows=0, evaluated=0) [2s]
  [1568/5163] cnp=5712310 · NOT_FOUND (no_results, rows=0, evaluated=0) [2s]
  [1569/5163] cnp=5712328 · NOT_FOUND (no_results, rows=0, evaluated=0) [2s]
  [1570/5163] cnp=5712492 ✓ MATCHED "Ansilor" (N05BA06) +1 siblings (added=2) [9s, evaluated=2]
    [checkpoint] saved · 1570/5163 · rate=0.17/s · eta=357m28s
  [1571/5163] cnp=5712591 ✓ MATCHED "Ansilor" (N05BA06) +1 siblings (added=2) [8s, evaluated=2]
  [1572/5163] cnp=5712740 · NOT_FOUND (no_results, rows=0, evaluated=0) [2s]
  [1573/5163] cnp=5713235 · NOT_FOUND (no_results, rows=0, evaluated=0) [2s]
  [1574/5163] cnp=5713243 · NOT_FOUND (no_results, rows=0, evaluated=0) [2s]
  [1575/5163] cnp=5713268 · NOT_FOUND (no_results, rows=0, evaluated=0) [2s]
  [1576/5163] cnp=5713300 · NOT_FOUND (no_results, rows=0, evaluated=0) [2s]
  [1577/5163] cnp=5713318 · NOT_FOUND (no_results, rows=0, evaluated=0) [2s]
  [1578/5163] cnp=5713334 · NOT_FOUND (no_results, rows=0, evaluated=0) [2s]
  [1579/5163] cnp=5713342 · NOT_FOUND (no_results, rows=0, evaluated=0) [2s]
  [1580/5163] cnp=5713367 · NOT_FOUND (no_results, rows=0, evaluated=0) [2s]
    [checkpoint] saved · 1580/5163 · rate=0.17/s · eta=355m49s
  [1581/5163] cnp=5713409 · NOT_FOUND (no_results, rows=0, evaluated=0) [2s]
  [1582/5163] cnp=5713417 · NOT_FOUND (no_results, rows=0, evaluated=0) [2s]
  [1583/5163] cnp=5713573 · NOT_FOUND (no_results, rows=0, evaluated=0) [2s]
  [1584/5163] cnp=5713581 · NOT_FOUND (no_results, rows=0, evaluated=0) [2s]
  [1585/5163] cnp=5713680 · NOT_FOUND (no_results, rows=0, evaluated=0) [2s]
  [1586/5163] cnp=5713987 · NOT_FOUND (no_results, rows=0, evaluated=0) [2s]
  [1587/5163] cnp=5714324 · NOT_FOUND (no_results, rows=0, evaluated=0) [2s]
  [1588/5163] cnp=5714498 · NOT_FOUND (no_results, rows=0, evaluated=0) [2s]
  [1589/5163] cnp=5715131 · NOT_FOUND (no_results, rows=0, evaluated=0) [2s]
  [1590/5163] cnp=5715644 · NOT_FOUND (no_results, rows=0, evaluated=0) [2s]
    [checkpoint] saved · 1590/5163 · rate=0.17/s · eta=353m58s
  [1591/5163] cnp=5715677 · NOT_FOUND (no_results, rows=0, evaluated=0) [2s]
  [1592/5163] cnp=5715685 · NOT_FOUND (no_results, rows=0, evaluated=0) [2s]
  [1593/5163] cnp=5715958 · NOT_FOUND (no_results, rows=0, evaluated=0) [2s]
  [1594/5163] cnp=5716014 · NOT_FOUND (no_results, rows=0, evaluated=0) [2s]
    [session] rotation após 30 searches; cooldown 30000ms
  [1595/5163] cnp=5716162 · NOT_FOUND (no_results, rows=0, evaluated=0) [32s]
  [1596/5163] cnp=5716220 · NOT_FOUND (no_results, rows=0, evaluated=0) [2s]
  [1597/5163] cnp=5716238 · NOT_FOUND (no_results, rows=0, evaluated=0) [2s]
  [1598/5163] cnp=5716519 · NOT_FOUND (no_results, rows=0, evaluated=0) [2s]
  [1599/5163] cnp=5716667 · NOT_FOUND (no_results, rows=0, evaluated=0) [2s]
  [1600/5163] cnp=5716832 · NOT_FOUND (no_results, rows=0, evaluated=0) [2s]
    [checkpoint] saved · 1600/5163 · rate=0.17/s · eta=353m14s
  [1601/5163] cnp=5716865 · NOT_FOUND (no_results, rows=0, evaluated=0) [2s]
  [1602/5163] cnp=5716972 · NOT_FOUND (no_results, rows=0, evaluated=0) [2s]
  [1603/5163] cnp=5717012 · NOT_FOUND (no_results, rows=0, evaluated=0) [2s]
  [1604/5163] cnp=5717020 · NOT_FOUND (no_results, rows=0, evaluated=0) [2s]
  [1605/5163] cnp=5717251 · NOT_FOUND (no_results, rows=0, evaluated=0) [3s]
  [1606/5163] cnp=5717582 · NOT_FOUND (no_results, rows=0, evaluated=0) [2s]
  [1607/5163] cnp=5717624 · NOT_FOUND (no_results, rows=0, evaluated=0) [2s]
  [1608/5163] cnp=5717749 · NOT_FOUND (no_results, rows=0, evaluated=0) [2s]
    [session] refresh falhou (refresh HTTP 503); rota.
    [503] backoff 10000ms before retry 1/3 (cnp=5717756)
    [503] backoff 30000ms before retry 2/3 (cnp=5717756)
  [1609/5163] cnp=5717756 · NOT_FOUND (no_results, rows=0, evaluated=0) [42s]
  [1610/5163] cnp=5718317 · NOT_FOUND (no_results, rows=0, evaluated=0) [2s]
    [checkpoint] saved · 1610/5163 · rate=0.17/s · eta=352m55s
  [1611/5163] cnp=5718325 · NOT_FOUND (no_results, rows=0, evaluated=0) [2s]
  [1612/5163] cnp=5718333 · NOT_FOUND (no_results, rows=0, evaluated=0) [2s]
  [1613/5163] cnp=5718473 · NOT_FOUND (no_results, rows=0, evaluated=0) [2s]
  [1614/5163] cnp=5718507 · NOT_FOUND (no_results, rows=0, evaluated=0) [2s]
    [session] refresh falhou (refresh HTTP 503); rota.
    [503] backoff 10000ms before retry 1/3 (cnp=5718523)
    [503] backoff 30000ms before retry 2/3 (cnp=5718523)
  [1615/5163] cnp=5718523 · NOT_FOUND (no_results, rows=0, evaluated=0) [42s]
  [1616/5163] cnp=5718531 · NOT_FOUND (no_results, rows=0, evaluated=0) [2s]
  [1617/5163] cnp=5718556 · NOT_FOUND (no_results, rows=0, evaluated=0) [2s]
  [1618/5163] cnp=5718564 · NOT_FOUND (no_results, rows=0, evaluated=0) [2s]
  [1619/5163] cnp=5718606 · NOT_FOUND (no_results, rows=0, evaluated=0) [2s]
  [1620/5163] cnp=5718622 · NOT_FOUND (no_results, rows=0, evaluated=0) [2s]
    [checkpoint] saved · 1620/5163 · rate=0.17/s · eta=352m31s
  [1621/5163] cnp=5718630 · NOT_FOUND (no_results, rows=0, evaluated=0) [2s]
  [1622/5163] cnp=5718754 · NOT_FOUND (no_results, rows=0, evaluated=0) [2s]
  [1623/5163] cnp=5719315 · NOT_FOUND (no_results, rows=0, evaluated=0) [2s]
  [1624/5163] cnp=5719463 · NOT_FOUND (no_results, rows=0, evaluated=0) [2s]
  [1625/5163] cnp=5719471 · NOT_FOUND (no_results, rows=0, evaluated=0) [2s]
  [1626/5163] cnp=5719513 · NOT_FOUND (no_results, rows=0, evaluated=0) [2s]
  [1627/5163] cnp=5719521 · NOT_FOUND (no_results, rows=0, evaluated=0) [2s]
  [1628/5163] cnp=5719604 · NOT_FOUND (no_results, rows=0, evaluated=0) [2s]
  [1629/5163] cnp=5719612 · NOT_FOUND (no_results, rows=0, evaluated=0) [2s]
  [1630/5163] cnp=5719638 · NOT_FOUND (no_results, rows=0, evaluated=0) [2s]
    [checkpoint] saved · 1630/5163 · rate=0.17/s · eta=350m40s
  [1631/5163] cnp=5719646 · NOT_FOUND (no_results, rows=0, evaluated=0) [2s]
  [1632/5163] cnp=5719653 · NOT_FOUND (no_results, rows=0, evaluated=0) [2s]
  [1633/5163] cnp=5719836 · NOT_FOUND (no_results, rows=0, evaluated=0) [2s]
  [1634/5163] cnp=5719851 · NOT_FOUND (no_results, rows=0, evaluated=0) [2s]
  [1635/5163] cnp=5719935 · NOT_FOUND (no_results, rows=0, evaluated=0) [2s]
  [1636/5163] cnp=5719943 · NOT_FOUND (no_results, rows=0, evaluated=0) [2s]
  [1637/5163] cnp=5720073 · NOT_FOUND (no_results, rows=0, evaluated=0) [2s]
  [1638/5163] cnp=5720107 · NOT_FOUND (no_results, rows=0, evaluated=0) [2s]
  [1639/5163] cnp=5720123 · NOT_FOUND (no_results, rows=0, evaluated=0) [2s]
  [1640/5163] cnp=5720131 · NOT_FOUND (no_results, rows=0, evaluated=0) [2s]
    [checkpoint] saved · 1640/5163 · rate=0.17/s · eta=348m50s
  [1641/5163] cnp=5720172 · NOT_FOUND (no_results, rows=0, evaluated=0) [2s]
  [1642/5163] cnp=5720206 · NOT_FOUND (no_results, rows=0, evaluated=0) [2s]
  [1643/5163] cnp=5720263 · NOT_FOUND (no_results, rows=0, evaluated=0) [2s]
  [1644/5163] cnp=5720271 · NOT_FOUND (no_results, rows=0, evaluated=0) [2s]
    [session] rotation após 30 searches; cooldown 30000ms
  [1645/5163] cnp=5720313 · NOT_FOUND (no_results, rows=0, evaluated=0) [32s]
  [1646/5163] cnp=5720685 · NOT_FOUND (no_results, rows=0, evaluated=0) [2s]
  [1647/5163] cnp=5720743 · NOT_FOUND (no_results, rows=0, evaluated=0) [2s]
  [1648/5163] cnp=5720834 · NOT_FOUND (no_results, rows=0, evaluated=0) [2s]
  [1649/5163] cnp=5720867 · NOT_FOUND (no_results, rows=0, evaluated=0) [2s]
  [1650/5163] cnp=5720875 · NOT_FOUND (no_results, rows=0, evaluated=0) [2s]
    [checkpoint] saved · 1650/5163 · rate=0.17/s · eta=348m05s
  [1651/5163] cnp=5720909 · NOT_FOUND (no_results, rows=0, evaluated=0) [2s]
  [1652/5163] cnp=5721170 · NOT_FOUND (no_results, rows=0, evaluated=0) [2s]
  [1653/5163] cnp=5721287 ✓ MATCHED "Glimepirida Ciclum 4 mg Comprimidos" (A10BB12) +3 siblings (added=4) [8s, evaluated=2]
  [1654/5163] cnp=5721725 · NOT_FOUND (no_results, rows=0, evaluated=0) [2s]
  [1655/5163] cnp=5721832 · NOT_FOUND (no_results, rows=0, evaluated=0) [2s]
  [1656/5163] cnp=5721865 · NOT_FOUND (no_results, rows=0, evaluated=0) [2s]
  [1657/5163] cnp=5722038 ✓ MATCHED "Fluconazol Generis" (J02AC01) +1 siblings (added=2) [10s, evaluated=3]
  [1658/5163] cnp=5722145 · NOT_FOUND (no_results, rows=0, evaluated=0) [2s]
  [1659/5163] cnp=5722152 · NOT_FOUND (no_results, rows=0, evaluated=0) [2s]
  [1660/5163] cnp=5722202 ✓ MATCHED "Gabapentina Generis" (N02BF01) +0 siblings (added=1) [11s, evaluated=3]
    [checkpoint] saved · 1660/5163 · rate=0.17/s · eta=347m06s
  [1661/5163] cnp=5722566 · NOT_FOUND (no_results, rows=0, evaluated=0) [2s]
  [1662/5163] cnp=5722681 · NOT_FOUND (no_results, rows=0, evaluated=0) [2s]
  [1663/5163] cnp=5723036 · NOT_FOUND (no_results, rows=0, evaluated=0) [2s]
  [1664/5163] cnp=5723366 · NOT_FOUND (no_results, rows=0, evaluated=0) [2s]
  [1665/5163] cnp=5723606 ✓ MATCHED "Tramadol Generis" (N02AX02) +0 siblings (added=1) [10s, evaluated=3]
  [1666/5163] cnp=5724547 · NOT_FOUND (no_results, rows=0, evaluated=0) [2s]
  [1667/5163] cnp=5724554 · NOT_FOUND (no_results, rows=0, evaluated=0) [2s]
  [1668/5163] cnp=5724562 · NOT_FOUND (no_results, rows=0, evaluated=0) [2s]
  [1669/5163] cnp=5724588 · NOT_FOUND (no_results, rows=0, evaluated=0) [2s]
  [1670/5163] cnp=5725320 · NOT_FOUND (no_cnp_match, rows=3, evaluated=3) [10s]
    [checkpoint] saved · 1670/5163 · rate=0.17/s · eta=345m52s
  [1671/5163] cnp=5725627 · NOT_FOUND (no_results, rows=0, evaluated=0) [2s]
  [1672/5163] cnp=5725635 · NOT_FOUND (no_results, rows=0, evaluated=0) [2s]
  [1673/5163] cnp=5725908 · NOT_FOUND (no_results, rows=0, evaluated=0) [2s]
  [1674/5163] cnp=5726211 · NOT_FOUND (no_results, rows=0, evaluated=0) [2s]
    [session] rotation após 30 searches; cooldown 30000ms
  [1675/5163] cnp=5726328 · NOT_FOUND (no_results, rows=0, evaluated=0) [32s]
  [1676/5163] cnp=5726369 · NOT_FOUND (no_results, rows=0, evaluated=0) [2s]
  [1677/5163] cnp=5726625 · NOT_FOUND (no_results, rows=0, evaluated=0) [2s]
  [1678/5163] cnp=5726633 · NOT_FOUND (no_results, rows=0, evaluated=0) [2s]
  [1679/5163] cnp=5726641 · NOT_FOUND (no_results, rows=0, evaluated=0) [2s]
  [1680/5163] cnp=5726732 ✓ MATCHED "Nioben" (C09DB04) +1 siblings (added=2) [8s, evaluated=2]
    [checkpoint] saved · 1680/5163 · rate=0.17/s · eta=345m20s
  [1681/5163] cnp=5727615 · NOT_FOUND (no_results, rows=0, evaluated=0) [2s]
  [1682/5163] cnp=5727706 · NOT_FOUND (no_results, rows=0, evaluated=0) [2s]
  [1683/5163] cnp=5728357 · NOT_FOUND (no_results, rows=0, evaluated=0) [2s]
  [1684/5163] cnp=5728365 · NOT_FOUND (no_results, rows=0, evaluated=0) [2s]
  [1685/5163] cnp=5728803 ✓ MATCHED "Atomoxetina ratiopharm" (N06BA09) +3 siblings (added=4) [11s, evaluated=3]
  [1686/5163] cnp=5728829 ✓ MATCHED "Atomoxetina ratiopharm" (N06BA09) +2 siblings (added=3) [10s, evaluated=3]
  [resolve cnp=5728910] candidato row=2 (Atomoxetina ratiopharm
											MG) falhou: click row HTTP 503
  [1687/5163] cnp=5728910 · NOT_FOUND (no_cnp_match, rows=4, evaluated=3) [25s]
    [session] refresh falhou (refresh HTTP 503); rota.
    [503] backoff 10000ms before retry 1/3 (cnp=5729231)
    [503] backoff 30000ms before retry 2/3 (cnp=5729231)
    [503] backoff 90000ms before retry 3/3 (cnp=5729231)
  [1688/5163] cnp=5729231 · NOT_FOUND (no_results, rows=0, evaluated=0) [2m12s]
  [1689/5163] cnp=5729249 · NOT_FOUND (no_results, rows=0, evaluated=0) [2s]
  [1690/5163] cnp=5729363 · NOT_FOUND (no_results, rows=0, evaluated=0) [2s]
    [checkpoint] saved · 1690/5163 · rate=0.17/s · eta=349m26s
  [1691/5163] cnp=5729462 · NOT_FOUND (no_results, rows=0, evaluated=0) [2s]
  [1692/5163] cnp=5729637 ✓ MATCHED "Rivastigmina Generis" (N06DA03) +0 siblings (added=1) [10s, evaluated=3]
  [1693/5163] cnp=5729835 · NOT_FOUND (no_results, rows=0, evaluated=0) [2s]
  [1694/5163] cnp=5729900 ✓ MATCHED "Rivastigmina Generis" (N06DA03) +1 siblings (added=2) [10s, evaluated=3]
  [1695/5163] cnp=5729926 ✓ MATCHED "Rivastigmina Generis" (N06DA03) +1 siblings (added=2) [10s, evaluated=3]
  [1696/5163] cnp=5729959 · NOT_FOUND (no_results, rows=0, evaluated=0) [2s]
  [1697/5163] cnp=5730056 · NOT_FOUND (no_results, rows=0, evaluated=0) [2s]
  [1698/5163] cnp=5730098 · NOT_FOUND (no_cnp_match, rows=7, evaluated=3) [10s]
  [1699/5163] cnp=5730320 · NOT_FOUND (no_results, rows=0, evaluated=0) [2s]
  [1700/5163] cnp=5730338 · NOT_FOUND (no_results, rows=0, evaluated=0) [2s]
    [checkpoint] saved · 1700/5163 · rate=0.17/s · eta=348m49s
  [1701/5163] cnp=5730346 · NOT_FOUND (no_results, rows=0, evaluated=0) [2s]
  [1702/5163] cnp=5730528 · NOT_FOUND (no_results, rows=0, evaluated=0) [2s]
  [1703/5163] cnp=5730601 · NOT_FOUND (no_results, rows=0, evaluated=0) [2s]
  [1704/5163] cnp=5730619 · NOT_FOUND (no_results, rows=0, evaluated=0) [2s]
  [1705/5163] cnp=5730627 · NOT_FOUND (no_results, rows=0, evaluated=0) [2s]
  [1706/5163] cnp=5730791 · NOT_FOUND (no_results, rows=0, evaluated=0) [2s]
  [1707/5163] cnp=5730882 · NOT_FOUND (no_results, rows=0, evaluated=0) [2s]
  [1708/5163] cnp=5730981 · NOT_FOUND (no_results, rows=0, evaluated=0) [2s]
  [1709/5163] cnp=5731112 · NOT_FOUND (no_results, rows=0, evaluated=0) [2s]
  [1710/5163] cnp=5731542 · NOT_FOUND (no_results, rows=0, evaluated=0) [2s]
    [checkpoint] saved · 1710/5163 · rate=0.17/s · eta=346m59s
  [1711/5163] cnp=5731773 · NOT_FOUND (no_results, rows=0, evaluated=0) [2s]
  [1712/5163] cnp=5731914 · NOT_FOUND (no_results, rows=0, evaluated=0) [2s]
  [1713/5163] cnp=5732136 ✓ MATCHED "Pregabalina Tecnigen" (N02BF02) +2 siblings (added=3) [10s, evaluated=3]
  [1714/5163] cnp=5732474 ✓ MATCHED "Reagila" (N05AX15) +1 siblings (added=2) [10s, evaluated=3]
    [503] backoff 10000ms before retry 1/3 (cnp=5732516)
  [1715/5163] cnp=5732516 ✓ MATCHED "Reagila" (N05AX15) +1 siblings (added=2) [22s, evaluated=3]
  [1716/5163] cnp=5732920 · NOT_FOUND (no_results, rows=0, evaluated=0) [2s]
  [1717/5163] cnp=5733274 · NOT_FOUND (no_results, rows=0, evaluated=0) [2s]
  [1718/5163] cnp=5733308 · NOT_FOUND (no_results, rows=0, evaluated=0) [2s]
  [1719/5163] cnp=5733472 · NOT_FOUND (no_results, rows=0, evaluated=0) [2s]
  [1720/5163] cnp=5733498 · NOT_FOUND (no_cnp_match, rows=4, evaluated=3) [10s]
    [checkpoint] saved · 1720/5163 · rate=0.17/s · eta=346m41s
  [1721/5163] cnp=5733506 · NOT_FOUND (no_results, rows=0, evaluated=0) [2s]
  [1722/5163] cnp=5733514 · NOT_FOUND (no_results, rows=0, evaluated=0) [2s]
  [1723/5163] cnp=5733670 · NOT_FOUND (no_results, rows=0, evaluated=0) [2s]
  [1724/5163] cnp=5733696 ✓ MATCHED "Medipax" (N05BA05) +2 siblings (added=3) [10s, evaluated=3]
  [1725/5163] cnp=5733795 ✓ MATCHED "Medipax" (N05BA05) +2 siblings (added=3) [10s, evaluated=3]
  [1726/5163] cnp=5733837 · NOT_FOUND (no_results, rows=0, evaluated=0) [2s]
  [1727/5163] cnp=5733894 ✓ MATCHED "Medipax" (N05BA05) +2 siblings (added=3) [11s, evaluated=3]
  [1728/5163] cnp=5734207 · NOT_FOUND (no_results, rows=0, evaluated=0) [2s]
  [1729/5163] cnp=5734470 · NOT_FOUND (no_results, rows=0, evaluated=0) [2s]
  [1730/5163] cnp=5734751 · NOT_FOUND (no_results, rows=0, evaluated=0) [2s]
    [checkpoint] saved · 1730/5163 · rate=0.17/s · eta=345m45s
  [1731/5163] cnp=5734777 · NOT_FOUND (no_results, rows=0, evaluated=0) [2s]
  [1732/5163] cnp=5734801 · NOT_FOUND (no_results, rows=0, evaluated=0) [2s]
  [1733/5163] cnp=5734876 · NOT_FOUND (no_results, rows=0, evaluated=0) [2s]
  [1734/5163] cnp=5734918 · NOT_FOUND (no_results, rows=0, evaluated=0) [2s]
  [1735/5163] cnp=5734926 · NOT_FOUND (no_results, rows=0, evaluated=0) [2s]
  [1736/5163] cnp=5734934 · NOT_FOUND (no_results, rows=0, evaluated=0) [2s]
  [1737/5163] cnp=5735212 · NOT_FOUND (no_results, rows=0, evaluated=0) [2s]
  [1738/5163] cnp=5735774 · NOT_FOUND (no_results, rows=0, evaluated=0) [2s]
  [1739/5163] cnp=5735907 · NOT_FOUND (no_results, rows=0, evaluated=0) [2s]
  [1740/5163] cnp=5735923 · NOT_FOUND (no_results, rows=0, evaluated=0) [2s]
    [checkpoint] saved · 1740/5163 · rate=0.17/s · eta=343m56s
  [1741/5163] cnp=5736137 · NOT_FOUND (no_results, rows=0, evaluated=0) [2s]
  [1742/5163] cnp=5736152 · NOT_FOUND (no_results, rows=0, evaluated=0) [2s]
  [1743/5163] cnp=5736327 · NOT_FOUND (no_cnp_match, rows=3, evaluated=3) [10s]
  [1744/5163] cnp=5736335 · NOT_FOUND (no_results, rows=0, evaluated=0) [2s]
    [session] rotation após 30 searches; cooldown 30000ms
  [1745/5163] cnp=5736525 · NOT_FOUND (no_results, rows=0, evaluated=0) [32s]
  [1746/5163] cnp=5737143 · NOT_FOUND (no_results, rows=0, evaluated=0) [2s]
  [1747/5163] cnp=5737218 · NOT_FOUND (no_results, rows=0, evaluated=0) [2s]
  [1748/5163] cnp=5738315 ✓ MATCHED "Atomoxetina Generis" (N06BA09) +0 siblings (added=1) [10s, evaluated=3]
  [1749/5163] cnp=5738349 ✓ MATCHED "Atomoxetina Generis" (N06BA09) +1 siblings (added=2) [11s, evaluated=3]
  [1750/5163] cnp=5738364 ✓ MATCHED "Atomoxetina Generis" (N06BA09) +1 siblings (added=2) [10s, evaluated=3]
    [checkpoint] saved · 1750/5163 · rate=0.17/s · eta=344m14s
  [1751/5163] cnp=5738406 · NOT_FOUND (no_results, rows=0, evaluated=0) [2s]
  [1752/5163] cnp=5738422 · NOT_FOUND (no_results, rows=0, evaluated=0) [2s]
  [1753/5163] cnp=5738448 · NOT_FOUND (no_results, rows=0, evaluated=0) [2s]
  [1754/5163] cnp=5738679 · NOT_FOUND (no_results, rows=0, evaluated=0) [2s]
  [1755/5163] cnp=5738737 · NOT_FOUND (no_results, rows=0, evaluated=0) [2s]
  [1756/5163] cnp=5738885 · NOT_FOUND (no_results, rows=0, evaluated=0) [2s]
  [1757/5163] cnp=5739024 · NOT_FOUND (no_results, rows=0, evaluated=0) [2s]
  [1758/5163] cnp=5739057 · NOT_FOUND (no_results, rows=0, evaluated=0) [2s]
  [1759/5163] cnp=5739065 · NOT_FOUND (no_results, rows=0, evaluated=0) [2s]
  [1760/5163] cnp=5739149 · NOT_FOUND (no_results, rows=0, evaluated=0) [2s]
    [checkpoint] saved · 1760/5163 · rate=0.17/s · eta=342m26s
  [1761/5163] cnp=5739735 ✓ MATCHED "Atomoxetina Generis" (N06BA09) +0 siblings (added=1) [10s, evaluated=3]
  [1762/5163] cnp=5740048 · NOT_FOUND (no_results, rows=0, evaluated=0) [2s]
  [1763/5163] cnp=5740212 · NOT_FOUND (no_results, rows=0, evaluated=0) [2s]
  [1764/5163] cnp=5741517 · NOT_FOUND (no_results, rows=0, evaluated=0) [2s]
  [1765/5163] cnp=5741822 ✓ MATCHED "Colroset" (C10BA06) +1 siblings (added=2) [10s, evaluated=3]
    [503] backoff 10000ms before retry 1/3 (cnp=5741830)
    [503] backoff 30000ms before retry 2/3 (cnp=5741830)
  [1766/5163] cnp=5741830 ✓ MATCHED "Colroset" (C10BA06) +0 siblings (added=1) [52s, evaluated=3]
  [1767/5163] cnp=5741848 ✓ MATCHED "Colroset" (C10BA06) +0 siblings (added=1) [10s, evaluated=3]
  [1768/5163] cnp=5742333 · NOT_FOUND (no_results, rows=0, evaluated=0) [2s]
  [1769/5163] cnp=5742432 · NOT_FOUND (no_cnp_match, rows=3, evaluated=3) [10s]
  [1770/5163] cnp=5742440 · NOT_FOUND (no_cnp_match, rows=3, evaluated=3) [10s]
    [checkpoint] saved · 1770/5163 · rate=0.16/s · eta=343m36s
  [1771/5163] cnp=5742762 · NOT_FOUND (no_results, rows=0, evaluated=0) [2s]
  [1772/5163] cnp=5742770 · NOT_FOUND (no_results, rows=0, evaluated=0) [2s]
  [1773/5163] cnp=5742788 · NOT_FOUND (no_results, rows=0, evaluated=0) [2s]
  [1774/5163] cnp=5743554 · NOT_FOUND (no_results, rows=0, evaluated=0) [2s]
  [1775/5163] cnp=5744289 · NOT_FOUND (no_results, rows=0, evaluated=0) [2s]
  [1776/5163] cnp=5744420 · NOT_FOUND (no_results, rows=0, evaluated=0) [2s]
  [1777/5163] cnp=5744610 · NOT_FOUND (no_results, rows=0, evaluated=0) [2s]
  [1778/5163] cnp=5744628 · NOT_FOUND (no_results, rows=0, evaluated=0) [2s]
  [1779/5163] cnp=5744719 · NOT_FOUND (no_cnp_match, rows=3, evaluated=3) [10s]
  [1780/5163] cnp=5744735 ✓ MATCHED "Asutam" (C10BX09) +1 siblings (added=2) [10s, evaluated=3]
    [checkpoint] saved · 1780/5163 · rate=0.16/s · eta=342m20s
  [1781/5163] cnp=5745310 · NOT_FOUND (no_cnp_match, rows=4, evaluated=3) [10s]
  [1782/5163] cnp=5745336 ✓ MATCHED "Asutam" (C10BX09) +0 siblings (added=1) [10s, evaluated=3]
  [1783/5163] cnp=5745526 · NOT_FOUND (no_results, rows=0, evaluated=0) [2s]
  [1784/5163] cnp=5745542 · NOT_FOUND (no_results, rows=0, evaluated=0) [2s]
  [1785/5163] cnp=5745765 · NOT_FOUND (no_results, rows=0, evaluated=0) [2s]
  [1786/5163] cnp=5745807 · NOT_FOUND (no_results, rows=0, evaluated=0) [2s]
  [1787/5163] cnp=5745823 · NOT_FOUND (no_results, rows=0, evaluated=0) [2s]
  [1788/5163] cnp=5745831 · NOT_FOUND (no_results, rows=0, evaluated=0) [2s]
  [1789/5163] cnp=5745849 · NOT_FOUND (no_results, rows=0, evaluated=0) [2s]
  [1790/5163] cnp=5746177 · NOT_FOUND (no_results, rows=0, evaluated=0) [2s]
    [checkpoint] saved · 1790/5163 · rate=0.16/s · eta=341m05s
  [1791/5163] cnp=5746219 · NOT_FOUND (no_results, rows=0, evaluated=0) [2s]
  [1792/5163] cnp=5746342 · NOT_FOUND (no_results, rows=0, evaluated=0) [2s]
  [1793/5163] cnp=5747050 · NOT_FOUND (no_results, rows=0, evaluated=0) [2s]
  [1794/5163] cnp=5747241 · NOT_FOUND (no_results, rows=0, evaluated=0) [2s]
  [1795/5163] cnp=5748009 · NOT_FOUND (no_results, rows=0, evaluated=0) [2s]
    [session] rotation após 30 searches; cooldown 30000ms
  [1796/5163] cnp=5748371 · NOT_FOUND (no_results, rows=0, evaluated=0) [32s]
  [1797/5163] cnp=5749577 · NOT_FOUND (no_results, rows=0, evaluated=0) [2s]
  [1798/5163] cnp=5750062 · NOT_FOUND (no_results, rows=0, evaluated=0) [2s]
  [1799/5163] cnp=5750112 · NOT_FOUND (no_results, rows=0, evaluated=0) [2s]
  [1800/5163] cnp=5750310 · NOT_FOUND (no_results, rows=0, evaluated=0) [2s]
    [checkpoint] saved · 1800/5163 · rate=0.16/s · eta=340m14s
  [1801/5163] cnp=5750336 · NOT_FOUND (no_results, rows=0, evaluated=0) [2s]
  [1802/5163] cnp=5750526 · NOT_FOUND (no_results, rows=0, evaluated=0) [2s]
  [1803/5163] cnp=5750609 · NOT_FOUND (no_results, rows=0, evaluated=0) [2s]
  [1804/5163] cnp=5750948 ✓ MATCHED "Hemopassduo" (B01AC30) +2 siblings (added=3) [8s, evaluated=2]
  [1805/5163] cnp=5750971 · NOT_FOUND (no_results, rows=0, evaluated=0) [2s]
  [1806/5163] cnp=5751888 · NOT_FOUND (no_results, rows=0, evaluated=0) [2s]
  [1807/5163] cnp=5752308 · NOT_FOUND (no_results, rows=0, evaluated=0) [2s]
  [1808/5163] cnp=5752480 · NOT_FOUND (no_results, rows=0, evaluated=0) [2s]
  [1809/5163] cnp=5752530 · NOT_FOUND (no_results, rows=0, evaluated=0) [2s]
  [1810/5163] cnp=5752605 · NOT_FOUND (no_results, rows=0, evaluated=0) [2s]
    [checkpoint] saved · 1810/5163 · rate=0.17/s · eta=338m39s
  [1811/5163] cnp=5752811 · NOT_FOUND (no_results, rows=0, evaluated=0) [2s]
  [1812/5163] cnp=5754379 · NOT_FOUND (no_results, rows=0, evaluated=0) [2s]
  [1813/5163] cnp=5754882 · NOT_FOUND (no_results, rows=0, evaluated=0) [2s]
  [1814/5163] cnp=5754916 · NOT_FOUND (no_results, rows=0, evaluated=0) [2s]
  [1815/5163] cnp=5754981 ✓ MATCHED "Indapamida Generis 1,5 mg Comprimido de libertação prolongada" (C03BA11) +4 siblings (added=5) [10s, evaluated=3]
  [1816/5163] cnp=5755202 · NOT_FOUND (no_results, rows=0, evaluated=0) [2s]
  [1817/5163] cnp=5755236 · NOT_FOUND (no_results, rows=0, evaluated=0) [2s]
  [1818/5163] cnp=5755244 · NOT_FOUND (no_results, rows=0, evaluated=0) [2s]
  [1819/5163] cnp=5755251 · NOT_FOUND (no_results, rows=0, evaluated=0) [2s]
  [1820/5163] cnp=5755350 ✓ MATCHED "Mepranil" (C09BB07) +1 siblings (added=2) [10s, evaluated=3]
    [checkpoint] saved · 1820/5163 · rate=0.17/s · eta=337m25s
  [1821/5163] cnp=5755368 · NOT_FOUND (no_cnp_match, rows=5, evaluated=3) [10s]
  [1822/5163] cnp=5755459 · NOT_FOUND (no_results, rows=0, evaluated=0) [2s]
    [503] backoff 10000ms before retry 1/3 (cnp=5755467)
    [503] backoff 30000ms before retry 2/3 (cnp=5755467)
  [1823/5163] cnp=5755467 · NOT_FOUND (no_results, rows=0, evaluated=0) [44s]
  [1824/5163] cnp=5755475 · NOT_FOUND (no_results, rows=0, evaluated=0) [2s]
  [1825/5163] cnp=5755517 · NOT_FOUND (no_results, rows=0, evaluated=0) [2s]
  [1826/5163] cnp=5755533 · NOT_FOUND (no_results, rows=0, evaluated=0) [2s]
  [1827/5163] cnp=5755624 · NOT_FOUND (no_results, rows=0, evaluated=0) [2s]
    [session] refresh falhou (refresh HTTP 503); rota.
    [503] backoff 10000ms before retry 1/3 (cnp=5755632)
    [503] backoff 30000ms before retry 2/3 (cnp=5755632)
  [1828/5163] cnp=5755632 · NOT_FOUND (no_results, rows=0, evaluated=0) [42s]
  [1829/5163] cnp=5755640 · NOT_FOUND (no_results, rows=0, evaluated=0) [2s]
  [1830/5163] cnp=5755905 ✓ MATCHED "Mepranil" (C09BB07) +0 siblings (added=1) [11s, evaluated=3]
    [checkpoint] saved · 1830/5163 · rate=0.16/s · eta=338m42s
  [1831/5163] cnp=5755913 · NOT_FOUND (no_cnp_match, rows=5, evaluated=3) [10s]
  [1832/5163] cnp=5755921 ✓ MATCHED "Mepranil" (C09BB07) +0 siblings (added=1) [10s, evaluated=3]
  [1833/5163] cnp=5756689 ✓ MATCHED "Tiorfan" (A07XA04) +1 siblings (added=2) [10s, evaluated=3]
  [1834/5163] cnp=5756747 · NOT_FOUND (no_results, rows=0, evaluated=0) [2s]
  [1835/5163] cnp=5756812 · NOT_FOUND (no_results, rows=0, evaluated=0) [2s]
  [1836/5163] cnp=5756820 · NOT_FOUND (no_results, rows=0, evaluated=0) [2s]
  [1837/5163] cnp=5756838 · NOT_FOUND (no_results, rows=0, evaluated=0) [2s]
  [1838/5163] cnp=5756846 · NOT_FOUND (no_results, rows=0, evaluated=0) [2s]
  [1839/5163] cnp=5757059 · NOT_FOUND (no_results, rows=0, evaluated=0) [2s]
  [1840/5163] cnp=5757372 · NOT_FOUND (no_results, rows=0, evaluated=0) [2s]
    [checkpoint] saved · 1840/5163 · rate=0.16/s · eta=337m42s
  [1841/5163] cnp=5757745 · NOT_FOUND (no_results, rows=0, evaluated=0) [2s]
  [1842/5163] cnp=5757802 · NOT_FOUND (no_results, rows=0, evaluated=0) [2s]
  [1843/5163] cnp=5757810 · NOT_FOUND (no_results, rows=0, evaluated=0) [2s]
  [1844/5163] cnp=5757836 · NOT_FOUND (no_results, rows=0, evaluated=0) [2s]
  [1845/5163] cnp=5757869 · NOT_FOUND (no_results, rows=0, evaluated=0) [2s]
  [1846/5163] cnp=5757877 · NOT_FOUND (no_results, rows=0, evaluated=0) [2s]
  [1847/5163] cnp=5757935 · NOT_FOUND (no_results, rows=0, evaluated=0) [2s]
  [1848/5163] cnp=5758081 · NOT_FOUND (no_results, rows=0, evaluated=0) [2s]
  [1849/5163] cnp=5758453 · NOT_FOUND (no_results, rows=0, evaluated=0) [2s]
  [1850/5163] cnp=5758743 · NOT_FOUND (no_results, rows=0, evaluated=0) [2s]
    [checkpoint] saved · 1850/5163 · rate=0.16/s · eta=335m56s
  [1851/5163] cnp=5758842 · NOT_FOUND (no_results, rows=0, evaluated=0) [2s]
  [1852/5163] cnp=5758958 ✓ MATCHED "Lovenox" (B01AB05) +3 siblings (added=4) [10s, evaluated=3]
  [1853/5163] cnp=5758966 ✓ MATCHED "Lovenox" (B01AB05) +3 siblings (added=4) [10s, evaluated=3]
  [1854/5163] cnp=5758974 ✓ MATCHED "Lovenox" (B01AB05) +3 siblings (added=4) [11s, evaluated=3]
  [1855/5163] cnp=5759022 ✓ MATCHED "Lovenox" (B01AB05) +3 siblings (added=4) [10s, evaluated=3]
  [1856/5163] cnp=5759147 · NOT_FOUND (no_results, rows=0, evaluated=0) [2s]
  [1857/5163] cnp=5759162 · NOT_FOUND (no_results, rows=0, evaluated=0) [2s]
    [session] rotation após 30 searches; cooldown 30000ms
  [1858/5163] cnp=5759170 · NOT_FOUND (no_results, rows=0, evaluated=0) [32s]
  [1859/5163] cnp=5759204 · NOT_FOUND (no_results, rows=0, evaluated=0) [2s]
  [1860/5163] cnp=5760228 · NOT_FOUND (no_results, rows=0, evaluated=0) [2s]
    [checkpoint] saved · 1860/5163 · rate=0.16/s · eta=336m07s
  [1861/5163] cnp=5760244 · NOT_FOUND (no_results, rows=0, evaluated=0) [2s]
  [1862/5163] cnp=5760673 · NOT_FOUND (no_results, rows=0, evaluated=0) [2s]
  [1863/5163] cnp=5760723 · NOT_FOUND (no_results, rows=0, evaluated=0) [2s]
  [1864/5163] cnp=5760731 · NOT_FOUND (no_results, rows=0, evaluated=0) [2s]
  [1865/5163] cnp=5760764 · NOT_FOUND (no_cnp_match, rows=2, evaluated=2) [9s]
  [1866/5163] cnp=5760814 · NOT_FOUND (no_results, rows=0, evaluated=0) [2s]
  [1867/5163] cnp=5760871 · NOT_FOUND (no_results, rows=0, evaluated=0) [2s]
  [1868/5163] cnp=5761044 · NOT_FOUND (no_results, rows=0, evaluated=0) [2s]
  [1869/5163] cnp=5761051 · NOT_FOUND (no_results, rows=0, evaluated=0) [2s]
  [1870/5163] cnp=5761069 · NOT_FOUND (no_results, rows=0, evaluated=0) [2s]
    [checkpoint] saved · 1870/5163 · rate=0.16/s · eta=334m35s
  [1871/5163] cnp=5761325 · NOT_FOUND (no_results, rows=0, evaluated=0) [2s]
  [1872/5163] cnp=5761366 · NOT_FOUND (no_results, rows=0, evaluated=0) [2s]
  [1873/5163] cnp=5761721 · NOT_FOUND (no_results, rows=0, evaluated=0) [2s]
  [1874/5163] cnp=5761739 · NOT_FOUND (no_results, rows=0, evaluated=0) [2s]
  [1875/5163] cnp=5762000 · NOT_FOUND (no_results, rows=0, evaluated=0) [2s]
  [1876/5163] cnp=5762018 · NOT_FOUND (no_results, rows=0, evaluated=0) [2s]
  [1877/5163] cnp=5762026 · NOT_FOUND (no_results, rows=0, evaluated=0) [2s]
  [1878/5163] cnp=5762034 · NOT_FOUND (no_results, rows=0, evaluated=0) [2s]
  [1879/5163] cnp=5762059 · NOT_FOUND (no_results, rows=0, evaluated=0) [2s]
  [1880/5163] cnp=5762075 · NOT_FOUND (no_results, rows=0, evaluated=0) [2s]
    [checkpoint] saved · 1880/5163 · rate=0.16/s · eta=332m50s
  [1881/5163] cnp=5762117 · NOT_FOUND (no_results, rows=0, evaluated=0) [2s]
  [1882/5163] cnp=5762554 ✓ MATCHED "Alopurinol Generis" (M04AA01) +1 siblings (added=2) [8s, evaluated=2]
  [1883/5163] cnp=5762869 · NOT_FOUND (no_results, rows=0, evaluated=0) [2s]
  [1884/5163] cnp=5763164 · NOT_FOUND (no_results, rows=0, evaluated=0) [2s]
  [1885/5163] cnp=5763602 ✓ MATCHED "Ginkgo Biloba Krka" (N06DX02) +0 siblings (added=1) [8s, evaluated=2]
  [1886/5163] cnp=5763792 · NOT_FOUND (no_results, rows=0, evaluated=0) [2s]
  [1887/5163] cnp=5763867 · NOT_FOUND (no_cnp_match, rows=4, evaluated=3) [10s]
    [session] rotation após 30 searches; cooldown 30000ms
  [1888/5163] cnp=5763875 ✓ MATCHED "Altensil" (C09DB07) +0 siblings (added=1) [41s, evaluated=3]
  [1889/5163] cnp=5763891 · NOT_FOUND (no_results, rows=0, evaluated=0) [2s]
  [1890/5163] cnp=5763909 ✓ MATCHED "Altensil" (C09DB07) +0 siblings (added=1) [10s, evaluated=3]
    [checkpoint] saved · 1890/5163 · rate=0.16/s · eta=333m06s
  [1891/5163] cnp=5763917 ✓ MATCHED "Altensil" (C09DB07) +0 siblings (added=1) [10s, evaluated=3]
  [1892/5163] cnp=5763933 · NOT_FOUND (no_results, rows=0, evaluated=0) [2s]
  [1893/5163] cnp=5763958 · NOT_FOUND (no_results, rows=0, evaluated=0) [2s]
  [1894/5163] cnp=5763966 · NOT_FOUND (no_results, rows=0, evaluated=0) [2s]
  [1895/5163] cnp=5764022 · NOT_FOUND (no_results, rows=0, evaluated=0) [2s]
  [1896/5163] cnp=5764055 · NOT_FOUND (no_results, rows=0, evaluated=0) [2s]
  [1897/5163] cnp=5764253 · NOT_FOUND (no_results, rows=0, evaluated=0) [2s]
  [1898/5163] cnp=5764337 · NOT_FOUND (no_results, rows=0, evaluated=0) [2s]
  [1899/5163] cnp=5764352 · NOT_FOUND (no_results, rows=0, evaluated=0) [2s]
  [1900/5163] cnp=5764410 · NOT_FOUND (no_results, rows=0, evaluated=0) [2s]
    [checkpoint] saved · 1900/5163 · rate=0.16/s · eta=331m37s
  [1901/5163] cnp=5765342 · NOT_FOUND (no_results, rows=0, evaluated=0) [2s]
  [1902/5163] cnp=5765359 · NOT_FOUND (no_results, rows=0, evaluated=0) [2s]
  [1903/5163] cnp=5765425 · NOT_FOUND (no_results, rows=0, evaluated=0) [2s]
  [1904/5163] cnp=5765607 · NOT_FOUND (no_results, rows=0, evaluated=0) [2s]
  [1905/5163] cnp=5765615 · NOT_FOUND (no_results, rows=0, evaluated=0) [2s]
  [1906/5163] cnp=5765706 · NOT_FOUND (no_results, rows=0, evaluated=0) [2s]
  [1907/5163] cnp=5765821 · NOT_FOUND (no_results, rows=0, evaluated=0) [2s]
  [1908/5163] cnp=5765904 · NOT_FOUND (no_results, rows=0, evaluated=0) [2s]
  [1909/5163] cnp=5767264 · NOT_FOUND (no_results, rows=0, evaluated=0) [2s]
  [1910/5163] cnp=5767306 · NOT_FOUND (no_results, rows=0, evaluated=0) [2s]
    [checkpoint] saved · 1910/5163 · rate=0.16/s · eta=329m53s
  [1911/5163] cnp=5767611 · NOT_FOUND (no_results, rows=0, evaluated=0) [2s]
  [1912/5163] cnp=5767637 · NOT_FOUND (no_results, rows=0, evaluated=0) [2s]
  [1913/5163] cnp=5767645 · NOT_FOUND (no_results, rows=0, evaluated=0) [2s]
  [1914/5163] cnp=5767728 · NOT_FOUND (no_results, rows=0, evaluated=0) [2s]
  [1915/5163] cnp=5768213 · NOT_FOUND (no_results, rows=0, evaluated=0) [2s]
  [1916/5163] cnp=5768221 · NOT_FOUND (no_results, rows=0, evaluated=0) [2s]
  [1917/5163] cnp=5768239 · NOT_FOUND (no_results, rows=0, evaluated=0) [2s]
    [session] rotation após 30 searches; cooldown 30000ms
  [1918/5163] cnp=5768247 · NOT_FOUND (no_results, rows=0, evaluated=0) [32s]
  [1919/5163] cnp=5768254 · NOT_FOUND (no_results, rows=0, evaluated=0) [2s]
  [1920/5163] cnp=5768510 · NOT_FOUND (no_results, rows=0, evaluated=0) [2s]
    [checkpoint] saved · 1920/5163 · rate=0.16/s · eta=329m01s
  [1921/5163] cnp=5768619 · NOT_FOUND (no_results, rows=0, evaluated=0) [2s]
  [1922/5163] cnp=5769138 ✓ MATCHED "Silodosina Mylan" (G04CA04) +1 siblings (added=2) [8s, evaluated=2]
  [1923/5163] cnp=5769146 ✓ MATCHED "Silodosina Mylan" (G04CA04) +0 siblings (added=1) [8s, evaluated=2]
  [1924/5163] cnp=5769310 ✓ MATCHED "Silodosina Ratiopharm" (G04CA04) +1 siblings (added=2) [8s, evaluated=2]
  [1925/5163] cnp=5769336 ✓ MATCHED "Silodosina Ratiopharm" (G04CA04) +1 siblings (added=2) [8s, evaluated=2]
  [1926/5163] cnp=5769450 · NOT_FOUND (no_results, rows=0, evaluated=0) [2s]
  [1927/5163] cnp=5770029 · NOT_FOUND (no_results, rows=0, evaluated=0) [3s]
  [1928/5163] cnp=5770060 · NOT_FOUND (no_results, rows=0, evaluated=0) [2s]
  [1929/5163] cnp=5770706 · NOT_FOUND (no_results, rows=0, evaluated=0) [2s]
  [1930/5163] cnp=5770714 · NOT_FOUND (no_results, rows=0, evaluated=0) [2s]
    [checkpoint] saved · 1930/5163 · rate=0.16/s · eta=328m05s
  [1931/5163] cnp=5770763 · NOT_FOUND (no_results, rows=0, evaluated=0) [2s]
  [1932/5163] cnp=5770862 · NOT_FOUND (no_results, rows=0, evaluated=0) [2s]
  [1933/5163] cnp=5770870 · NOT_FOUND (no_results, rows=0, evaluated=0) [2s]
  [1934/5163] cnp=5770979 · NOT_FOUND (no_results, rows=0, evaluated=0) [2s]
  [1935/5163] cnp=5771043 · NOT_FOUND (no_results, rows=0, evaluated=0) [2s]
  [1936/5163] cnp=5771050 · NOT_FOUND (no_results, rows=0, evaluated=0) [2s]
  [1937/5163] cnp=5771100 · NOT_FOUND (no_results, rows=0, evaluated=0) [2s]
  [1938/5163] cnp=5771118 · NOT_FOUND (no_results, rows=0, evaluated=0) [3s]
  [1939/5163] cnp=5771126 · NOT_FOUND (no_results, rows=0, evaluated=0) [2s]
  [1940/5163] cnp=5771134 · NOT_FOUND (no_results, rows=0, evaluated=0) [2s]
    [checkpoint] saved · 1940/5163 · rate=0.16/s · eta=326m30s
  [1941/5163] cnp=5771225 · NOT_FOUND (no_results, rows=0, evaluated=0) [2s]
  [1942/5163] cnp=5771241 · NOT_FOUND (no_results, rows=0, evaluated=0) [3s]
  [1943/5163] cnp=5771266 · NOT_FOUND (no_results, rows=0, evaluated=0) [3s]
  [1944/5163] cnp=5771324 · NOT_FOUND (no_results, rows=0, evaluated=0) [2s]
  [1945/5163] cnp=5771365 · NOT_FOUND (no_results, rows=0, evaluated=0) [2s]
  [1946/5163] cnp=5771464 · NOT_FOUND (no_results, rows=0, evaluated=0) [2s]
  [1947/5163] cnp=5771530 · NOT_FOUND (no_results, rows=0, evaluated=0) [2s]
    [session] rotation após 30 searches; cooldown 30000ms
  [1948/5163] cnp=5772207 · NOT_FOUND (no_results, rows=0, evaluated=0) [32s]
  [1949/5163] cnp=5772447 · NOT_FOUND (no_results, rows=0, evaluated=0) [2s]
  [1950/5163] cnp=5772520 · NOT_FOUND (no_results, rows=0, evaluated=0) [2s]
    [checkpoint] saved · 1950/5163 · rate=0.16/s · eta=325m44s
  [1951/5163] cnp=5772637 · NOT_FOUND (no_results, rows=0, evaluated=0) [2s]
  [1952/5163] cnp=5772645 · NOT_FOUND (no_results, rows=0, evaluated=0) [2s]
  [1953/5163] cnp=5772652 · NOT_FOUND (no_results, rows=0, evaluated=0) [2s]
  [1954/5163] cnp=5772702 · NOT_FOUND (no_results, rows=0, evaluated=0) [2s]
  [1955/5163] cnp=5772843 · NOT_FOUND (no_results, rows=0, evaluated=0) [2s]
  [1956/5163] cnp=5772850 · NOT_FOUND (no_results, rows=0, evaluated=0) [2s]
  [1957/5163] cnp=5772918 ✓ MATCHED "Nimed" (M02AA26) +1 siblings (added=2) [10s, evaluated=3]
  [1958/5163] cnp=5773148 ✓ MATCHED "Paniltri" (C09BX03) +2 siblings (added=3) [10s, evaluated=3]
  [1959/5163] cnp=5773858 · NOT_FOUND (no_results, rows=0, evaluated=0) [2s]
  [resolve cnp=5773908] candidato row=0 (Paniltri) falhou: click row HTTP 503
  [resolve cnp=5773908] candidato row=1 (Paniltri) falhou: click row HTTP 503
  [resolve cnp=5773908] candidato row=2 (Paniltri) falhou: click row HTTP 503
  [1960/5163] cnp=5773908 · NOT_FOUND (no_cnp_match, rows=3, evaluated=3) [10s]
    [checkpoint] saved · 1960/5163 · rate=0.16/s · eta=324m45s
    [session] refresh falhou (refresh HTTP 503); rota.
    [503] backoff 10000ms before retry 1/3 (cnp=5773932)
    [503] backoff 30000ms before retry 2/3 (cnp=5773932)
  [1961/5163] cnp=5773932 ✓ MATCHED "Silodosina Ciclum" (G04CA04) +0 siblings (added=1) [48s, evaluated=2]
  [1962/5163] cnp=5773957 ✓ MATCHED "Paniltri" (C09BX03) +1 siblings (added=2) [10s, evaluated=3]
  [1963/5163] cnp=5774443 · NOT_FOUND (no_results, rows=0, evaluated=0) [2s]
  [1964/5163] cnp=5775572 · NOT_FOUND (no_results, rows=0, evaluated=0) [2s]
  [1965/5163] cnp=5775663 · NOT_FOUND (no_results, rows=0, evaluated=0) [2s]
  [1966/5163] cnp=5775671 · NOT_FOUND (no_results, rows=0, evaluated=0) [2s]
  [1967/5163] cnp=5775861 · NOT_FOUND (no_results, rows=0, evaluated=0) [2s]
  [1968/5163] cnp=5775929 · NOT_FOUND (no_results, rows=0, evaluated=0) [2s]
  [1969/5163] cnp=5776265 ✓ MATCHED "Silodosina Generis" (G04CA04) +0 siblings (added=1) [8s, evaluated=2]
  [1970/5163] cnp=5776364 · NOT_FOUND (no_results, rows=0, evaluated=0) [2s]
    [checkpoint] saved · 1970/5163 · rate=0.16/s · eta=324m43s
  [1971/5163] cnp=5776406 ✓ MATCHED "Edarbi" (C09CA09) +5 siblings (added=6) [10s, evaluated=3]
  [1972/5163] cnp=5776422 · NOT_FOUND (no_results, rows=0, evaluated=0) [2s]
  [1973/5163] cnp=5776943 · NOT_FOUND (no_results, rows=0, evaluated=0) [2s]
  [1974/5163] cnp=5777156 · NOT_FOUND (no_results, rows=0, evaluated=0) [2s]
  [1975/5163] cnp=5777628 · NOT_FOUND (no_results, rows=0, evaluated=0) [2s]
  [1976/5163] cnp=5779079 · NOT_FOUND (no_results, rows=0, evaluated=0) [2s]
  [1977/5163] cnp=5779202 · NOT_FOUND (no_results, rows=0, evaluated=0) [2s]
  [1978/5163] cnp=5779707 · NOT_FOUND (no_results, rows=0, evaluated=0) [2s]
  [1979/5163] cnp=5779715 · NOT_FOUND (no_results, rows=0, evaluated=0) [2s]
  [1980/5163] cnp=5780028 · NOT_FOUND (no_results, rows=0, evaluated=0) [2s]
    [checkpoint] saved · 1980/5163 · rate=0.16/s · eta=323m16s
  [1981/5163] cnp=5781216 · NOT_FOUND (no_results, rows=0, evaluated=0) [2s]
  [1982/5163] cnp=5781612 · NOT_FOUND (no_results, rows=0, evaluated=0) [2s]
  [1983/5163] cnp=5781711 · NOT_FOUND (no_results, rows=0, evaluated=0) [2s]
  [1984/5163] cnp=5781737 · NOT_FOUND (no_cnp_match, rows=3, evaluated=3) [10s]
  [1985/5163] cnp=5781745 · NOT_FOUND (no_cnp_match, rows=3, evaluated=3) [10s]
  [1986/5163] cnp=5781828 · NOT_FOUND (no_results, rows=0, evaluated=0) [2s]
  [1987/5163] cnp=5782073 · NOT_FOUND (no_results, rows=0, evaluated=0) [2s]
  [1988/5163] cnp=5782099 · NOT_FOUND (no_results, rows=0, evaluated=0) [2s]
  [1989/5163] cnp=5782198 · NOT_FOUND (no_results, rows=0, evaluated=0) [2s]
  [1990/5163] cnp=5782206 · NOT_FOUND (no_results, rows=0, evaluated=0) [2s]
    [checkpoint] saved · 1990/5163 · rate=0.16/s · eta=322m01s
    [session] rotation após 30 searches; cooldown 30000ms
  [1991/5163] cnp=5782768 · NOT_FOUND (no_results, rows=0, evaluated=0) [32s]
  [1992/5163] cnp=5782867 · NOT_FOUND (no_results, rows=0, evaluated=0) [2s]
  [1993/5163] cnp=5782875 · NOT_FOUND (no_results, rows=0, evaluated=0) [2s]
  [1994/5163] cnp=5782941 · NOT_FOUND (no_results, rows=0, evaluated=0) [2s]
  [1995/5163] cnp=5783923 ✓ MATCHED "Carzap Am" (C09DB07) +3 siblings (added=4) [10s, evaluated=3]
  [1996/5163] cnp=5784020 · NOT_FOUND (no_results, rows=0, evaluated=0) [2s]
  [1997/5163] cnp=5784046 · NOT_FOUND (no_results, rows=0, evaluated=0) [2s]
  [1998/5163] cnp=5784053 · NOT_FOUND (no_results, rows=0, evaluated=0) [2s]
  [1999/5163] cnp=5784210 · NOT_FOUND (no_results, rows=0, evaluated=0) [2s]
  [2000/5163] cnp=5784350 · NOT_FOUND (no_results, rows=0, evaluated=0) [2s]
    [checkpoint] saved · 2000/5163 · rate=0.16/s · eta=321m22s
  [2001/5163] cnp=5784533 · NOT_FOUND (no_cnp_match, rows=6, evaluated=3) [10s]
  [2002/5163] cnp=5784541 ✓ MATCHED "Zetovar" (C10BA05) +1 siblings (added=2) [10s, evaluated=3]
  [2003/5163] cnp=5784566 ✓ MATCHED "Zetovar" (C10BA05) +1 siblings (added=2) [10s, evaluated=3]
  [2004/5163] cnp=5784608 ✓ MATCHED "Zetovar" (C10BA05) +1 siblings (added=2) [10s, evaluated=3]
  [2005/5163] cnp=5784657 · NOT_FOUND (no_results, rows=0, evaluated=0) [2s]
  [2006/5163] cnp=5784814 · NOT_FOUND (no_results, rows=0, evaluated=0) [2s]
  [2007/5163] cnp=5785506 · NOT_FOUND (no_results, rows=0, evaluated=0) [2s]
  [2008/5163] cnp=5785514 · NOT_FOUND (no_results, rows=0, evaluated=0) [2s]
  [2009/5163] cnp=5785522 · NOT_FOUND (no_results, rows=0, evaluated=0) [2s]
  [2010/5163] cnp=5785530 · NOT_FOUND (no_results, rows=0, evaluated=0) [2s]
    [checkpoint] saved · 2010/5163 · rate=0.16/s · eta=320m36s
  [2011/5163] cnp=5785548 · NOT_FOUND (no_results, rows=0, evaluated=0) [2s]
  [2012/5163] cnp=5785811 · NOT_FOUND (no_results, rows=0, evaluated=0) [2s]
  [2013/5163] cnp=5785837 · NOT_FOUND (no_results, rows=0, evaluated=0) [2s]
  [2014/5163] cnp=5785928 · NOT_FOUND (no_results, rows=0, evaluated=0) [2s]
  [2015/5163] cnp=5786025 · NOT_FOUND (no_results, rows=0, evaluated=0) [2s]
  [2016/5163] cnp=5786033 · NOT_FOUND (no_results, rows=0, evaluated=0) [2s]
  [2017/5163] cnp=5787015 · NOT_FOUND (no_results, rows=0, evaluated=0) [2s]
  [2018/5163] cnp=5787148 · NOT_FOUND (no_results, rows=0, evaluated=0) [2s]
  [2019/5163] cnp=5787320 · NOT_FOUND (no_results, rows=0, evaluated=0) [2s]
  [2020/5163] cnp=5787551 · NOT_FOUND (no_cnp_match, rows=6, evaluated=3) [10s]
    [checkpoint] saved · 2020/5163 · rate=0.16/s · eta=319m09s
    [session] rotation após 30 searches; cooldown 30000ms
  [2021/5163] cnp=5787619 · NOT_FOUND (no_results, rows=0, evaluated=0) [32s]
  [2022/5163] cnp=5787692 ✓ MATCHED "Xanax" (N05BA12) +4 siblings (added=5) [11s, evaluated=3]
  [2023/5163] cnp=5787890 ✓ MATCHED "Xanax" (N05BA12) +4 siblings (added=5) [10s, evaluated=3]
  [2024/5163] cnp=5788377 · NOT_FOUND (no_results, rows=0, evaluated=0) [2s]
  [2025/5163] cnp=5788385 · NOT_FOUND (no_results, rows=0, evaluated=0) [2s]
  [2026/5163] cnp=5788401 · NOT_FOUND (no_results, rows=0, evaluated=0) [2s]
  [2027/5163] cnp=5788484 · NOT_FOUND (no_results, rows=0, evaluated=0) [2s]
  [2028/5163] cnp=5788682 · NOT_FOUND (no_results, rows=0, evaluated=0) [2s]
  [2029/5163] cnp=5788807 · NOT_FOUND (no_results, rows=0, evaluated=0) [2s]
  [2030/5163] cnp=5788831 · NOT_FOUND (no_results, rows=0, evaluated=0) [2s]
    [checkpoint] saved · 2030/5163 · rate=0.16/s · eta=318m43s
  [2031/5163] cnp=5788971 · NOT_FOUND (no_results, rows=0, evaluated=0) [2s]
  [2032/5163] cnp=5789011 · NOT_FOUND (no_results, rows=0, evaluated=0) [2s]
  [2033/5163] cnp=5789037 · NOT_FOUND (no_results, rows=0, evaluated=0) [2s]
  [2034/5163] cnp=5789052 · NOT_FOUND (no_cnp_match, rows=7, evaluated=3) [10s]
  [2035/5163] cnp=5789151 · NOT_FOUND (no_results, rows=0, evaluated=0) [2s]
  [2036/5163] cnp=5789169 · NOT_FOUND (no_results, rows=0, evaluated=0) [2s]
  [2037/5163] cnp=5789177 · NOT_FOUND (no_results, rows=0, evaluated=0) [2s]
  [2038/5163] cnp=5789235 · NOT_FOUND (no_results, rows=0, evaluated=0) [2s]
  [2039/5163] cnp=5789250 · NOT_FOUND (no_results, rows=0, evaluated=0) [2s]
  [2040/5163] cnp=5789276 · NOT_FOUND (no_results, rows=0, evaluated=0) [2s]
    [checkpoint] saved · 2040/5163 · rate=0.16/s · eta=317m17s
  [2041/5163] cnp=5789763 · NOT_FOUND (no_results, rows=0, evaluated=0) [2s]
  [2042/5163] cnp=5789839 · NOT_FOUND (no_results, rows=0, evaluated=0) [2s]
  [2043/5163] cnp=5789847 · NOT_FOUND (no_results, rows=0, evaluated=0) [2s]
  [2044/5163] cnp=5790183 · NOT_FOUND (no_results, rows=0, evaluated=0) [2s]
  [2045/5163] cnp=5790282 ✓ MATCHED "Medrol" (H02AB04) +2 siblings (added=3) [10s, evaluated=3]
  [2046/5163] cnp=5790381 ✓ MATCHED "Medrol" (H02AB04) +1 siblings (added=2) [10s, evaluated=3]
  [2047/5163] cnp=5790555 · NOT_FOUND (no_results, rows=0, evaluated=0) [2s]
  [2048/5163] cnp=5790597 · NOT_FOUND (no_cnp_match, rows=9, evaluated=3) [10s]
  [2049/5163] cnp=5790688 · NOT_FOUND (no_results, rows=0, evaluated=0) [2s]
  [2050/5163] cnp=5790811 · NOT_FOUND (no_results, rows=0, evaluated=0) [2s]
    [checkpoint] saved · 2050/5163 · rate=0.16/s · eta=316m15s
    [session] rotation após 30 searches; cooldown 30000ms
  [2051/5163] cnp=5791082 · NOT_FOUND (no_results, rows=0, evaluated=0) [32s]
  [2052/5163] cnp=5791553 · NOT_FOUND (no_results, rows=0, evaluated=0) [2s]
  [2053/5163] cnp=5792619 · NOT_FOUND (no_results, rows=0, evaluated=0) [2s]
  [2054/5163] cnp=5792700 · NOT_FOUND (no_results, rows=0, evaluated=0) [2s]
  [2055/5163] cnp=5792726 · NOT_FOUND (no_results, rows=0, evaluated=0) [2s]
  [2056/5163] cnp=5792742 · NOT_FOUND (no_results, rows=0, evaluated=0) [2s]
  [2057/5163] cnp=5794136 · NOT_FOUND (no_results, rows=0, evaluated=0) [2s]
  [2058/5163] cnp=5794904 · NOT_FOUND (no_results, rows=0, evaluated=0) [2s]
  [2059/5163] cnp=5794912 · NOT_FOUND (no_results, rows=0, evaluated=0) [2s]
  [2060/5163] cnp=5794938 · NOT_FOUND (no_results, rows=0, evaluated=0) [2s]
    [checkpoint] saved · 2060/5163 · rate=0.16/s · eta=315m22s
  [2061/5163] cnp=5795034 · NOT_FOUND (no_results, rows=0, evaluated=0) [2s]
  [2062/5163] cnp=5795042 · NOT_FOUND (no_results, rows=0, evaluated=0) [2s]
  [2063/5163] cnp=5795059 · NOT_FOUND (no_results, rows=0, evaluated=0) [2s]
  [2064/5163] cnp=5795166 · NOT_FOUND (no_results, rows=0, evaluated=0) [2s]
  [2065/5163] cnp=5795174 · NOT_FOUND (no_results, rows=0, evaluated=0) [2s]
  [2066/5163] cnp=5795208 · NOT_FOUND (no_results, rows=0, evaluated=0) [2s]
  [2067/5163] cnp=5795232 · NOT_FOUND (no_results, rows=0, evaluated=0) [2s]
  [2068/5163] cnp=5795299 · NOT_FOUND (no_results, rows=0, evaluated=0) [2s]
  [2069/5163] cnp=5795398 · NOT_FOUND (no_results, rows=0, evaluated=0) [2s]
    [session] refresh falhou (refresh HTTP 503); rota.
    [503] backoff 10000ms before retry 1/3 (cnp=5795521)
  [2070/5163] cnp=5795521 · NOT_FOUND (no_results, rows=0, evaluated=0) [12s]
    [checkpoint] saved · 2070/5163 · rate=0.16/s · eta=313m58s
  [2071/5163] cnp=5795539 · NOT_FOUND (no_results, rows=0, evaluated=0) [2s]
  [2072/5163] cnp=5795547 · NOT_FOUND (no_results, rows=0, evaluated=0) [2s]
  [2073/5163] cnp=5795554 · NOT_FOUND (no_results, rows=0, evaluated=0) [2s]
  [2074/5163] cnp=5795703 · NOT_FOUND (no_results, rows=0, evaluated=0) [2s]
  [2075/5163] cnp=5795729 · NOT_FOUND (no_results, rows=0, evaluated=0) [2s]
  [2076/5163] cnp=5795810 ✓ MATCHED "Zuvatek" (C10BA06) +0 siblings (added=1) [10s, evaluated=3]
  [2077/5163] cnp=5796347 ✓ MATCHED "Zuvatek" (C10BA06) +1 siblings (added=2) [10s, evaluated=3]
  [2078/5163] cnp=5796354 ✓ MATCHED "Zuvatek" (C10BA06) +0 siblings (added=1) [10s, evaluated=3]
  [2079/5163] cnp=5796701 · NOT_FOUND (no_results, rows=0, evaluated=0) [2s]
  [2080/5163] cnp=5796719 · NOT_FOUND (no_results, rows=0, evaluated=0) [2s]
    [checkpoint] saved · 2080/5163 · rate=0.16/s · eta=312m58s
  [2081/5163] cnp=5796727 · NOT_FOUND (no_results, rows=0, evaluated=0) [2s]
  [2082/5163] cnp=5796743 · NOT_FOUND (no_results, rows=0, evaluated=0) [2s]
  [2083/5163] cnp=5796875 · NOT_FOUND (no_cnp_match, rows=3, evaluated=3) [10s]
  [2084/5163] cnp=5796917 · NOT_FOUND (no_results, rows=0, evaluated=0) [2s]
  [2085/5163] cnp=5796933 · NOT_FOUND (no_results, rows=0, evaluated=0) [2s]
  [2086/5163] cnp=5797238 · NOT_FOUND (no_results, rows=0, evaluated=0) [2s]
  [2087/5163] cnp=5797279 · NOT_FOUND (no_results, rows=0, evaluated=0) [2s]
  [2088/5163] cnp=5797303 · NOT_FOUND (no_results, rows=0, evaluated=0) [2s]
  [2089/5163] cnp=5797402 · NOT_FOUND (no_cnp_match, rows=3, evaluated=3) [10s]
  [2090/5163] cnp=5797410 · NOT_FOUND (no_results, rows=0, evaluated=0) [2s]
    [checkpoint] saved · 2090/5163 · rate=0.16/s · eta=311m44s
  [2091/5163] cnp=5797428 · NOT_FOUND (no_results, rows=0, evaluated=0) [2s]
  [2092/5163] cnp=5797436 · NOT_FOUND (no_results, rows=0, evaluated=0) [2s]
  [2093/5163] cnp=5797444 · NOT_FOUND (no_results, rows=0, evaluated=0) [2s]
  [2094/5163] cnp=5797527 · NOT_FOUND (no_results, rows=0, evaluated=0) [2s]
  [2095/5163] cnp=5797568 · NOT_FOUND (no_results, rows=0, evaluated=0) [2s]
  [2096/5163] cnp=5797949 · NOT_FOUND (no_results, rows=0, evaluated=0) [2s]
  [2097/5163] cnp=5797972 · NOT_FOUND (no_results, rows=0, evaluated=0) [2s]
  [2098/5163] cnp=5798046 · NOT_FOUND (no_results, rows=0, evaluated=0) [2s]
  [2099/5163] cnp=5798244 · NOT_FOUND (no_results, rows=0, evaluated=0) [2s]
    [session] rotation após 30 searches; cooldown 30000ms
  [2100/5163] cnp=5798269 · NOT_FOUND (no_results, rows=0, evaluated=0) [32s]
    [checkpoint] saved · 2100/5163 · rate=0.16/s · eta=310m50s
  [2101/5163] cnp=5798624 ✓ MATCHED "Aspifox" (C10BX05) +2 siblings (added=3) [10s, evaluated=3]
  [2102/5163] cnp=5798657 ✓ MATCHED "Aspifox" (C10BX05) +2 siblings (added=3) [10s, evaluated=3]
  [2103/5163] cnp=5799192 · NOT_FOUND (no_results, rows=0, evaluated=0) [2s]
  [2104/5163] cnp=5799333 ✓ MATCHED "Desdek" (D07AC13) +1 siblings (added=2) [8s, evaluated=2]
  [2105/5163] cnp=5799523 ✓ MATCHED "Reumon Creme" (M02AA06) +3 siblings (added=4) [10s, evaluated=3]
  [2106/5163] cnp=5799630 · NOT_FOUND (no_results, rows=0, evaluated=0) [2s]
  [2107/5163] cnp=5799648 · NOT_FOUND (no_results, rows=0, evaluated=0) [2s]
  [2108/5163] cnp=5800032 · NOT_FOUND (no_results, rows=0, evaluated=0) [2s]
  [2109/5163] cnp=5800065 ✓ MATCHED "Fucidine" (D06AX01) +2 siblings (added=3) [10s, evaluated=3]
  [2110/5163] cnp=5800107 · NOT_FOUND (no_results, rows=0, evaluated=0) [2s]
    [checkpoint] saved · 2110/5163 · rate=0.16/s · eta=310m12s
  [2111/5163] cnp=5800149 · NOT_FOUND (no_results, rows=0, evaluated=0) [2s]
  [2112/5163] cnp=5800305 · NOT_FOUND (no_results, rows=0, evaluated=0) [2s]
  [2113/5163] cnp=5800339 · NOT_FOUND (no_results, rows=0, evaluated=0) [2s]
  [2114/5163] cnp=5800354 · NOT_FOUND (no_results, rows=0, evaluated=0) [2s]
  [2115/5163] cnp=5800388 · NOT_FOUND (no_results, rows=0, evaluated=0) [2s]
  [2116/5163] cnp=5800404 · NOT_FOUND (no_results, rows=0, evaluated=0) [2s]
  [2117/5163] cnp=5800719 · NOT_FOUND (no_results, rows=0, evaluated=0) [2s]
  [2118/5163] cnp=5800826 · NOT_FOUND (no_results, rows=0, evaluated=0) [2s]
  [2119/5163] cnp=5800842 · NOT_FOUND (no_results, rows=0, evaluated=0) [2s]
  [2120/5163] cnp=5800859 · NOT_FOUND (no_results, rows=0, evaluated=0) [2s]
    [checkpoint] saved · 2120/5163 · rate=0.16/s · eta=308m36s
  [2121/5163] cnp=5801006 · NOT_FOUND (no_results, rows=0, evaluated=0) [2s]
  [2122/5163] cnp=5801022 · NOT_FOUND (no_results, rows=0, evaluated=0) [2s]
  [2123/5163] cnp=5801105 · NOT_FOUND (no_results, rows=0, evaluated=0) [2s]
  [2124/5163] cnp=5801204 · NOT_FOUND (no_results, rows=0, evaluated=0) [2s]
  [2125/5163] cnp=5801212 · NOT_FOUND (no_results, rows=0, evaluated=0) [2s]
  [2126/5163] cnp=5801220 · NOT_FOUND (no_results, rows=0, evaluated=0) [2s]
  [2127/5163] cnp=5801238 · NOT_FOUND (no_results, rows=0, evaluated=0) [2s]
  [2128/5163] cnp=5801337 · NOT_FOUND (no_results, rows=0, evaluated=0) [2s]
  [2129/5163] cnp=5801469 · NOT_FOUND (no_results, rows=0, evaluated=0) [2s]
    [session] rotation após 30 searches; cooldown 30000ms
  [2130/5163] cnp=5801618 · NOT_FOUND (no_results, rows=0, evaluated=0) [32s]
    [checkpoint] saved · 2130/5163 · rate=0.16/s · eta=307m43s
  [2131/5163] cnp=5801667 · NOT_FOUND (no_results, rows=0, evaluated=0) [2s]
  [2132/5163] cnp=5801824 · NOT_FOUND (no_results, rows=0, evaluated=0) [2s]
  [2133/5163] cnp=5801832 · NOT_FOUND (no_results, rows=0, evaluated=0) [2s]
  [2134/5163] cnp=5802129 · NOT_FOUND (no_results, rows=0, evaluated=0) [2s]
  [2135/5163] cnp=5802160 · NOT_FOUND (no_results, rows=0, evaluated=0) [2s]
  [2136/5163] cnp=5802327 · NOT_FOUND (no_results, rows=0, evaluated=0) [2s]
  [2137/5163] cnp=5802368 · NOT_FOUND (no_results, rows=0, evaluated=0) [2s]
  [2138/5163] cnp=5802475 · NOT_FOUND (no_results, rows=0, evaluated=0) [2s]
  [2139/5163] cnp=5803002 · NOT_FOUND (no_results, rows=0, evaluated=0) [2s]
  [2140/5163] cnp=5804653 · NOT_FOUND (no_results, rows=0, evaluated=0) [2s]
    [checkpoint] saved · 2140/5163 · rate=0.16/s · eta=306m06s
  [2141/5163] cnp=5804901 · NOT_FOUND (no_results, rows=0, evaluated=0) [2s]
  [2142/5163] cnp=5804935 · NOT_FOUND (no_results, rows=0, evaluated=0) [2s]
    [session] refresh falhou (refresh HTTP 503); rota.
    [503] backoff 10000ms before retry 1/3 (cnp=5804968)
  [2143/5163] cnp=5804968 · NOT_FOUND (no_results, rows=0, evaluated=0) [12s]
  [2144/5163] cnp=5805288 · NOT_FOUND (no_results, rows=0, evaluated=0) [2s]
  [2145/5163] cnp=5805379 · NOT_FOUND (no_results, rows=0, evaluated=0) [2s]
  [2146/5163] cnp=5805486 · NOT_FOUND (no_results, rows=0, evaluated=0) [2s]
  [2147/5163] cnp=5805874 · NOT_FOUND (no_results, rows=0, evaluated=0) [2s]
  [2148/5163] cnp=5806070 · NOT_FOUND (no_results, rows=0, evaluated=0) [2s]
  [2149/5163] cnp=5806666 · NOT_FOUND (no_results, rows=0, evaluated=0) [2s]
  [2150/5163] cnp=5806690 · NOT_FOUND (no_results, rows=0, evaluated=0) [2s]
    [checkpoint] saved · 2150/5163 · rate=0.16/s · eta=304m45s
  [2151/5163] cnp=5807391 · NOT_FOUND (no_results, rows=0, evaluated=0) [2s]
  [2152/5163] cnp=5807516 · NOT_FOUND (no_results, rows=0, evaluated=0) [2s]
  [2153/5163] cnp=5807888 · NOT_FOUND (no_results, rows=0, evaluated=0) [2s]
  [2154/5163] cnp=5807953 · NOT_FOUND (no_results, rows=0, evaluated=0) [2s]
  [2155/5163] cnp=5808100 ✓ MATCHED "Estasp" (C10BX05) +1 siblings (added=2) [10s, evaluated=3]
  [2156/5163] cnp=5808118 ✓ MATCHED "Estasp" (C10BX05) +1 siblings (added=2) [10s, evaluated=3]
  [2157/5163] cnp=5808746 · NOT_FOUND (no_results, rows=0, evaluated=0) [2s]
  [2158/5163] cnp=5808886 · NOT_FOUND (no_results, rows=0, evaluated=0) [2s]
  [2159/5163] cnp=5809181 ✓ MATCHED "Aulin" (M01AX17) +0 siblings (added=1) [8s, evaluated=2]
  [2160/5163] cnp=5809413 · NOT_FOUND (no_results, rows=0, evaluated=0) [2s]
    [checkpoint] saved · 2160/5163 · rate=0.16/s · eta=303m43s
  [2161/5163] cnp=5810056 · NOT_FOUND (no_results, rows=0, evaluated=0) [2s]
    [503] backoff 10000ms before retry 1/3 (cnp=5810239)
    [503] backoff 30000ms before retry 2/3 (cnp=5810239)
  [2162/5163] cnp=5810239 · NOT_FOUND (no_results, rows=0, evaluated=0) [44s]
  [2163/5163] cnp=5810312 · NOT_FOUND (no_results, rows=0, evaluated=0) [2s]
  [2164/5163] cnp=5810759 · NOT_FOUND (no_results, rows=0, evaluated=0) [2s]
  [2165/5163] cnp=5810809 · NOT_FOUND (no_results, rows=0, evaluated=0) [2s]
  [2166/5163] cnp=5810841 · NOT_FOUND (no_results, rows=0, evaluated=0) [2s]
  [2167/5163] cnp=5810882 · NOT_FOUND (no_results, rows=0, evaluated=0) [2s]
  [2168/5163] cnp=5810924 · NOT_FOUND (no_results, rows=0, evaluated=0) [2s]
  [2169/5163] cnp=5811112 · NOT_FOUND (no_results, rows=0, evaluated=0) [2s]
  [2170/5163] cnp=5811161 · NOT_FOUND (no_results, rows=0, evaluated=0) [2s]
    [checkpoint] saved · 2170/5163 · rate=0.16/s · eta=303m06s
  [2171/5163] cnp=5811187 · NOT_FOUND (no_results, rows=0, evaluated=0) [2s]
  [2172/5163] cnp=5811229 · NOT_FOUND (no_results, rows=0, evaluated=0) [2s]
  [2173/5163] cnp=5811237 · NOT_FOUND (no_results, rows=0, evaluated=0) [2s]
  [2174/5163] cnp=5811260 · NOT_FOUND (no_results, rows=0, evaluated=0) [2s]
  [2175/5163] cnp=5811278 · NOT_FOUND (no_results, rows=0, evaluated=0) [2s]
  [2176/5163] cnp=5811286 · NOT_FOUND (no_results, rows=0, evaluated=0) [2s]
  [2177/5163] cnp=5811328 · NOT_FOUND (no_results, rows=0, evaluated=0) [2s]
  [2178/5163] cnp=5811336 · NOT_FOUND (no_results, rows=0, evaluated=0) [2s]
  [2179/5163] cnp=5811385 · NOT_FOUND (no_results, rows=0, evaluated=0) [2s]
  [2180/5163] cnp=5811450 · NOT_FOUND (no_results, rows=0, evaluated=0) [2s]
    [checkpoint] saved · 2180/5163 · rate=0.16/s · eta=301m31s
  [2181/5163] cnp=5811609 · NOT_FOUND (no_results, rows=0, evaluated=0) [2s]
  [2182/5163] cnp=5811617 · NOT_FOUND (no_results, rows=0, evaluated=0) [2s]
  [2183/5163] cnp=5811674 · NOT_FOUND (no_results, rows=0, evaluated=0) [2s]
  [2184/5163] cnp=5811732 · NOT_FOUND (no_results, rows=0, evaluated=0) [2s]
  [2185/5163] cnp=5811757 · NOT_FOUND (no_results, rows=0, evaluated=0) [2s]
  [2186/5163] cnp=5811773 · NOT_FOUND (no_results, rows=0, evaluated=0) [2s]
  [2187/5163] cnp=5812557 · NOT_FOUND (no_results, rows=0, evaluated=0) [2s]
  [2188/5163] cnp=5813027 · NOT_FOUND (no_results, rows=0, evaluated=0) [2s]
  [2189/5163] cnp=5813522 · NOT_FOUND (no_results, rows=0, evaluated=0) [2s]
  [2190/5163] cnp=5813548 · NOT_FOUND (no_results, rows=0, evaluated=0) [2s]
    [checkpoint] saved · 2190/5163 · rate=0.17/s · eta=299m58s
  [2191/5163] cnp=5813563 · NOT_FOUND (no_results, rows=0, evaluated=0) [2s]
    [session] rotation após 30 searches; cooldown 30000ms
  [2192/5163] cnp=5813613 · NOT_FOUND (no_results, rows=0, evaluated=0) [32s]
  [2193/5163] cnp=5813670 · NOT_FOUND (no_results, rows=0, evaluated=0) [2s]
  [2194/5163] cnp=5813761 · NOT_FOUND (no_results, rows=0, evaluated=0) [2s]
  [2195/5163] cnp=5813779 · NOT_FOUND (no_results, rows=0, evaluated=0) [2s]
  [2196/5163] cnp=5814082 · NOT_FOUND (no_results, rows=0, evaluated=0) [2s]
  [2197/5163] cnp=5814223 · NOT_FOUND (no_results, rows=0, evaluated=0) [2s]
  [2198/5163] cnp=5814249 · NOT_FOUND (no_results, rows=0, evaluated=0) [2s]
  [2199/5163] cnp=5814355 · NOT_FOUND (no_results, rows=0, evaluated=0) [2s]
  [2200/5163] cnp=5814488 · NOT_FOUND (no_results, rows=0, evaluated=0) [2s]
    [checkpoint] saved · 2200/5163 · rate=0.17/s · eta=299m05s
  [2201/5163] cnp=5814959 · NOT_FOUND (no_results, rows=0, evaluated=0) [2s]
  [2202/5163] cnp=5815337 · NOT_FOUND (no_results, rows=0, evaluated=0) [2s]
  [2203/5163] cnp=5815345 · NOT_FOUND (no_results, rows=0, evaluated=0) [2s]
  [2204/5163] cnp=5815659 · NOT_FOUND (no_results, rows=0, evaluated=0) [2s]
  [2205/5163] cnp=5815667 · NOT_FOUND (no_results, rows=0, evaluated=0) [2s]
  [2206/5163] cnp=5815683 ✓ MATCHED "Neurontin" (N02BF01) +2 siblings (added=3) [10s, evaluated=3]
  [2207/5163] cnp=5815709 · NOT_FOUND (no_results, rows=0, evaluated=0) [2s]
  [2208/5163] cnp=5815733 · NOT_FOUND (no_results, rows=0, evaluated=0) [2s]
  [2209/5163] cnp=5815766 · NOT_FOUND (no_results, rows=0, evaluated=0) [2s]
  [2210/5163] cnp=5815980 · NOT_FOUND (no_results, rows=0, evaluated=0) [2s]
    [checkpoint] saved · 2210/5163 · rate=0.17/s · eta=297m43s
    [session] refresh falhou (refresh HTTP 503); rota.
    [503] backoff 10000ms before retry 1/3 (cnp=5816087)
  [2211/5163] cnp=5816087 · NOT_FOUND (no_results, rows=0, evaluated=0) [12s]
  [2212/5163] cnp=5816186 · NOT_FOUND (no_results, rows=0, evaluated=0) [2s]
  [2213/5163] cnp=5816285 · NOT_FOUND (no_results, rows=0, evaluated=0) [2s]
  [2214/5163] cnp=5816384 · NOT_FOUND (no_results, rows=0, evaluated=0) [2s]
  [2215/5163] cnp=5816400 · NOT_FOUND (no_results, rows=0, evaluated=0) [2s]
  [2216/5163] cnp=5816871 · NOT_FOUND (no_results, rows=0, evaluated=0) [2s]
  [2217/5163] cnp=5816889 · NOT_FOUND (no_results, rows=0, evaluated=0) [2s]
  [2218/5163] cnp=5816905 · NOT_FOUND (no_results, rows=0, evaluated=0) [2s]
  [2219/5163] cnp=5816921 · NOT_FOUND (no_results, rows=0, evaluated=0) [2s]
  [2220/5163] cnp=5816939 · NOT_FOUND (no_results, rows=0, evaluated=0) [2s]
    [checkpoint] saved · 2220/5163 · rate=0.17/s · eta=296m23s
  [2221/5163] cnp=5816947 · NOT_FOUND (no_results, rows=0, evaluated=0) [2s]
  [2222/5163] cnp=5816954 · NOT_FOUND (no_results, rows=0, evaluated=0) [2s]
  [2223/5163] cnp=5816970 · NOT_FOUND (no_results, rows=0, evaluated=0) [2s]
  [2224/5163] cnp=5817135 · NOT_FOUND (no_results, rows=0, evaluated=0) [2s]
  [2225/5163] cnp=5817234 · NOT_FOUND (no_results, rows=0, evaluated=0) [2s]
  [2226/5163] cnp=5817242 · NOT_FOUND (no_results, rows=0, evaluated=0) [2s]
  [2227/5163] cnp=5818067 · NOT_FOUND (no_results, rows=0, evaluated=0) [2s]
  [2228/5163] cnp=5818661 · NOT_FOUND (no_results, rows=0, evaluated=0) [2s]
  [2229/5163] cnp=5818745 · NOT_FOUND (no_results, rows=0, evaluated=0) [2s]
  [2230/5163] cnp=5819131 · NOT_FOUND (no_results, rows=0, evaluated=0) [2s]
    [checkpoint] saved · 2230/5163 · rate=0.17/s · eta=294m50s
  [2231/5163] cnp=5819156 · NOT_FOUND (no_results, rows=0, evaluated=0) [2s]
  [2232/5163] cnp=5819420 · NOT_FOUND (no_results, rows=0, evaluated=0) [2s]
  [2233/5163] cnp=5819628 · NOT_FOUND (no_results, rows=0, evaluated=0) [2s]
  [2234/5163] cnp=5819917 · NOT_FOUND (no_results, rows=0, evaluated=0) [2s]
  [2235/5163] cnp=5820212 · NOT_FOUND (no_results, rows=0, evaluated=0) [2s]
  [2236/5163] cnp=5820386 · NOT_FOUND (no_results, rows=0, evaluated=0) [3s]
  [2237/5163] cnp=5820626 · NOT_FOUND (no_results, rows=0, evaluated=0) [2s]
  [2238/5163] cnp=5820642 · NOT_FOUND (no_results, rows=0, evaluated=0) [2s]
  [2239/5163] cnp=5820824 ✓ MATCHED "Dabigatrano etexilato Tolife" (B01AE07) +1 siblings (added=2) [11s, evaluated=3]
  [2240/5163] cnp=5821202 ✓ MATCHED "Dabigatrano etexilato Tolife" (B01AE07) +1 siblings (added=2) [10s, evaluated=3]
    [checkpoint] saved · 2240/5163 · rate=0.17/s · eta=293m43s
    [session] rotation após 30 searches; cooldown 30000ms
  [2241/5163] cnp=5821228 ✓ MATCHED "Dabigatrano etexilato Tolife" (B01AE07) +1 siblings (added=2) [41s, evaluated=3]
  [2242/5163] cnp=5821707 · NOT_FOUND (no_results, rows=0, evaluated=0) [2s]
  [2243/5163] cnp=5821715 · NOT_FOUND (no_results, rows=0, evaluated=0) [2s]
  [2244/5163] cnp=5823919 ✓ MATCHED "Prindal" (C09BX01) +1 siblings (added=2) [10s, evaluated=3]
  [2245/5163] cnp=5824008 · NOT_FOUND (no_results, rows=0, evaluated=0) [2s]
  [2246/5163] cnp=5824016 · NOT_FOUND (no_results, rows=0, evaluated=0) [2s]
  [2247/5163] cnp=5824024 · NOT_FOUND (no_results, rows=0, evaluated=0) [2s]
  [2248/5163] cnp=5824032 · NOT_FOUND (no_results, rows=0, evaluated=0) [2s]
  [2249/5163] cnp=5824040 · NOT_FOUND (no_results, rows=0, evaluated=0) [2s]
  [2250/5163] cnp=5824057 · NOT_FOUND (no_results, rows=0, evaluated=0) [2s]
    [checkpoint] saved · 2250/5163 · rate=0.17/s · eta=293m13s
  [2251/5163] cnp=5824206 · NOT_FOUND (no_results, rows=0, evaluated=0) [2s]
  [2252/5163] cnp=5824214 · NOT_FOUND (no_results, rows=0, evaluated=0) [2s]
  [2253/5163] cnp=5824271 · NOT_FOUND (no_results, rows=0, evaluated=0) [2s]
  [2254/5163] cnp=5824602 · NOT_FOUND (no_results, rows=0, evaluated=0) [2s]
  [2255/5163] cnp=5824925 · NOT_FOUND (no_cnp_match, rows=4, evaluated=3) [10s]
  [2256/5163] cnp=5824933 · NOT_FOUND (no_results, rows=0, evaluated=0) [2s]
  [2257/5163] cnp=5824941 · NOT_FOUND (no_results, rows=0, evaluated=0) [2s]
  [2258/5163] cnp=5824958 · NOT_FOUND (no_results, rows=0, evaluated=0) [2s]
  [2259/5163] cnp=5824966 · NOT_FOUND (no_results, rows=0, evaluated=0) [2s]
  [2260/5163] cnp=5825260 · NOT_FOUND (no_results, rows=0, evaluated=0) [2s]
    [checkpoint] saved · 2260/5163 · rate=0.17/s · eta=291m51s
  [2261/5163] cnp=5825500 · NOT_FOUND (no_results, rows=0, evaluated=0) [2s]
  [2262/5163] cnp=5825674 · NOT_FOUND (no_results, rows=0, evaluated=0) [2s]
  [2263/5163] cnp=5825765 · NOT_FOUND (no_results, rows=0, evaluated=0) [2s]
  [2264/5163] cnp=5825856 · NOT_FOUND (no_results, rows=0, evaluated=0) [2s]
  [2265/5163] cnp=5825872 · NOT_FOUND (no_results, rows=0, evaluated=0) [2s]
  [2266/5163] cnp=5825914 · NOT_FOUND (no_results, rows=0, evaluated=0) [2s]
  [2267/5163] cnp=5825955 · NOT_FOUND (no_results, rows=0, evaluated=0) [2s]
  [2268/5163] cnp=5826011 · NOT_FOUND (no_results, rows=0, evaluated=0) [2s]
  [2269/5163] cnp=5826037 · NOT_FOUND (no_cnp_match, rows=4, evaluated=3) [10s]
  [2270/5163] cnp=5826060 · NOT_FOUND (no_results, rows=0, evaluated=0) [2s]
    [checkpoint] saved · 2270/5163 · rate=0.17/s · eta=290m30s
    [session] rotation após 30 searches; cooldown 30000ms
  [2271/5163] cnp=5826102 · NOT_FOUND (no_results, rows=0, evaluated=0) [32s]
  [2272/5163] cnp=5826110 · NOT_FOUND (no_results, rows=0, evaluated=0) [2s]
  [2273/5163] cnp=5826151 · NOT_FOUND (no_results, rows=0, evaluated=0) [2s]
  [2274/5163] cnp=5826243 · NOT_FOUND (no_results, rows=0, evaluated=0) [2s]
  [2275/5163] cnp=5826417 · NOT_FOUND (no_results, rows=0, evaluated=0) [2s]
  [2276/5163] cnp=5826862 · NOT_FOUND (no_results, rows=0, evaluated=0) [2s]
  [2277/5163] cnp=5826912 · NOT_FOUND (no_results, rows=0, evaluated=0) [2s]
  [2278/5163] cnp=5827019 · NOT_FOUND (no_results, rows=0, evaluated=0) [2s]
  [2279/5163] cnp=5827167 · NOT_FOUND (no_results, rows=0, evaluated=0) [2s]
  [2280/5163] cnp=5827217 · NOT_FOUND (no_results, rows=0, evaluated=0) [2s]
    [checkpoint] saved · 2280/5163 · rate=0.17/s · eta=289m37s
  [2281/5163] cnp=5827225 · NOT_FOUND (no_results, rows=0, evaluated=0) [2s]
  [2282/5163] cnp=5827712 · NOT_FOUND (no_results, rows=0, evaluated=0) [2s]
  [2283/5163] cnp=5828017 · NOT_FOUND (no_results, rows=0, evaluated=0) [2s]
  [2284/5163] cnp=5828264 · NOT_FOUND (no_results, rows=0, evaluated=0) [2s]
  [2285/5163] cnp=5829072 · NOT_FOUND (no_results, rows=0, evaluated=0) [2s]
  [2286/5163] cnp=5829486 ✓ MATCHED "Norvasc" (C08CA01) +1 siblings (added=2) [11s, evaluated=2]
  [2287/5163] cnp=5829585 ✓ MATCHED "Norvasc" (C08CA01) +3 siblings (added=4) [8s, evaluated=2]
  [2288/5163] cnp=5829866 · NOT_FOUND (no_results, rows=0, evaluated=0) [2s]
  [2289/5163] cnp=5829890 · NOT_FOUND (no_results, rows=0, evaluated=0) [2s]
  [2290/5163] cnp=5829981 · NOT_FOUND (no_cnp_match, rows=6, evaluated=3) [10s]
    [checkpoint] saved · 2290/5163 · rate=0.17/s · eta=288m37s
  [2291/5163] cnp=5830146 · NOT_FOUND (no_results, rows=0, evaluated=0) [2s]
  [2292/5163] cnp=5830641 · NOT_FOUND (no_results, rows=0, evaluated=0) [2s]
  [2293/5163] cnp=5830799 ✓ MATCHED "Morfex" (N05CD01) +2 siblings (added=3) [8s, evaluated=2]
  [2294/5163] cnp=5830898 ✓ MATCHED "Morfex" (N05CD01) +2 siblings (added=3) [8s, evaluated=2]
  [2295/5163] cnp=5830989 · NOT_FOUND (no_results, rows=0, evaluated=0) [2s]
  [2296/5163] cnp=5831045 · NOT_FOUND (no_results, rows=0, evaluated=0) [2s]
  [2297/5163] cnp=5831102 · NOT_FOUND (no_results, rows=0, evaluated=0) [2s]
  [2298/5163] cnp=5831128 · NOT_FOUND (no_results, rows=0, evaluated=0) [2s]
  [2299/5163] cnp=5831136 · NOT_FOUND (no_results, rows=0, evaluated=0) [2s]
  [2300/5163] cnp=5831144 · NOT_FOUND (no_results, rows=0, evaluated=0) [2s]
    [checkpoint] saved · 2300/5163 · rate=0.17/s · eta=287m22s
    [session] rotation após 30 searches; cooldown 30000ms
  [2301/5163] cnp=5831367 · NOT_FOUND (no_results, rows=0, evaluated=0) [32s]
  [2302/5163] cnp=5831417 · NOT_FOUND (no_results, rows=0, evaluated=0) [2s]
  [2303/5163] cnp=5831441 · NOT_FOUND (no_results, rows=0, evaluated=0) [2s]
  [2304/5163] cnp=5831474 · NOT_FOUND (no_results, rows=0, evaluated=0) [2s]
  [2305/5163] cnp=5832340 · NOT_FOUND (no_results, rows=0, evaluated=0) [2s]
  [2306/5163] cnp=5832423 · NOT_FOUND (no_results, rows=0, evaluated=0) [2s]
  [2307/5163] cnp=5832456 · NOT_FOUND (no_results, rows=0, evaluated=0) [2s]
  [2308/5163] cnp=5832746 · NOT_FOUND (no_results, rows=0, evaluated=0) [2s]
  [2309/5163] cnp=5832753 · NOT_FOUND (no_results, rows=0, evaluated=0) [2s]
  [2310/5163] cnp=5832761 · NOT_FOUND (no_results, rows=0, evaluated=0) [2s]
    [checkpoint] saved · 2310/5163 · rate=0.17/s · eta=286m29s
  [2311/5163] cnp=5832779 · NOT_FOUND (no_results, rows=0, evaluated=0) [2s]
  [2312/5163] cnp=5832837 · NOT_FOUND (no_results, rows=0, evaluated=0) [2s]
  [2313/5163] cnp=5832845 · NOT_FOUND (no_results, rows=0, evaluated=0) [2s]
  [2314/5163] cnp=5833199 · NOT_FOUND (no_results, rows=0, evaluated=0) [2s]
  [2315/5163] cnp=5833512 · NOT_FOUND (no_results, rows=0, evaluated=0) [2s]
  [2316/5163] cnp=5833645 · NOT_FOUND (no_results, rows=0, evaluated=0) [2s]
  [2317/5163] cnp=5833652 · NOT_FOUND (no_results, rows=0, evaluated=0) [2s]
  [2318/5163] cnp=5834320 · NOT_FOUND (no_results, rows=0, evaluated=0) [2s]
  [2319/5163] cnp=5834346 · NOT_FOUND (no_results, rows=0, evaluated=0) [2s]
  [2320/5163] cnp=5834361 · NOT_FOUND (no_results, rows=0, evaluated=0) [2s]
    [checkpoint] saved · 2320/5163 · rate=0.17/s · eta=284m59s
  [2321/5163] cnp=5834627 · NOT_FOUND (no_results, rows=0, evaluated=0) [2s]
  [2322/5163] cnp=5834635 · NOT_FOUND (no_results, rows=0, evaluated=0) [2s]
  [2323/5163] cnp=5835319 · NOT_FOUND (no_results, rows=0, evaluated=0) [2s]
  [2324/5163] cnp=5835335 · NOT_FOUND (no_results, rows=0, evaluated=0) [2s]
  [2325/5163] cnp=5835343 · NOT_FOUND (no_results, rows=0, evaluated=0) [2s]
  [2326/5163] cnp=5835376 · NOT_FOUND (no_results, rows=0, evaluated=0) [2s]
  [2327/5163] cnp=5835400 · NOT_FOUND (no_results, rows=0, evaluated=0) [2s]
  [2328/5163] cnp=5835582 · NOT_FOUND (no_results, rows=0, evaluated=0) [2s]
  [2329/5163] cnp=5835988 · NOT_FOUND (no_results, rows=0, evaluated=0) [2s]
  [2330/5163] cnp=5836085 · NOT_FOUND (no_results, rows=0, evaluated=0) [2s]
    [checkpoint] saved · 2330/5163 · rate=0.17/s · eta=283m29s
    [session] rotation após 30 searches; cooldown 30000ms
  [2331/5163] cnp=5836226 ✓ MATCHED "Zonisamida Generis" (N03AX15) +1 siblings (added=2) [40s, evaluated=3]
  [2332/5163] cnp=5836416 · NOT_FOUND (no_results, rows=0, evaluated=0) [2s]
  [2333/5163] cnp=5836804 · NOT_FOUND (no_results, rows=0, evaluated=0) [2s]
  [2334/5163] cnp=5836812 · NOT_FOUND (no_results, rows=0, evaluated=0) [2s]
  [2335/5163] cnp=5836820 · NOT_FOUND (no_results, rows=0, evaluated=0) [2s]
  [2336/5163] cnp=5836838 · NOT_FOUND (no_results, rows=0, evaluated=0) [2s]
  [2337/5163] cnp=5836937 · NOT_FOUND (no_results, rows=0, evaluated=0) [2s]
  [2338/5163] cnp=5836960 · NOT_FOUND (no_results, rows=0, evaluated=0) [2s]
  [2339/5163] cnp=5837018 · NOT_FOUND (no_results, rows=0, evaluated=0) [2s]
    [503] backoff 10000ms before retry 1/3 (cnp=5837075)
    [503] backoff 30000ms before retry 2/3 (cnp=5837075)
  [2340/5163] cnp=5837075 · NOT_FOUND (no_results, rows=0, evaluated=0) [59s]
    [checkpoint] saved · 2340/5163 · rate=0.17/s · eta=283m56s
  [2341/5163] cnp=5837323 · NOT_FOUND (no_results, rows=0, evaluated=0) [2s]
  [2342/5163] cnp=5837331 · NOT_FOUND (no_results, rows=0, evaluated=0) [2s]
  [2343/5163] cnp=5837356 · NOT_FOUND (no_results, rows=0, evaluated=0) [2s]
  [2344/5163] cnp=5837364 · NOT_FOUND (no_results, rows=0, evaluated=0) [2s]
  [2345/5163] cnp=5838222 · NOT_FOUND (no_results, rows=0, evaluated=0) [2s]
  [2346/5163] cnp=5838230 · NOT_FOUND (no_results, rows=0, evaluated=0) [2s]
  [2347/5163] cnp=5838347 · NOT_FOUND (no_results, rows=0, evaluated=0) [2s]
  [2348/5163] cnp=5838362 · NOT_FOUND (no_results, rows=0, evaluated=0) [2s]
  [2349/5163] cnp=5838370 · NOT_FOUND (no_results, rows=0, evaluated=0) [2s]
  [2350/5163] cnp=5838396 · NOT_FOUND (no_results, rows=0, evaluated=0) [2s]
    [checkpoint] saved · 2350/5163 · rate=0.17/s · eta=282m26s
  [2351/5163] cnp=5838743 · NOT_FOUND (no_results, rows=0, evaluated=0) [2s]
  [2352/5163] cnp=5838933 · NOT_FOUND (no_results, rows=0, evaluated=0) [2s]
  [2353/5163] cnp=5839196 · NOT_FOUND (no_results, rows=0, evaluated=0) [2s]
  [2354/5163] cnp=5839279 · NOT_FOUND (no_cnp_match, rows=4, evaluated=3) [10s]
  [2355/5163] cnp=5839303 ✓ MATCHED "Bilamcar" (C09DB07) +2 siblings (added=3) [10s, evaluated=3]
  [2356/5163] cnp=5839352 · NOT_FOUND (no_results, rows=0, evaluated=0) [2s]
  [2357/5163] cnp=5839378 · NOT_FOUND (no_results, rows=0, evaluated=0) [2s]
  [2358/5163] cnp=5839402 · NOT_FOUND (no_results, rows=0, evaluated=0) [2s]
  [2359/5163] cnp=5839535 · NOT_FOUND (no_results, rows=0, evaluated=0) [2s]
  [2360/5163] cnp=5839584 ✓ MATCHED "Gabapentina Alter" (N02BF01) +4 siblings (added=5) [10s, evaluated=3]
    [checkpoint] saved · 2360/5163 · rate=0.17/s · eta=281m28s
  [2361/5163] cnp=5839683 ✓ MATCHED "Gabapentina Alter" (N02BF01) +4 siblings (added=5) [10s, evaluated=3]
  [2362/5163] cnp=5839709 ✓ MATCHED "Dabigatrano etexilato TAD" (B01AE07) +1 siblings (added=2) [10s, evaluated=3]
  [2363/5163] cnp=5839725 ✓ MATCHED "Dabigatrano etexilato TAD" (B01AE07) +1 siblings (added=2) [11s, evaluated=3]
  [2364/5163] cnp=5839782 ✓ MATCHED "Gabapentina Alter" (N02BF01) +4 siblings (added=5) [10s, evaluated=3]
  [2365/5163] cnp=5839964 · NOT_FOUND (no_results, rows=0, evaluated=0) [2s]
  [2366/5163] cnp=5840103 · NOT_FOUND (no_results, rows=0, evaluated=0) [2s]
  [2367/5163] cnp=5840475 · NOT_FOUND (no_results, rows=0, evaluated=0) [2s]
  [2368/5163] cnp=5841283 · NOT_FOUND (no_results, rows=0, evaluated=0) [2s]
  [2369/5163] cnp=5842398 ✓ MATCHED "Tranxene" (N05BA05) +2 siblings (added=3) [10s, evaluated=3]
    [session] rotation após 30 searches; cooldown 30000ms
  [2370/5163] cnp=5842471 · NOT_FOUND (no_results, rows=0, evaluated=0) [32s]
    [checkpoint] saved · 2370/5163 · rate=0.17/s · eta=281m26s
  [2371/5163] cnp=5842497 ✓ MATCHED "Tranxene" (N05BA05) +2 siblings (added=3) [10s, evaluated=3]
  [2372/5163] cnp=5842521 · NOT_FOUND (no_results, rows=0, evaluated=0) [2s]
  [2373/5163] cnp=5842596 ✓ MATCHED "Tranxene" (N05BA05) +2 siblings (added=3) [10s, evaluated=3]
  [2374/5163] cnp=5842745 · NOT_FOUND (no_results, rows=0, evaluated=0) [2s]
  [2375/5163] cnp=5842752 · NOT_FOUND (no_results, rows=0, evaluated=0) [2s]
  [2376/5163] cnp=5842760 · NOT_FOUND (no_results, rows=0, evaluated=0) [2s]
  [2377/5163] cnp=5843115 · NOT_FOUND (no_results, rows=0, evaluated=0) [2s]
  [2378/5163] cnp=5843123 · NOT_FOUND (no_results, rows=0, evaluated=0) [2s]
  [2379/5163] cnp=5843149 · NOT_FOUND (no_results, rows=0, evaluated=0) [2s]
  [2380/5163] cnp=5843750 · NOT_FOUND (no_results, rows=0, evaluated=0) [2s]
    [checkpoint] saved · 2380/5163 · rate=0.17/s · eta=280m17s
  [2381/5163] cnp=5843834 · NOT_FOUND (no_results, rows=0, evaluated=0) [2s]
  [2382/5163] cnp=5844501 · NOT_FOUND (no_results, rows=0, evaluated=0) [2s]
  [2383/5163] cnp=5844535 · NOT_FOUND (no_results, rows=0, evaluated=0) [2s]
  [2384/5163] cnp=5844832 · NOT_FOUND (no_results, rows=0, evaluated=0) [2s]
  [2385/5163] cnp=5844840 · NOT_FOUND (no_results, rows=0, evaluated=0) [2s]
  [2386/5163] cnp=5844857 · NOT_FOUND (no_results, rows=0, evaluated=0) [2s]
  [2387/5163] cnp=5844865 · NOT_FOUND (no_results, rows=0, evaluated=0) [2s]
  [2388/5163] cnp=5844873 · NOT_FOUND (no_results, rows=0, evaluated=0) [2s]
  [2389/5163] cnp=5845474 · NOT_FOUND (no_results, rows=0, evaluated=0) [2s]
  [2390/5163] cnp=5846340 · NOT_FOUND (no_results, rows=0, evaluated=0) [2s]
    [checkpoint] saved · 2390/5163 · rate=0.17/s · eta=278m48s
  [2391/5163] cnp=5846886 · NOT_FOUND (no_results, rows=0, evaluated=0) [2s]
  [2392/5163] cnp=5847702 · NOT_FOUND (no_results, rows=0, evaluated=0) [2s]
  [2393/5163] cnp=5847900 · NOT_FOUND (no_results, rows=0, evaluated=0) [2s]
  [2394/5163] cnp=5848163 · NOT_FOUND (no_results, rows=0, evaluated=0) [2s]
  [2395/5163] cnp=5848205 · NOT_FOUND (no_results, rows=0, evaluated=0) [2s]
  [2396/5163] cnp=5848213 · NOT_FOUND (no_results, rows=0, evaluated=0) [2s]
  [2397/5163] cnp=5849351 · NOT_FOUND (no_results, rows=0, evaluated=0) [2s]
  [2398/5163] cnp=5849427 · NOT_FOUND (no_results, rows=0, evaluated=0) [2s]
  [2399/5163] cnp=5849435 · NOT_FOUND (no_results, rows=0, evaluated=0) [2s]
    [session] rotation após 30 searches; cooldown 30000ms
  [2400/5163] cnp=5849567 · NOT_FOUND (no_results, rows=0, evaluated=0) [32s]
    [checkpoint] saved · 2400/5163 · rate=0.17/s · eta=277m55s
  [2401/5163] cnp=5849575 · NOT_FOUND (no_results, rows=0, evaluated=0) [2s]
  [2402/5163] cnp=5849609 · NOT_FOUND (no_results, rows=0, evaluated=0) [2s]
  [2403/5163] cnp=5849617 · NOT_FOUND (no_results, rows=0, evaluated=0) [2s]
  [2404/5163] cnp=5849633 · NOT_FOUND (no_results, rows=0, evaluated=0) [2s]
  [2405/5163] cnp=5849914 · NOT_FOUND (no_results, rows=0, evaluated=0) [2s]
  [2406/5163] cnp=5850011 ✓ MATCHED "Dabigatrano etexilato Pharmakern" (B01AE07) +2 siblings (added=3) [10s, evaluated=3]
  [2407/5163] cnp=5850029 ✓ MATCHED "Dabigatrano etexilato Pharmakern" (B01AE07) +1 siblings (added=2) [10s, evaluated=3]
  [2408/5163] cnp=5850102 · NOT_FOUND (no_results, rows=0, evaluated=0) [2s]
  [2409/5163] cnp=5850193 · NOT_FOUND (no_results, rows=0, evaluated=0) [2s]
  [2410/5163] cnp=5850201 · NOT_FOUND (no_results, rows=0, evaluated=0) [2s]
    [checkpoint] saved · 2410/5163 · rate=0.17/s · eta=276m46s
  [2411/5163] cnp=5850219 · NOT_FOUND (no_results, rows=0, evaluated=0) [2s]
  [2412/5163] cnp=5850227 · NOT_FOUND (no_results, rows=0, evaluated=0) [2s]
  [2413/5163] cnp=5850243 · NOT_FOUND (no_results, rows=0, evaluated=0) [2s]
  [2414/5163] cnp=5850979 · NOT_FOUND (no_results, rows=0, evaluated=0) [2s]
  [2415/5163] cnp=5851126 · NOT_FOUND (no_results, rows=0, evaluated=0) [2s]
  [2416/5163] cnp=5851134 · NOT_FOUND (no_results, rows=0, evaluated=0) [2s]
  [2417/5163] cnp=5851142 · NOT_FOUND (no_results, rows=0, evaluated=0) [2s]
  [2418/5163] cnp=5851159 · NOT_FOUND (no_results, rows=0, evaluated=0) [2s]
  [2419/5163] cnp=5851167 · NOT_FOUND (no_results, rows=0, evaluated=0) [2s]
  [2420/5163] cnp=5851175 · NOT_FOUND (no_results, rows=0, evaluated=0) [2s]
    [checkpoint] saved · 2420/5163 · rate=0.17/s · eta=275m18s
  [2421/5163] cnp=5851423 · NOT_FOUND (no_results, rows=0, evaluated=0) [2s]
  [2422/5163] cnp=5851449 · NOT_FOUND (no_results, rows=0, evaluated=0) [2s]
  [2423/5163] cnp=5851514 · NOT_FOUND (no_results, rows=0, evaluated=0) [2s]
  [2424/5163] cnp=5851555 · NOT_FOUND (no_results, rows=0, evaluated=0) [2s]
  [2425/5163] cnp=5851563 · NOT_FOUND (no_results, rows=0, evaluated=0) [2s]
  [2426/5163] cnp=5851571 · NOT_FOUND (no_results, rows=0, evaluated=0) [2s]
  [2427/5163] cnp=5851605 · NOT_FOUND (no_results, rows=0, evaluated=0) [2s]
  [2428/5163] cnp=5852249 ✓ MATCHED "Atorduo" (C10BA05) +1 siblings (added=2) [11s, evaluated=3]
  [2429/5163] cnp=5852264 ✓ MATCHED "Atorduo" (C10BA05) +1 siblings (added=2) [10s, evaluated=3]
    [session] rotation após 30 searches; cooldown 30000ms
  [2430/5163] cnp=5852306 ✓ MATCHED "Atorduo" (C10BA05) +1 siblings (added=2) [40s, evaluated=3]
    [checkpoint] saved · 2430/5163 · rate=0.17/s · eta=274m55s
  [2431/5163] cnp=5852363 · NOT_FOUND (no_results, rows=0, evaluated=0) [2s]
  [2432/5163] cnp=5852470 · NOT_FOUND (no_results, rows=0, evaluated=0) [2s]
  [2433/5163] cnp=5853213 · NOT_FOUND (no_results, rows=0, evaluated=0) [2s]
  [2434/5163] cnp=5853924 · NOT_FOUND (no_results, rows=0, evaluated=0) [2s]
  [2435/5163] cnp=5854153 · NOT_FOUND (no_results, rows=0, evaluated=0) [2s]
  [2436/5163] cnp=5854161 · NOT_FOUND (no_results, rows=0, evaluated=0) [2s]
  [2437/5163] cnp=5854252 · NOT_FOUND (no_results, rows=0, evaluated=0) [2s]
  [2438/5163] cnp=5854385 · NOT_FOUND (no_results, rows=0, evaluated=0) [2s]
  [2439/5163] cnp=5854419 · NOT_FOUND (no_results, rows=0, evaluated=0) [2s]
  [2440/5163] cnp=5854484 · NOT_FOUND (no_results, rows=0, evaluated=0) [2s]
    [checkpoint] saved · 2440/5163 · rate=0.17/s · eta=273m27s
  [2441/5163] cnp=5854617 · NOT_FOUND (no_cnp_match, rows=2, evaluated=2) [8s]
  [2442/5163] cnp=5854708 · NOT_FOUND (no_results, rows=0, evaluated=0) [2s]
  [2443/5163] cnp=5854757 · NOT_FOUND (no_results, rows=0, evaluated=0) [2s]
  [2444/5163] cnp=5854765 · NOT_FOUND (no_results, rows=0, evaluated=0) [2s]
  [2445/5163] cnp=5854914 · NOT_FOUND (no_results, rows=0, evaluated=0) [2s]
  [2446/5163] cnp=5854948 · NOT_FOUND (no_results, rows=0, evaluated=0) [2s]
  [2447/5163] cnp=5855192 · NOT_FOUND (no_cnp_match, rows=2, evaluated=2) [8s]
  [2448/5163] cnp=5855929 · NOT_FOUND (no_results, rows=0, evaluated=0) [2s]
  [2449/5163] cnp=5856034 ✓ MATCHED "Fluconazol ratiopharm" (J02AC01) +1 siblings (added=2) [10s, evaluated=3]
  [2450/5163] cnp=5856067 · NOT_FOUND (no_results, rows=0, evaluated=0) [2s]
    [checkpoint] saved · 2450/5163 · rate=0.17/s · eta=272m24s
  [2451/5163] cnp=5856224 · NOT_FOUND (no_results, rows=0, evaluated=0) [2s]
  [2452/5163] cnp=5856349 · NOT_FOUND (no_results, rows=0, evaluated=0) [2s]
  [2453/5163] cnp=5856414 · NOT_FOUND (no_results, rows=0, evaluated=0) [2s]
  [2454/5163] cnp=5856422 · NOT_FOUND (no_results, rows=0, evaluated=0) [2s]
  [2455/5163] cnp=5856513 · NOT_FOUND (no_results, rows=0, evaluated=0) [2s]
  [2456/5163] cnp=5856554 · NOT_FOUND (no_results, rows=0, evaluated=0) [2s]
  [2457/5163] cnp=5856901 · NOT_FOUND (no_results, rows=0, evaluated=0) [2s]
  [2458/5163] cnp=5856976 · NOT_FOUND (no_results, rows=0, evaluated=0) [2s]
  [2459/5163] cnp=5856984 · NOT_FOUND (no_results, rows=0, evaluated=0) [2s]
    [session] rotation após 30 searches; cooldown 30000ms
  [2460/5163] cnp=5857057 · NOT_FOUND (no_results, rows=0, evaluated=0) [32s]
    [checkpoint] saved · 2460/5163 · rate=0.17/s · eta=271m30s
  [2461/5163] cnp=5857065 · NOT_FOUND (no_results, rows=0, evaluated=0) [2s]
  [2462/5163] cnp=5857081 · NOT_FOUND (no_results, rows=0, evaluated=0) [2s]
  [2463/5163] cnp=5857487 · NOT_FOUND (no_results, rows=0, evaluated=0) [2s]
    [session] refresh falhou (refresh HTTP 503); rota.
    [503] backoff 10000ms before retry 1/3 (cnp=5857883)
    [503] backoff 30000ms before retry 2/3 (cnp=5857883)
  [2464/5163] cnp=5857883 · NOT_FOUND (no_results, rows=0, evaluated=0) [57s]
  [2465/5163] cnp=5857941 · NOT_FOUND (no_results, rows=0, evaluated=0) [2s]
  [2466/5163] cnp=5857974 · NOT_FOUND (no_results, rows=0, evaluated=0) [2s]
  [2467/5163] cnp=5858592 · NOT_FOUND (no_results, rows=0, evaluated=0) [2s]
  [2468/5163] cnp=5858691 · NOT_FOUND (no_results, rows=0, evaluated=0) [2s]
  [2469/5163] cnp=5858733 · NOT_FOUND (no_results, rows=0, evaluated=0) [2s]
  [2470/5163] cnp=5858741 · NOT_FOUND (no_results, rows=0, evaluated=0) [2s]
    [checkpoint] saved · 2470/5163 · rate=0.17/s · eta=271m03s
  [2471/5163] cnp=5858790 · NOT_FOUND (no_results, rows=0, evaluated=0) [2s]
  [2472/5163] cnp=5858899 · NOT_FOUND (no_results, rows=0, evaluated=0) [2s]
  [2473/5163] cnp=5859053 · NOT_FOUND (no_results, rows=0, evaluated=0) [2s]
  [2474/5163] cnp=5859731 · NOT_FOUND (no_results, rows=0, evaluated=0) [2s]
  [2475/5163] cnp=5859871 · NOT_FOUND (no_results, rows=0, evaluated=0) [2s]
  [2476/5163] cnp=5859905 · NOT_FOUND (no_results, rows=0, evaluated=0) [2s]
  [2477/5163] cnp=5859913 · NOT_FOUND (no_results, rows=0, evaluated=0) [2s]
  [2478/5163] cnp=5859921 · NOT_FOUND (no_results, rows=0, evaluated=0) [2s]
  [2479/5163] cnp=5860002 · NOT_FOUND (no_results, rows=0, evaluated=0) [2s]
  [2480/5163] cnp=5860341 · NOT_FOUND (no_results, rows=0, evaluated=0) [2s]
    [checkpoint] saved · 2480/5163 · rate=0.17/s · eta=269m36s
  [2481/5163] cnp=5860457 · NOT_FOUND (no_results, rows=0, evaluated=0) [2s]
  [2482/5163] cnp=5860465 · NOT_FOUND (no_results, rows=0, evaluated=0) [2s]
  [2483/5163] cnp=5860515 · NOT_FOUND (no_results, rows=0, evaluated=0) [2s]
  [2484/5163] cnp=5860549 · NOT_FOUND (no_results, rows=0, evaluated=0) [2s]
  [2485/5163] cnp=5860556 · NOT_FOUND (no_results, rows=0, evaluated=0) [2s]
  [2486/5163] cnp=5860739 · NOT_FOUND (no_results, rows=0, evaluated=0) [2s]
  [2487/5163] cnp=5861166 · NOT_FOUND (no_results, rows=0, evaluated=0) [3s]
  [2488/5163] cnp=5861190 · NOT_FOUND (no_results, rows=0, evaluated=0) [2s]
  [2489/5163] cnp=5861471 · NOT_FOUND (no_results, rows=0, evaluated=0) [2s]
  [2490/5163] cnp=5861646 · NOT_FOUND (no_results, rows=0, evaluated=0) [2s]
    [checkpoint] saved · 2490/5163 · rate=0.17/s · eta=268m11s
  [2491/5163] cnp=5862214 ✓ MATCHED "Fluconazol ratiopharm" (J02AC01) +1 siblings (added=2) [10s, evaluated=3]
  [2492/5163] cnp=5862248 · NOT_FOUND (no_results, rows=0, evaluated=0) [2s]
  [2493/5163] cnp=5862420 · NOT_FOUND (no_results, rows=0, evaluated=0) [2s]
    [session] rotation após 30 searches; cooldown 30000ms
  [2494/5163] cnp=5862461 · NOT_FOUND (no_results, rows=0, evaluated=0) [32s]
  [2495/5163] cnp=5863238 · NOT_FOUND (no_results, rows=0, evaluated=0) [2s]
  [2496/5163] cnp=5863246 · NOT_FOUND (no_results, rows=0, evaluated=0) [2s]
  [2497/5163] cnp=5863576 · NOT_FOUND (no_results, rows=0, evaluated=0) [2s]
  [2498/5163] cnp=5864863 · NOT_FOUND (no_results, rows=0, evaluated=0) [2s]
    [503] backoff 10000ms before retry 1/3 (cnp=5864905)
    [503] backoff 30000ms before retry 2/3 (cnp=5864905)
  [2499/5163] cnp=5864905 · NOT_FOUND (no_results, rows=0, evaluated=0) [44s]
  [2500/5163] cnp=5865241 · NOT_FOUND (no_results, rows=0, evaluated=0) [2s]
    [checkpoint] saved · 2500/5163 · rate=0.17/s · eta=268m12s
  [2501/5163] cnp=5865340 · NOT_FOUND (no_results, rows=0, evaluated=0) [2s]
  [2502/5163] cnp=5865704 · NOT_FOUND (no_results, rows=0, evaluated=0) [2s]
  [2503/5163] cnp=5866181 · NOT_FOUND (no_results, rows=0, evaluated=0) [2s]
  [2504/5163] cnp=5866280 · NOT_FOUND (no_results, rows=0, evaluated=0) [2s]
  [2505/5163] cnp=5867478 · NOT_FOUND (no_results, rows=0, evaluated=0) [2s]
  [2506/5163] cnp=5867502 · NOT_FOUND (no_results, rows=0, evaluated=0) [2s]
  [2507/5163] cnp=5867544 ✓ MATCHED "Zyprexa Velotab (DP Agon Pharma)" (N05AH03) +0 siblings (added=1) [8s, evaluated=2]
  [2508/5163] cnp=5867577 · NOT_FOUND (no_results, rows=0, evaluated=0) [2s]
  [2509/5163] cnp=5867650 · NOT_FOUND (no_results, rows=0, evaluated=0) [2s]
  [2510/5163] cnp=5867742 · NOT_FOUND (no_results, rows=0, evaluated=0) [2s]
    [checkpoint] saved · 2510/5163 · rate=0.17/s · eta=266m52s
  [2511/5163] cnp=5868138 · NOT_FOUND (no_results, rows=0, evaluated=0) [2s]
  [2512/5163] cnp=5868161 · NOT_FOUND (no_results, rows=0, evaluated=0) [2s]
  [2513/5163] cnp=5868401 · NOT_FOUND (no_results, rows=0, evaluated=0) [2s]
  [2514/5163] cnp=5868476 · NOT_FOUND (no_results, rows=0, evaluated=0) [2s]
  [2515/5163] cnp=5869078 · NOT_FOUND (no_results, rows=0, evaluated=0) [2s]
  [2516/5163] cnp=5869250 · NOT_FOUND (no_results, rows=0, evaluated=0) [2s]
  [2517/5163] cnp=5869268 · NOT_FOUND (no_results, rows=0, evaluated=0) [2s]
  [2518/5163] cnp=5869276 · NOT_FOUND (no_results, rows=0, evaluated=0) [2s]
  [2519/5163] cnp=5869300 · NOT_FOUND (no_results, rows=0, evaluated=0) [2s]
  [2520/5163] cnp=5869912 · NOT_FOUND (no_results, rows=0, evaluated=0) [2s]
    [checkpoint] saved · 2520/5163 · rate=0.17/s · eta=265m26s
  [2521/5163] cnp=5870316 · NOT_FOUND (no_results, rows=0, evaluated=0) [2s]
  [2522/5163] cnp=5870324 · NOT_FOUND (no_results, rows=0, evaluated=0) [2s]
  [2523/5163] cnp=5870332 · NOT_FOUND (no_results, rows=0, evaluated=0) [2s]
  [2524/5163] cnp=5870803 · NOT_FOUND (no_results, rows=0, evaluated=0) [2s]
  [2525/5163] cnp=5870944 · NOT_FOUND (no_results, rows=0, evaluated=0) [2s]
  [2526/5163] cnp=5871249 ✓ MATCHED "Tolutris" (C09DX) +1 siblings (added=2) [10s, evaluated=3]
  [2527/5163] cnp=5871264 · NOT_FOUND (no_cnp_match, rows=4, evaluated=3) [10s]
  [2528/5163] cnp=5871306 ✓ MATCHED "Tolutris" (C09DX) +1 siblings (added=2) [10s, evaluated=3]
    [session] rotation após 30 searches; cooldown 30000ms
  [2529/5163] cnp=5871330 · NOT_FOUND (no_results, rows=0, evaluated=0) [32s]
  [2530/5163] cnp=5871413 ✓ MATCHED "Tolutris" (C09DX) +1 siblings (added=2) [10s, evaluated=3]
    [checkpoint] saved · 2530/5163 · rate=0.17/s · eta=265m09s
  [2531/5163] cnp=5871660 · NOT_FOUND (no_results, rows=0, evaluated=0) [2s]
  [2532/5163] cnp=5872130 · NOT_FOUND (no_results, rows=0, evaluated=0) [2s]
  [2533/5163] cnp=5872155 · NOT_FOUND (no_results, rows=0, evaluated=0) [2s]
  [2534/5163] cnp=5872205 · NOT_FOUND (no_results, rows=0, evaluated=0) [2s]
  [2535/5163] cnp=5872841 · NOT_FOUND (no_results, rows=0, evaluated=0) [2s]
  [2536/5163] cnp=5873245 · NOT_FOUND (no_results, rows=0, evaluated=0) [2s]
  [2537/5163] cnp=5873450 · NOT_FOUND (no_results, rows=0, evaluated=0) [2s]
  [resolve cnp=5874300] candidato row=0 (Atorvastatina + Ezetimiba Zentiva
											MG) falhou: detail HTTP 503
  [resolve cnp=5874300] candidato row=1 (Atorvastatina + Ezetimiba Zentiva
											MG) falhou: click row HTTP 503
  [2538/5163] cnp=5874300 ✓ MATCHED "Ezetimiba Zentiva" (C10AX09) +6 siblings (added=7) [10s, evaluated=3]
    [session] refresh falhou (refresh HTTP 503); rota.
    [503] backoff 10000ms before retry 1/3 (cnp=5874367)
  [2539/5163] cnp=5874367 · NOT_FOUND (no_results, rows=0, evaluated=0) [12s]
  [2540/5163] cnp=5875471 · NOT_FOUND (no_results, rows=0, evaluated=0) [2s]
    [checkpoint] saved · 2540/5163 · rate=0.17/s · eta=264m02s
  [2541/5163] cnp=5875521 · NOT_FOUND (no_results, rows=0, evaluated=0) [2s]
  [2542/5163] cnp=5875547 · NOT_FOUND (no_results, rows=0, evaluated=0) [2s]
  [2543/5163] cnp=5875745 · NOT_FOUND (no_results, rows=0, evaluated=0) [2s]
  [2544/5163] cnp=5875828 · NOT_FOUND (no_results, rows=0, evaluated=0) [2s]
  [2545/5163] cnp=5876008 · NOT_FOUND (no_results, rows=0, evaluated=0) [2s]
  [2546/5163] cnp=5876016 · NOT_FOUND (no_results, rows=0, evaluated=0) [2s]
  [2547/5163] cnp=5876024 · NOT_FOUND (no_results, rows=0, evaluated=0) [2s]
  [2548/5163] cnp=5876206 · NOT_FOUND (no_results, rows=0, evaluated=0) [2s]
  [2549/5163] cnp=5876214 · NOT_FOUND (no_results, rows=0, evaluated=0) [2s]
  [2550/5163] cnp=5876222 · NOT_FOUND (no_results, rows=0, evaluated=0) [2s]
    [checkpoint] saved · 2550/5163 · rate=0.17/s · eta=262m36s
  [2551/5163] cnp=5876305 · NOT_FOUND (no_results, rows=0, evaluated=0) [2s]
  [2552/5163] cnp=5876313 · NOT_FOUND (no_results, rows=0, evaluated=0) [2s]
  [2553/5163] cnp=5876800 · NOT_FOUND (no_results, rows=0, evaluated=0) [2s]
  [2554/5163] cnp=5877618 · NOT_FOUND (no_results, rows=0, evaluated=0) [2s]
  [2555/5163] cnp=5878459 · NOT_FOUND (no_results, rows=0, evaluated=0) [2s]
  [2556/5163] cnp=5878590 ✓ MATCHED "Flexar" (M01AC01) +3 siblings (added=4) [8s, evaluated=2]
  [2557/5163] cnp=5878772 · NOT_FOUND (no_results, rows=0, evaluated=0) [2s]
  [2558/5163] cnp=5878830 · NOT_FOUND (no_results, rows=0, evaluated=0) [2s]
  [2559/5163] cnp=5878855 · NOT_FOUND (no_results, rows=0, evaluated=0) [2s]
  [2560/5163] cnp=5878905 · NOT_FOUND (no_results, rows=0, evaluated=0) [2s]
    [checkpoint] saved · 2560/5163 · rate=0.17/s · eta=261m19s
  [2561/5163] cnp=5878962 · NOT_FOUND (no_results, rows=0, evaluated=0) [2s]
  [2562/5163] cnp=5878970 · NOT_FOUND (no_results, rows=0, evaluated=0) [2s]
  [2563/5163] cnp=5879143 ✓ MATCHED "Cardix" (C10BX) +4 siblings (added=5) [10s, evaluated=3]
  [2564/5163] cnp=5879218 ✓ MATCHED "Cardix" (C10BX) +4 siblings (added=5) [11s, evaluated=3]
  [2565/5163] cnp=5879390 · NOT_FOUND (no_results, rows=0, evaluated=0) [2s]
  [2566/5163] cnp=5879465 · NOT_FOUND (no_results, rows=0, evaluated=0) [2s]
  [2567/5163] cnp=5879853 · NOT_FOUND (no_results, rows=0, evaluated=0) [2s]
  [2568/5163] cnp=5879952 · NOT_FOUND (no_results, rows=0, evaluated=0) [2s]
    [session] rotation após 30 searches; cooldown 30000ms
  [2569/5163] cnp=5879978 · NOT_FOUND (no_results, rows=0, evaluated=0) [32s]
  [2570/5163] cnp=5880018 · NOT_FOUND (no_results, rows=0, evaluated=0) [2s]
    [checkpoint] saved · 2570/5163 · rate=0.17/s · eta=260m43s
  [2571/5163] cnp=5880034 · NOT_FOUND (no_results, rows=0, evaluated=0) [2s]
  [2572/5163] cnp=5880059 · NOT_FOUND (no_results, rows=0, evaluated=0) [2s]
  [2573/5163] cnp=5880075 · NOT_FOUND (no_results, rows=0, evaluated=0) [2s]
  [2574/5163] cnp=5880232 · NOT_FOUND (no_results, rows=0, evaluated=0) [2s]
  [2575/5163] cnp=5881362 · NOT_FOUND (no_results, rows=0, evaluated=0) [2s]
  [2576/5163] cnp=5882022 ✓ MATCHED "Tensilfort" (C09DX06) +4 siblings (added=5) [8s, evaluated=2]
  [2577/5163] cnp=5882154 · NOT_FOUND (no_results, rows=0, evaluated=0) [2s]
  [2578/5163] cnp=5883434 · NOT_FOUND (no_results, rows=0, evaluated=0) [2s]
  [2579/5163] cnp=5883442 · NOT_FOUND (no_results, rows=0, evaluated=0) [2s]
  [2580/5163] cnp=5883467 · NOT_FOUND (no_results, rows=0, evaluated=0) [2s]
    [checkpoint] saved · 2580/5163 · rate=0.17/s · eta=259m24s
  [2581/5163] cnp=5883707 · NOT_FOUND (no_results, rows=0, evaluated=0) [2s]
  [2582/5163] cnp=5884176 · NOT_FOUND (no_results, rows=0, evaluated=0) [2s]
  [2583/5163] cnp=5884234 · NOT_FOUND (no_results, rows=0, evaluated=0) [2s]
  [2584/5163] cnp=5884812 · NOT_FOUND (no_results, rows=0, evaluated=0) [2s]
  [2585/5163] cnp=5885116 · NOT_FOUND (no_results, rows=0, evaluated=0) [2s]
  [2586/5163] cnp=5885215 · NOT_FOUND (no_results, rows=0, evaluated=0) [2s]
  [2587/5163] cnp=5885520 · NOT_FOUND (no_results, rows=0, evaluated=0) [2s]
  [2588/5163] cnp=5886411 · NOT_FOUND (no_results, rows=0, evaluated=0) [2s]
  [2589/5163] cnp=5886726 · NOT_FOUND (no_results, rows=0, evaluated=0) [2s]
  [2590/5163] cnp=5886973 · NOT_FOUND (no_results, rows=0, evaluated=0) [2s]
    [checkpoint] saved · 2590/5163 · rate=0.17/s · eta=258m00s
  [2591/5163] cnp=5887005 · NOT_FOUND (no_results, rows=0, evaluated=0) [2s]
  [2592/5163] cnp=5887013 · NOT_FOUND (no_results, rows=0, evaluated=0) [2s]
  [2593/5163] cnp=5888607 · NOT_FOUND (no_results, rows=0, evaluated=0) [2s]
  [2594/5163] cnp=5890256 · NOT_FOUND (no_results, rows=0, evaluated=0) [2s]
  [2595/5163] cnp=5890314 ✓ MATCHED "Zetovar IP" (C10BA05) +0 siblings (added=1) [8s, evaluated=2]
  [2596/5163] cnp=5890553 · NOT_FOUND (no_results, rows=0, evaluated=0) [2s]
  [2597/5163] cnp=5891585 · NOT_FOUND (no_results, rows=0, evaluated=0) [2s]
  [2598/5163] cnp=5891767 · NOT_FOUND (no_results, rows=0, evaluated=0) [2s]
    [session] rotation após 30 searches; cooldown 30000ms
  [2599/5163] cnp=5892252 · NOT_FOUND (no_results, rows=0, evaluated=0) [32s]
  [2600/5163] cnp=5892310 · NOT_FOUND (no_results, rows=0, evaluated=0) [2s]
    [checkpoint] saved · 2600/5163 · rate=0.17/s · eta=257m12s
  [2601/5163] cnp=5892773 · NOT_FOUND (no_results, rows=0, evaluated=0) [2s]
  [2602/5163] cnp=5892781 · NOT_FOUND (no_results, rows=0, evaluated=0) [2s]
  [2603/5163] cnp=5893474 · NOT_FOUND (no_results, rows=0, evaluated=0) [2s]
  [2604/5163] cnp=5894035 · NOT_FOUND (no_results, rows=0, evaluated=0) [2s]
  [2605/5163] cnp=5894464 · NOT_FOUND (no_results, rows=0, evaluated=0) [2s]
  [2606/5163] cnp=5895826 · NOT_FOUND (no_results, rows=0, evaluated=0) [2s]
  [2607/5163] cnp=5895909 · NOT_FOUND (no_results, rows=0, evaluated=0) [2s]
  [2608/5163] cnp=5897145 · NOT_FOUND (no_results, rows=0, evaluated=0) [2s]
  [2609/5163] cnp=5897681 · NOT_FOUND (no_results, rows=0, evaluated=0) [2s]
  [2610/5163] cnp=5898044 · NOT_FOUND (no_results, rows=0, evaluated=0) [2s]
    [checkpoint] saved · 2610/5163 · rate=0.17/s · eta=255m47s
  [2611/5163] cnp=5898051 · NOT_FOUND (no_results, rows=0, evaluated=0) [2s]
  [2612/5163] cnp=5898465 · NOT_FOUND (no_results, rows=0, evaluated=0) [2s]
  [2613/5163] cnp=5898580 ✓ MATCHED "Zonegran" (N03AX15) +1 siblings (added=2) [10s, evaluated=3]
  [2614/5163] cnp=5898754 · NOT_FOUND (no_results, rows=0, evaluated=0) [2s]
  [2615/5163] cnp=5898788 ✓ MATCHED "Zonegran" (N03AX15) +1 siblings (added=0) [10s, evaluated=3]
    [503] backoff 10000ms before retry 1/3 (cnp=5898820)
    [503] backoff 30000ms before retry 2/3 (cnp=5898820)
  [2616/5163] cnp=5898820 · NOT_FOUND (no_results, rows=0, evaluated=0) [44s]
  [2617/5163] cnp=5898838 · NOT_FOUND (no_results, rows=0, evaluated=0) [2s]
  [2618/5163] cnp=5898846 · NOT_FOUND (no_results, rows=0, evaluated=0) [2s]
  [2619/5163] cnp=5899059 · NOT_FOUND (no_results, rows=0, evaluated=0) [2s]
    [503] backoff 10000ms before retry 1/3 (cnp=5899166)
    [503] backoff 30000ms before retry 2/3 (cnp=5899166)
  [2620/5163] cnp=5899166 ✓ MATCHED "Candexin" (C09DA06) +1 siblings (added=2) [50s, evaluated=2]
    [checkpoint] saved · 2620/5163 · rate=0.17/s · eta=256m08s
  [2621/5163] cnp=5899281 · NOT_FOUND (no_results, rows=0, evaluated=0) [2s]
  [2622/5163] cnp=5899919 · NOT_FOUND (no_results, rows=0, evaluated=0) [2s]
  [2623/5163] cnp=5900071 · NOT_FOUND (no_results, rows=0, evaluated=0) [2s]
  [2624/5163] cnp=5900543 · NOT_FOUND (no_results, rows=0, evaluated=0) [2s]
  [2625/5163] cnp=5900782 · NOT_FOUND (no_results, rows=0, evaluated=0) [2s]
  [2626/5163] cnp=5902119 ✓ MATCHED "Ezepix" (C10BA13) +0 siblings (added=1) [8s, evaluated=2]
  [2627/5163] cnp=5902127 ✓ MATCHED "Ezepix" (C10BA13) +0 siblings (added=1) [8s, evaluated=2]
  [2628/5163] cnp=5902481 · NOT_FOUND (no_results, rows=0, evaluated=0) [2s]
  [2629/5163] cnp=5903380 · NOT_FOUND (no_results, rows=0, evaluated=0) [2s]
  [2630/5163] cnp=5903489 · NOT_FOUND (no_results, rows=0, evaluated=0) [2s]
    [checkpoint] saved · 2630/5163 · rate=0.17/s · eta=254m57s
  [2631/5163] cnp=5903844 · NOT_FOUND (no_results, rows=0, evaluated=0) [2s]
  [2632/5163] cnp=5905286 · NOT_FOUND (no_results, rows=0, evaluated=0) [2s]
  [2633/5163] cnp=5906938 · NOT_FOUND (no_results, rows=0, evaluated=0) [2s]
  [2634/5163] cnp=5906953 · NOT_FOUND (no_results, rows=0, evaluated=0) [2s]
  [2635/5163] cnp=5907084 · NOT_FOUND (no_results, rows=0, evaluated=0) [2s]
  [2636/5163] cnp=5907183 ✓ MATCHED "Triatec Composto Forte" (C09BA05) +2 siblings (added=3) [8s, evaluated=2]
  [2637/5163] cnp=5907506 · NOT_FOUND (no_results, rows=0, evaluated=0) [2s]
  [2638/5163] cnp=5907514 · NOT_FOUND (no_results, rows=0, evaluated=0) [2s]
  [2639/5163] cnp=5907522 · NOT_FOUND (no_results, rows=0, evaluated=0) [2s]
  [2640/5163] cnp=5908546 · NOT_FOUND (no_results, rows=0, evaluated=0) [2s]
    [checkpoint] saved · 2640/5163 · rate=0.17/s · eta=253m39s
  [2641/5163] cnp=5911185 · NOT_FOUND (no_results, rows=0, evaluated=0) [2s]
  [2642/5163] cnp=5911581 · NOT_FOUND (no_results, rows=0, evaluated=0) [2s]
  [2643/5163] cnp=5911987 · NOT_FOUND (no_results, rows=0, evaluated=0) [2s]
  [2644/5163] cnp=5912381 · NOT_FOUND (no_results, rows=0, evaluated=0) [2s]
  [2645/5163] cnp=5912589 · NOT_FOUND (no_results, rows=0, evaluated=0) [2s]
  [2646/5163] cnp=5912688 · NOT_FOUND (no_results, rows=0, evaluated=0) [2s]
  [2647/5163] cnp=5912787 · NOT_FOUND (no_results, rows=0, evaluated=0) [2s]
  [2648/5163] cnp=5912886 · NOT_FOUND (no_results, rows=0, evaluated=0) [2s]
  [2649/5163] cnp=5915129 · NOT_FOUND (no_results, rows=0, evaluated=0) [2s]
    [session] rotation após 30 searches; cooldown 30000ms
  [2650/5163] cnp=5916960 · NOT_FOUND (no_results, rows=0, evaluated=0) [32s]
    [checkpoint] saved · 2650/5163 · rate=0.17/s · eta=252m44s
  [2651/5163] cnp=5928486 · NOT_FOUND (no_results, rows=0, evaluated=0) [2s]
  [2652/5163] cnp=5929781 · NOT_FOUND (no_results, rows=0, evaluated=0) [2s]
  [2653/5163] cnp=5932082 · NOT_FOUND (no_results, rows=0, evaluated=0) [2s]
  [2654/5163] cnp=5943188 · NOT_FOUND (no_results, rows=0, evaluated=0) [2s]
  [2655/5163] cnp=5943386 · NOT_FOUND (no_results, rows=0, evaluated=0) [2s]
  [2656/5163] cnp=5943683 · NOT_FOUND (no_results, rows=0, evaluated=0) [2s]
  [2657/5163] cnp=5943782 · NOT_FOUND (no_results, rows=0, evaluated=0) [2s]
  [2658/5163] cnp=5943980 · NOT_FOUND (no_results, rows=0, evaluated=0) [2s]
  [2659/5163] cnp=5944285 · NOT_FOUND (no_results, rows=0, evaluated=0) [2s]
  [2660/5163] cnp=5944582 · NOT_FOUND (no_results, rows=0, evaluated=0) [2s]
    [checkpoint] saved · 2660/5163 · rate=0.17/s · eta=251m21s
  [2661/5163] cnp=5946587 · NOT_FOUND (no_results, rows=0, evaluated=0) [2s]
  [2662/5163] cnp=5947288 · NOT_FOUND (no_results, rows=0, evaluated=0) [2s]
  [2663/5163] cnp=5954581 · NOT_FOUND (no_results, rows=0, evaluated=0) [2s]
  [2664/5163] cnp=5954888 · NOT_FOUND (no_results, rows=0, evaluated=0) [2s]
  [2665/5163] cnp=5955588 · NOT_FOUND (no_results, rows=0, evaluated=0) [2s]
  [2666/5163] cnp=5956081 · NOT_FOUND (no_results, rows=0, evaluated=0) [2s]
  [2667/5163] cnp=5974399 · NOT_FOUND (no_results, rows=0, evaluated=0) [2s]
  [2668/5163] cnp=5975198 · NOT_FOUND (no_results, rows=0, evaluated=0) [2s]
  [2669/5163] cnp=5983283 · NOT_FOUND (no_results, rows=0, evaluated=0) [2s]
  [2670/5163] cnp=5988381 · NOT_FOUND (no_results, rows=0, evaluated=0) [2s]
    [checkpoint] saved · 2670/5163 · rate=0.17/s · eta=249m58s
  [2671/5163] cnp=5989181 · NOT_FOUND (no_results, rows=0, evaluated=0) [2s]
  [2672/5163] cnp=5989488 · NOT_FOUND (no_results, rows=0, evaluated=0) [2s]
  [2673/5163] cnp=5989686 · NOT_FOUND (no_results, rows=0, evaluated=0) [2s]
  [2674/5163] cnp=5994181 · NOT_FOUND (no_results, rows=0, evaluated=0) [2s]
  [2675/5163] cnp=5994280 · NOT_FOUND (no_results, rows=0, evaluated=0) [2s]
  [2676/5163] cnp=5998190 · NOT_FOUND (no_results, rows=0, evaluated=0) [2s]
  [2677/5163] cnp=6000505 · NOT_FOUND (no_results, rows=0, evaluated=0) [2s]
  [2678/5163] cnp=6002097 · NOT_FOUND (no_results, rows=0, evaluated=0) [2s]
  [2679/5163] cnp=6002337 · NOT_FOUND (no_results, rows=0, evaluated=0) [2s]
    [session] rotation após 30 searches; cooldown 30000ms
  [2680/5163] cnp=6004275 · NOT_FOUND (no_results, rows=0, evaluated=0) [32s]
    [checkpoint] saved · 2680/5163 · rate=0.17/s · eta=249m04s
  [2681/5163] cnp=6004325 · NOT_FOUND (no_results, rows=0, evaluated=0) [2s]
  [2682/5163] cnp=6004606 · NOT_FOUND (no_results, rows=0, evaluated=0) [2s]
  [2683/5163] cnp=6005348 · NOT_FOUND (no_results, rows=0, evaluated=0) [2s]
  [2684/5163] cnp=6005942 · NOT_FOUND (no_results, rows=0, evaluated=0) [2s]
  [2685/5163] cnp=6006213 · NOT_FOUND (no_results, rows=0, evaluated=0) [2s]
  [2686/5163] cnp=6006247 · NOT_FOUND (no_results, rows=0, evaluated=0) [2s]
  [2687/5163] cnp=6006593 · NOT_FOUND (no_results, rows=0, evaluated=0) [2s]
  [2688/5163] cnp=6007278 · NOT_FOUND (no_results, rows=0, evaluated=0) [2s]
  [2689/5163] cnp=6007732 · NOT_FOUND (no_results, rows=0, evaluated=0) [2s]
  [2690/5163] cnp=6007740 · NOT_FOUND (no_results, rows=0, evaluated=0) [2s]
    [checkpoint] saved · 2690/5163 · rate=0.17/s · eta=247m42s
  [2691/5163] cnp=6007757 · NOT_FOUND (no_results, rows=0, evaluated=0) [2s]
  [2692/5163] cnp=6010769 · NOT_FOUND (no_results, rows=0, evaluated=0) [2s]
  [2693/5163] cnp=6011874 · NOT_FOUND (no_results, rows=0, evaluated=0) [2s]
  [2694/5163] cnp=6012203 · NOT_FOUND (no_results, rows=0, evaluated=0) [2s]
  [2695/5163] cnp=6012328 · NOT_FOUND (no_results, rows=0, evaluated=0) [2s]
  [2696/5163] cnp=6016337 · NOT_FOUND (no_results, rows=0, evaluated=0) [2s]
  [2697/5163] cnp=6017541 · NOT_FOUND (no_results, rows=0, evaluated=0) [2s]
  [2698/5163] cnp=6017749 · NOT_FOUND (no_results, rows=0, evaluated=0) [2s]
  [2699/5163] cnp=6021807 · NOT_FOUND (no_results, rows=0, evaluated=0) [2s]
  [2700/5163] cnp=6023051 · NOT_FOUND (no_results, rows=0, evaluated=0) [2s]
    [checkpoint] saved · 2700/5163 · rate=0.17/s · eta=246m19s
  [2701/5163] cnp=6028878 · NOT_FOUND (no_results, rows=0, evaluated=0) [2s]
  [2702/5163] cnp=6029041 · NOT_FOUND (no_results, rows=0, evaluated=0) [2s]
  [2703/5163] cnp=6029553 · NOT_FOUND (no_results, rows=0, evaluated=0) [2s]
  [2704/5163] cnp=6029850 · NOT_FOUND (no_results, rows=0, evaluated=0) [2s]
  [2705/5163] cnp=6030189 · NOT_FOUND (no_results, rows=0, evaluated=0) [2s]
  [2706/5163] cnp=6031807 · NOT_FOUND (no_results, rows=0, evaluated=0) [2s]
  [2707/5163] cnp=6031815 · NOT_FOUND (no_results, rows=0, evaluated=0) [2s]
  [2708/5163] cnp=6031823 · NOT_FOUND (no_results, rows=0, evaluated=0) [2s]
  [2709/5163] cnp=6031864 · NOT_FOUND (no_results, rows=0, evaluated=0) [2s]
    [session] rotation após 30 searches; cooldown 30000ms
  [2710/5163] cnp=6031906 · NOT_FOUND (no_results, rows=0, evaluated=0) [32s]
    [checkpoint] saved · 2710/5163 · rate=0.17/s · eta=245m25s
  [2711/5163] cnp=6031930 · NOT_FOUND (no_results, rows=0, evaluated=0) [2s]
  [2712/5163] cnp=6031948 · NOT_FOUND (no_results, rows=0, evaluated=0) [2s]
  [2713/5163] cnp=6031971 · NOT_FOUND (no_results, rows=0, evaluated=0) [2s]
  [2714/5163] cnp=6031989 · NOT_FOUND (no_results, rows=0, evaluated=0) [2s]
  [2715/5163] cnp=6031997 · NOT_FOUND (no_results, rows=0, evaluated=0) [2s]
  [2716/5163] cnp=6032011 · NOT_FOUND (no_results, rows=0, evaluated=0) [2s]
  [2717/5163] cnp=6032029 · NOT_FOUND (no_results, rows=0, evaluated=0) [2s]
  [2718/5163] cnp=6032037 · NOT_FOUND (no_results, rows=0, evaluated=0) [2s]
  [2719/5163] cnp=6032045 · NOT_FOUND (no_results, rows=0, evaluated=0) [2s]
  [2720/5163] cnp=6033431 · NOT_FOUND (no_results, rows=0, evaluated=0) [2s]
    [checkpoint] saved · 2720/5163 · rate=0.17/s · eta=244m03s
  [2721/5163] cnp=6034058 · NOT_FOUND (no_results, rows=0, evaluated=0) [2s]
  [2722/5163] cnp=6035212 · NOT_FOUND (no_results, rows=0, evaluated=0) [2s]
  [2723/5163] cnp=6035337 · NOT_FOUND (no_results, rows=0, evaluated=0) [2s]
  [2724/5163] cnp=6036236 · NOT_FOUND (no_results, rows=0, evaluated=0) [2s]
  [2725/5163] cnp=6036244 · NOT_FOUND (no_results, rows=0, evaluated=0) [2s]
  [2726/5163] cnp=6036269 · NOT_FOUND (no_results, rows=0, evaluated=0) [2s]
  [2727/5163] cnp=6036277 · NOT_FOUND (no_results, rows=0, evaluated=0) [2s]
  [2728/5163] cnp=6037911 · NOT_FOUND (no_results, rows=0, evaluated=0) [2s]
  [2729/5163] cnp=6038604 · NOT_FOUND (no_results, rows=0, evaluated=0) [2s]
  [2730/5163] cnp=6038612 · NOT_FOUND (no_results, rows=0, evaluated=0) [2s]
    [checkpoint] saved · 2730/5163 · rate=0.17/s · eta=242m41s
  [2731/5163] cnp=6038620 · NOT_FOUND (no_results, rows=0, evaluated=0) [2s]
  [2732/5163] cnp=6038836 · NOT_FOUND (no_results, rows=0, evaluated=0) [2s]
  [2733/5163] cnp=6039792 · NOT_FOUND (no_results, rows=0, evaluated=0) [2s]
  [2734/5163] cnp=6039867 · NOT_FOUND (no_results, rows=0, evaluated=0) [2s]
  [2735/5163] cnp=6040576 · NOT_FOUND (no_results, rows=0, evaluated=0) [2s]
  [2736/5163] cnp=6041046 · NOT_FOUND (no_results, rows=0, evaluated=0) [2s]
  [2737/5163] cnp=6041145 · NOT_FOUND (no_results, rows=0, evaluated=0) [2s]
  [2738/5163] cnp=6041475 · NOT_FOUND (no_results, rows=0, evaluated=0) [2s]
  [2739/5163] cnp=6041806 · NOT_FOUND (no_results, rows=0, evaluated=0) [2s]
    [session] rotation após 30 searches; cooldown 30000ms
  [2740/5163] cnp=6041814 · NOT_FOUND (no_results, rows=0, evaluated=0) [32s]
    [checkpoint] saved · 2740/5163 · rate=0.17/s · eta=241m47s
  [2741/5163] cnp=6041822 · NOT_FOUND (no_results, rows=0, evaluated=0) [2s]
  [2742/5163] cnp=6041848 · NOT_FOUND (no_results, rows=0, evaluated=0) [2s]
    [503] backoff 10000ms before retry 1/3 (cnp=6041855)
    [503] backoff 30000ms before retry 2/3 (cnp=6041855)
  [2743/5163] cnp=6041855 · NOT_FOUND (no_results, rows=0, evaluated=0) [44s]
  [2744/5163] cnp=6041871 · NOT_FOUND (no_results, rows=0, evaluated=0) [2s]
  [2745/5163] cnp=6044537 · NOT_FOUND (no_results, rows=0, evaluated=0) [2s]
  [2746/5163] cnp=6044545 · NOT_FOUND (no_results, rows=0, evaluated=0) [2s]
  [2747/5163] cnp=6044834 · NOT_FOUND (no_results, rows=0, evaluated=0) [2s]
  [2748/5163] cnp=6044842 · NOT_FOUND (no_results, rows=0, evaluated=0) [2s]
  [2749/5163] cnp=6044982 · NOT_FOUND (no_results, rows=0, evaluated=0) [2s]
  [2750/5163] cnp=6045450 · NOT_FOUND (no_results, rows=0, evaluated=0) [2s]
    [checkpoint] saved · 2750/5163 · rate=0.17/s · eta=241m03s
  [2751/5163] cnp=6045575 · NOT_FOUND (no_results, rows=0, evaluated=0) [2s]
  [2752/5163] cnp=6046367 · NOT_FOUND (no_results, rows=0, evaluated=0) [2s]
  [2753/5163] cnp=6046631 · NOT_FOUND (no_results, rows=0, evaluated=0) [2s]
  [2754/5163] cnp=6046649 · NOT_FOUND (no_results, rows=0, evaluated=0) [2s]
  [2755/5163] cnp=6046763 · NOT_FOUND (no_results, rows=0, evaluated=0) [2s]
  [2756/5163] cnp=6047118 · NOT_FOUND (no_results, rows=0, evaluated=0) [2s]
  [2757/5163] cnp=6047217 · NOT_FOUND (no_results, rows=0, evaluated=0) [2s]
  [2758/5163] cnp=6048017 · NOT_FOUND (no_results, rows=0, evaluated=0) [2s]
  [2759/5163] cnp=6049460 · NOT_FOUND (no_results, rows=0, evaluated=0) [2s]
  [2760/5163] cnp=6049874 · NOT_FOUND (no_results, rows=0, evaluated=0) [2s]
    [checkpoint] saved · 2760/5163 · rate=0.17/s · eta=239m42s
  [2761/5163] cnp=6051441 · NOT_FOUND (no_results, rows=0, evaluated=0) [2s]
  [2762/5163] cnp=6053207 · NOT_FOUND (no_results, rows=0, evaluated=0) [2s]
  [2763/5163] cnp=6053215 · NOT_FOUND (no_results, rows=0, evaluated=0) [2s]
  [2764/5163] cnp=6053223 · NOT_FOUND (no_results, rows=0, evaluated=0) [2s]
  [2765/5163] cnp=6057067 · NOT_FOUND (no_results, rows=0, evaluated=0) [2s]
  [2766/5163] cnp=6057422 · NOT_FOUND (no_results, rows=0, evaluated=0) [2s]
  [2767/5163] cnp=6057562 · NOT_FOUND (no_results, rows=0, evaluated=0) [2s]
  [2768/5163] cnp=6058123 · NOT_FOUND (no_results, rows=0, evaluated=0) [2s]
  [2769/5163] cnp=6058156 · NOT_FOUND (no_results, rows=0, evaluated=0) [2s]
  [2770/5163] cnp=6058693 · NOT_FOUND (no_results, rows=0, evaluated=0) [2s]
    [checkpoint] saved · 2770/5163 · rate=0.17/s · eta=238m21s
  [2771/5163] cnp=6058909 · NOT_FOUND (no_results, rows=0, evaluated=0) [2s]
  [2772/5163] cnp=6059816 · NOT_FOUND (no_results, rows=0, evaluated=0) [2s]
    [session] rotation após 30 searches; cooldown 30000ms
  [2773/5163] cnp=6059824 · NOT_FOUND (no_results, rows=0, evaluated=0) [32s]
  [2774/5163] cnp=6060004 · NOT_FOUND (no_results, rows=0, evaluated=0) [2s]
  [2775/5163] cnp=6060376 · NOT_FOUND (no_results, rows=0, evaluated=0) [2s]
  [2776/5163] cnp=6061085 · NOT_FOUND (no_results, rows=0, evaluated=0) [2s]
  [2777/5163] cnp=6061234 · NOT_FOUND (no_results, rows=0, evaluated=0) [2s]
  [2778/5163] cnp=6061671 · NOT_FOUND (no_results, rows=0, evaluated=0) [2s]
  [2779/5163] cnp=6061689 · NOT_FOUND (no_results, rows=0, evaluated=0) [2s]
    [session] refresh falhou (refresh HTTP 503); rota.
    [503] backoff 10000ms before retry 1/3 (cnp=6061796)
    [503] backoff 30000ms before retry 2/3 (cnp=6061796)
  [2780/5163] cnp=6061796 · NOT_FOUND (no_results, rows=0, evaluated=0) [42s]
    [checkpoint] saved · 2780/5163 · rate=0.17/s · eta=238m01s
  [2781/5163] cnp=6061978 · NOT_FOUND (no_results, rows=0, evaluated=0) [2s]
  [2782/5163] cnp=6063354 · NOT_FOUND (no_results, rows=0, evaluated=0) [2s]
  [2783/5163] cnp=6063388 · NOT_FOUND (no_results, rows=0, evaluated=0) [2s]
  [2784/5163] cnp=6063420 · NOT_FOUND (no_results, rows=0, evaluated=0) [2s]
  [2785/5163] cnp=6063438 · NOT_FOUND (no_results, rows=0, evaluated=0) [2s]
  [2786/5163] cnp=6063644 · NOT_FOUND (no_results, rows=0, evaluated=0) [2s]
  [2787/5163] cnp=6064170 · NOT_FOUND (no_results, rows=0, evaluated=0) [3s]
  [2788/5163] cnp=6076588 · NOT_FOUND (no_results, rows=0, evaluated=0) [2s]
  [2789/5163] cnp=6076679 · NOT_FOUND (no_results, rows=0, evaluated=0) [2s]
  [2790/5163] cnp=6076851 · NOT_FOUND (no_results, rows=0, evaluated=0) [2s]
    [checkpoint] saved · 2790/5163 · rate=0.17/s · eta=236m42s
  [2791/5163] cnp=6076984 · NOT_FOUND (no_results, rows=0, evaluated=0) [2s]
  [2792/5163] cnp=6077396 · NOT_FOUND (no_results, rows=0, evaluated=0) [2s]
  [2793/5163] cnp=6077420 · NOT_FOUND (no_results, rows=0, evaluated=0) [2s]
  [2794/5163] cnp=6077438 · NOT_FOUND (no_results, rows=0, evaluated=0) [2s]
  [2795/5163] cnp=6079343 · NOT_FOUND (no_results, rows=0, evaluated=0) [2s]
  [2796/5163] cnp=6079459 · NOT_FOUND (no_results, rows=0, evaluated=0) [2s]
  [2797/5163] cnp=6080713 · NOT_FOUND (no_results, rows=0, evaluated=0) [2s]
  [2798/5163] cnp=6080945 · NOT_FOUND (no_results, rows=0, evaluated=0) [2s]
  [2799/5163] cnp=6081026 · NOT_FOUND (no_results, rows=0, evaluated=0) [2s]
  [2800/5163] cnp=6082529 · NOT_FOUND (no_results, rows=0, evaluated=0) [2s]
    [checkpoint] saved · 2800/5163 · rate=0.17/s · eta=235m22s
  [2801/5163] cnp=6082537 · NOT_FOUND (no_results, rows=0, evaluated=0) [2s]
  [2802/5163] cnp=6082545 · NOT_FOUND (no_results, rows=0, evaluated=0) [2s]
  [2803/5163] cnp=6082560 · NOT_FOUND (no_results, rows=0, evaluated=0) [2s]
  [2804/5163] cnp=6083550 · NOT_FOUND (no_results, rows=0, evaluated=0) [2s]
  [2805/5163] cnp=6084954 · NOT_FOUND (no_results, rows=0, evaluated=0) [2s]
  [2806/5163] cnp=6084962 · NOT_FOUND (no_results, rows=0, evaluated=0) [2s]
  [2807/5163] cnp=6085043 · NOT_FOUND (no_results, rows=0, evaluated=0) [2s]
  [2808/5163] cnp=6085266 · NOT_FOUND (no_results, rows=0, evaluated=0) [2s]
  [2809/5163] cnp=6085316 · NOT_FOUND (no_results, rows=0, evaluated=0) [2s]
    [session] rotation após 30 searches; cooldown 30000ms
  [2810/5163] cnp=6085340 · NOT_FOUND (no_results, rows=0, evaluated=0) [32s]
    [checkpoint] saved · 2810/5163 · rate=0.17/s · eta=234m27s
  [2811/5163] cnp=6085399 · NOT_FOUND (no_results, rows=0, evaluated=0) [2s]
  [2812/5163] cnp=6086074 · NOT_FOUND (no_results, rows=0, evaluated=0) [2s]
  [2813/5163] cnp=6086421 · NOT_FOUND (no_results, rows=0, evaluated=0) [2s]
  [2814/5163] cnp=6086934 · NOT_FOUND (no_results, rows=0, evaluated=0) [2s]
  [2815/5163] cnp=6086942 · NOT_FOUND (no_results, rows=0, evaluated=0) [2s]
  [2816/5163] cnp=6087445 · NOT_FOUND (no_results, rows=0, evaluated=0) [2s]
  [2817/5163] cnp=6087767 · NOT_FOUND (no_results, rows=0, evaluated=0) [2s]
  [2818/5163] cnp=6087775 · NOT_FOUND (no_results, rows=0, evaluated=0) [2s]
  [2819/5163] cnp=6087783 · NOT_FOUND (no_results, rows=0, evaluated=0) [2s]
  [2820/5163] cnp=6087817 · NOT_FOUND (no_results, rows=0, evaluated=0) [2s]
    [checkpoint] saved · 2820/5163 · rate=0.17/s · eta=233m08s
  [2821/5163] cnp=6088187 · NOT_FOUND (no_results, rows=0, evaluated=0) [2s]
  [2822/5163] cnp=6088435 · NOT_FOUND (no_results, rows=0, evaluated=0) [2s]
  [2823/5163] cnp=6092098 · NOT_FOUND (no_results, rows=0, evaluated=0) [2s]
    [session] refresh falhou (refresh HTTP 503); rota.
    [503] backoff 10000ms before retry 1/3 (cnp=6092379)
  [2824/5163] cnp=6092379 · NOT_FOUND (no_results, rows=0, evaluated=0) [12s]
  [2825/5163] cnp=6097154 · NOT_FOUND (no_results, rows=0, evaluated=0) [2s]
  [2826/5163] cnp=6100222 · NOT_FOUND (no_results, rows=0, evaluated=0) [2s]
  [2827/5163] cnp=6104505 · NOT_FOUND (no_results, rows=0, evaluated=0) [2s]
  [2828/5163] cnp=6108191 · NOT_FOUND (no_results, rows=0, evaluated=0) [2s]
  [2829/5163] cnp=6111120 · NOT_FOUND (no_results, rows=0, evaluated=0) [2s]
  [2830/5163] cnp=6112425 · NOT_FOUND (no_results, rows=0, evaluated=0) [2s]
    [checkpoint] saved · 2830/5163 · rate=0.17/s · eta=231m57s
  [2831/5163] cnp=6115089 · NOT_FOUND (no_results, rows=0, evaluated=0) [2s]
  [2832/5163] cnp=6115097 · NOT_FOUND (no_results, rows=0, evaluated=0) [2s]
  [2833/5163] cnp=6116269 · NOT_FOUND (no_results, rows=0, evaluated=0) [2s]
  [2834/5163] cnp=6118968 · NOT_FOUND (no_results, rows=0, evaluated=0) [2s]
  [2835/5163] cnp=6119743 · NOT_FOUND (no_results, rows=0, evaluated=0) [2s]
  [2836/5163] cnp=6122234 · NOT_FOUND (no_results, rows=0, evaluated=0) [2s]
  [2837/5163] cnp=6128041 · NOT_FOUND (no_results, rows=0, evaluated=0) [2s]
  [2838/5163] cnp=6128512 · NOT_FOUND (no_results, rows=0, evaluated=0) [2s]
  [2839/5163] cnp=6128520 · NOT_FOUND (no_results, rows=0, evaluated=0) [2s]
  [2840/5163] cnp=6128538 · NOT_FOUND (no_results, rows=0, evaluated=0) [2s]
    [checkpoint] saved · 2840/5163 · rate=0.17/s · eta=230m38s
  [2841/5163] cnp=6134056 · NOT_FOUND (no_results, rows=0, evaluated=0) [2s]
  [2842/5163] cnp=6135228 · NOT_FOUND (no_results, rows=0, evaluated=0) [2s]
  [2843/5163] cnp=6136705 · NOT_FOUND (no_results, rows=0, evaluated=0) [2s]
  [2844/5163] cnp=6138412 · NOT_FOUND (no_results, rows=0, evaluated=0) [2s]
  [2845/5163] cnp=6138438 · NOT_FOUND (no_results, rows=0, evaluated=0) [2s]
  [2846/5163] cnp=6138446 · NOT_FOUND (no_results, rows=0, evaluated=0) [2s]
  [2847/5163] cnp=6138883 · NOT_FOUND (no_results, rows=0, evaluated=0) [2s]
  [2848/5163] cnp=6138891 · NOT_FOUND (no_results, rows=0, evaluated=0) [2s]
  [2849/5163] cnp=6138909 · NOT_FOUND (no_results, rows=0, evaluated=0) [2s]
  [2850/5163] cnp=6139337 · NOT_FOUND (no_results, rows=0, evaluated=0) [2s]
    [checkpoint] saved · 2850/5163 · rate=0.17/s · eta=229m19s
  [2851/5163] cnp=6143453 · NOT_FOUND (no_results, rows=0, evaluated=0) [2s]
  [2852/5163] cnp=6143461 · NOT_FOUND (no_results, rows=0, evaluated=0) [2s]
  [2853/5163] cnp=6143495 · NOT_FOUND (no_results, rows=0, evaluated=0) [2s]
    [session] rotation após 30 searches; cooldown 30000ms
  [2854/5163] cnp=6150920 · NOT_FOUND (no_results, rows=0, evaluated=0) [32s]
  [2855/5163] cnp=6151050 · NOT_FOUND (no_results, rows=0, evaluated=0) [2s]
  [2856/5163] cnp=6157362 · NOT_FOUND (no_results, rows=0, evaluated=0) [2s]
  [2857/5163] cnp=6157453 · NOT_FOUND (no_results, rows=0, evaluated=0) [2s]
  [2858/5163] cnp=6159996 · NOT_FOUND (no_results, rows=0, evaluated=0) [2s]
  [2859/5163] cnp=6162453 · NOT_FOUND (no_results, rows=0, evaluated=0) [2s]
  [2860/5163] cnp=6162461 · NOT_FOUND (no_results, rows=0, evaluated=0) [2s]
    [checkpoint] saved · 2860/5163 · rate=0.17/s · eta=228m25s
  [2861/5163] cnp=6162479 · NOT_FOUND (no_results, rows=0, evaluated=0) [2s]
  [2862/5163] cnp=6163402 · NOT_FOUND (no_results, rows=0, evaluated=0) [2s]
  [2863/5163] cnp=6163634 · NOT_FOUND (no_results, rows=0, evaluated=0) [2s]
  [2864/5163] cnp=6165563 · NOT_FOUND (no_results, rows=0, evaluated=0) [2s]
  [2865/5163] cnp=6172783 · NOT_FOUND (no_results, rows=0, evaluated=0) [2s]
  [2866/5163] cnp=6174532 · NOT_FOUND (no_results, rows=0, evaluated=0) [2s]
  [2867/5163] cnp=6175778 · NOT_FOUND (no_results, rows=0, evaluated=0) [2s]
  [2868/5163] cnp=6176362 · NOT_FOUND (no_results, rows=0, evaluated=0) [2s]
  [2869/5163] cnp=6176388 · NOT_FOUND (no_results, rows=0, evaluated=0) [2s]
  [2870/5163] cnp=6176396 · NOT_FOUND (no_results, rows=0, evaluated=0) [2s]
    [checkpoint] saved · 2870/5163 · rate=0.17/s · eta=227m06s
  [2871/5163] cnp=6180471 · NOT_FOUND (no_results, rows=0, evaluated=0) [2s]
  [2872/5163] cnp=6180554 · NOT_FOUND (no_results, rows=0, evaluated=0) [2s]
  [2873/5163] cnp=6180562 · NOT_FOUND (no_results, rows=0, evaluated=0) [2s]
  [2874/5163] cnp=6180877 · NOT_FOUND (no_results, rows=0, evaluated=0) [2s]
  [2875/5163] cnp=6184788 · NOT_FOUND (no_results, rows=0, evaluated=0) [2s]
  [2876/5163] cnp=6191270 · NOT_FOUND (no_results, rows=0, evaluated=0) [2s]
  [2877/5163] cnp=6191320 · NOT_FOUND (no_results, rows=0, evaluated=0) [2s]
  [2878/5163] cnp=6191973 · NOT_FOUND (no_results, rows=0, evaluated=0) [2s]
  [2879/5163] cnp=6192039 · NOT_FOUND (no_results, rows=0, evaluated=0) [2s]
  [2880/5163] cnp=6192047 · NOT_FOUND (no_results, rows=0, evaluated=0) [2s]
    [checkpoint] saved · 2880/5163 · rate=0.17/s · eta=225m48s
  [2881/5163] cnp=6192096 · NOT_FOUND (no_results, rows=0, evaluated=0) [2s]
  [2882/5163] cnp=6192104 · NOT_FOUND (no_results, rows=0, evaluated=0) [2s]
  [2883/5163] cnp=6192328 · NOT_FOUND (no_results, rows=0, evaluated=0) [2s]
    [session] rotation após 30 searches; cooldown 30000ms
  [2884/5163] cnp=6201038 · NOT_FOUND (no_results, rows=0, evaluated=0) [32s]
  [2885/5163] cnp=6201426 · NOT_FOUND (no_results, rows=0, evaluated=0) [2s]
  [2886/5163] cnp=6204412 · NOT_FOUND (no_results, rows=0, evaluated=0) [2s]
  [2887/5163] cnp=6206300 · NOT_FOUND (no_results, rows=0, evaluated=0) [2s]
    [503] backoff 10000ms before retry 1/3 (cnp=6208058)
  [2888/5163] cnp=6208058 · NOT_FOUND (no_results, rows=0, evaluated=0) [13s]
  [2889/5163] cnp=6208074 · NOT_FOUND (no_results, rows=0, evaluated=0) [2s]
  [2890/5163] cnp=6210948 · NOT_FOUND (no_results, rows=0, evaluated=0) [2s]
    [checkpoint] saved · 2890/5163 · rate=0.17/s · eta=225m04s
  [2891/5163] cnp=6210971 · NOT_FOUND (no_results, rows=0, evaluated=0) [2s]
  [2892/5163] cnp=6211243 · NOT_FOUND (no_results, rows=0, evaluated=0) [2s]
  [2893/5163] cnp=6213058 · NOT_FOUND (no_results, rows=0, evaluated=0) [2s]
  [2894/5163] cnp=6214577 · NOT_FOUND (no_results, rows=0, evaluated=0) [2s]
  [2895/5163] cnp=6218925 · NOT_FOUND (no_results, rows=0, evaluated=0) [2s]
  [2896/5163] cnp=6218990 · NOT_FOUND (no_results, rows=0, evaluated=0) [2s]
  [2897/5163] cnp=6221085 · NOT_FOUND (no_results, rows=0, evaluated=0) [2s]
  [2898/5163] cnp=6222323 · NOT_FOUND (no_results, rows=0, evaluated=0) [2s]
  [2899/5163] cnp=6224485 · NOT_FOUND (no_results, rows=0, evaluated=0) [2s]
  [2900/5163] cnp=6225177 · NOT_FOUND (no_results, rows=0, evaluated=0) [2s]
    [checkpoint] saved · 2900/5163 · rate=0.17/s · eta=223m46s
  [2901/5163] cnp=6225235 · NOT_FOUND (no_results, rows=0, evaluated=0) [2s]
  [2902/5163] cnp=6225243 · NOT_FOUND (no_results, rows=0, evaluated=0) [2s]
  [2903/5163] cnp=6227124 · NOT_FOUND (no_results, rows=0, evaluated=0) [2s]
  [2904/5163] cnp=6228361 · NOT_FOUND (no_results, rows=0, evaluated=0) [2s]
  [2905/5163] cnp=6232884 · NOT_FOUND (no_results, rows=0, evaluated=0) [2s]
  [2906/5163] cnp=6233742 · NOT_FOUND (no_results, rows=0, evaluated=0) [2s]
  [2907/5163] cnp=6235291 · NOT_FOUND (no_results, rows=0, evaluated=0) [2s]
  [2908/5163] cnp=6235382 · NOT_FOUND (no_results, rows=0, evaluated=0) [2s]
  [2909/5163] cnp=6235697 · NOT_FOUND (no_results, rows=0, evaluated=0) [2s]
  [2910/5163] cnp=6235705 · NOT_FOUND (no_results, rows=0, evaluated=0) [2s]
    [checkpoint] saved · 2910/5163 · rate=0.17/s · eta=222m29s
  [2911/5163] cnp=6235838 · NOT_FOUND (no_results, rows=0, evaluated=0) [2s]
  [2912/5163] cnp=6235846 · NOT_FOUND (no_results, rows=0, evaluated=0) [2s]
  [2913/5163] cnp=6237214 · NOT_FOUND (no_results, rows=0, evaluated=0) [2s]
  [2914/5163] cnp=6237271 · NOT_FOUND (no_results, rows=0, evaluated=0) [2s]
  [2915/5163] cnp=6237438 · NOT_FOUND (no_results, rows=0, evaluated=0) [2s]
  [2916/5163] cnp=6237644 · NOT_FOUND (no_results, rows=0, evaluated=0) [2s]
  [2917/5163] cnp=6238238 · NOT_FOUND (no_results, rows=0, evaluated=0) [2s]
    [session] rotation após 30 searches; cooldown 30000ms
  [2918/5163] cnp=6239095 · NOT_FOUND (no_results, rows=0, evaluated=0) [32s]
  [2919/5163] cnp=6239111 · NOT_FOUND (no_results, rows=0, evaluated=0) [2s]
  [2920/5163] cnp=6239897 · NOT_FOUND (no_results, rows=0, evaluated=0) [2s]
    [checkpoint] saved · 2920/5163 · rate=0.17/s · eta=221m34s
  [2921/5163] cnp=6239913 · NOT_FOUND (no_results, rows=0, evaluated=0) [2s]
  [2922/5163] cnp=6239947 · NOT_FOUND (no_results, rows=0, evaluated=0) [2s]
  [2923/5163] cnp=6240887 · NOT_FOUND (no_results, rows=0, evaluated=0) [2s]
  [2924/5163] cnp=6241042 · NOT_FOUND (no_results, rows=0, evaluated=0) [2s]
  [2925/5163] cnp=6241182 · NOT_FOUND (no_results, rows=0, evaluated=0) [2s]
  [2926/5163] cnp=6241190 · NOT_FOUND (no_results, rows=0, evaluated=0) [2s]
  [2927/5163] cnp=6241638 · NOT_FOUND (no_results, rows=0, evaluated=0) [2s]
  [2928/5163] cnp=6243337 · NOT_FOUND (no_results, rows=0, evaluated=0) [2s]
  [2929/5163] cnp=6249763 · NOT_FOUND (no_results, rows=0, evaluated=0) [2s]
  [2930/5163] cnp=6251413 · NOT_FOUND (no_results, rows=0, evaluated=0) [2s]
    [checkpoint] saved · 2930/5163 · rate=0.17/s · eta=220m17s
  [2931/5163] cnp=6256081 · NOT_FOUND (no_results, rows=0, evaluated=0) [2s]
  [2932/5163] cnp=6259093 · NOT_FOUND (no_results, rows=0, evaluated=0) [2s]
  [2933/5163] cnp=6262709 · NOT_FOUND (no_results, rows=0, evaluated=0) [2s]
  [2934/5163] cnp=6262881 · NOT_FOUND (no_results, rows=0, evaluated=0) [2s]
  [2935/5163] cnp=6263798 · NOT_FOUND (no_results, rows=0, evaluated=0) [2s]
  [2936/5163] cnp=6264572 · NOT_FOUND (no_results, rows=0, evaluated=0) [2s]
  [2937/5163] cnp=6264788 · NOT_FOUND (no_results, rows=0, evaluated=0) [2s]
  [2938/5163] cnp=6265322 · NOT_FOUND (no_results, rows=0, evaluated=0) [2s]
  [2939/5163] cnp=6266023 · NOT_FOUND (no_results, rows=0, evaluated=0) [2s]
  [2940/5163] cnp=6266106 · NOT_FOUND (no_results, rows=0, evaluated=0) [2s]
    [checkpoint] saved · 2940/5163 · rate=0.17/s · eta=219m01s
  [2941/5163] cnp=6266866 · NOT_FOUND (no_results, rows=0, evaluated=0) [2s]
  [2942/5163] cnp=6268185 · NOT_FOUND (no_results, rows=0, evaluated=0) [2s]
  [2943/5163] cnp=6268367 · NOT_FOUND (no_results, rows=0, evaluated=0) [2s]
  [2944/5163] cnp=6269308 · NOT_FOUND (no_results, rows=0, evaluated=0) [2s]
  [2945/5163] cnp=6269316 · NOT_FOUND (no_results, rows=0, evaluated=0) [2s]
  [2946/5163] cnp=6269605 · NOT_FOUND (no_results, rows=0, evaluated=0) [2s]
  [2947/5163] cnp=6269746 · NOT_FOUND (no_results, rows=0, evaluated=0) [2s]
    [session] rotation após 30 searches; cooldown 30000ms
  [2948/5163] cnp=6271924 · NOT_FOUND (no_results, rows=0, evaluated=0) [32s]
  [2949/5163] cnp=6272088 · NOT_FOUND (no_results, rows=0, evaluated=0) [2s]
  [2950/5163] cnp=6272096 · NOT_FOUND (no_results, rows=0, evaluated=0) [2s]
    [checkpoint] saved · 2950/5163 · rate=0.17/s · eta=218m07s
  [2951/5163] cnp=6272104 · NOT_FOUND (no_results, rows=0, evaluated=0) [2s]
  [2952/5163] cnp=6273482 · NOT_FOUND (no_results, rows=0, evaluated=0) [2s]
  [2953/5163] cnp=6275677 · NOT_FOUND (no_results, rows=0, evaluated=0) [2s]
  [2954/5163] cnp=6276535 · NOT_FOUND (no_results, rows=0, evaluated=0) [2s]
  [2955/5163] cnp=6276725 · NOT_FOUND (no_results, rows=0, evaluated=0) [2s]
  [2956/5163] cnp=6277855 · NOT_FOUND (no_results, rows=0, evaluated=0) [2s]
  [2957/5163] cnp=6278812 · NOT_FOUND (no_results, rows=0, evaluated=0) [2s]
  [2958/5163] cnp=6279000 · NOT_FOUND (no_results, rows=0, evaluated=0) [2s]
  [2959/5163] cnp=6279091 · NOT_FOUND (no_results, rows=0, evaluated=0) [2s]
  [2960/5163] cnp=6279505 · NOT_FOUND (no_results, rows=0, evaluated=0) [2s]
    [checkpoint] saved · 2960/5163 · rate=0.17/s · eta=216m51s
  [2961/5163] cnp=6281097 · NOT_FOUND (no_results, rows=0, evaluated=0) [2s]
  [2962/5163] cnp=6281410 · NOT_FOUND (no_results, rows=0, evaluated=0) [2s]
  [2963/5163] cnp=6283333 · NOT_FOUND (no_results, rows=0, evaluated=0) [2s]
  [2964/5163] cnp=6283374 · NOT_FOUND (no_results, rows=0, evaluated=0) [2s]
  [2965/5163] cnp=6284679 · NOT_FOUND (no_results, rows=0, evaluated=0) [2s]
  [2966/5163] cnp=6284703 · NOT_FOUND (no_results, rows=0, evaluated=0) [2s]
  [2967/5163] cnp=6284711 · NOT_FOUND (no_results, rows=0, evaluated=0) [2s]
  [2968/5163] cnp=6284729 · NOT_FOUND (no_results, rows=0, evaluated=0) [2s]
  [2969/5163] cnp=6289413 · NOT_FOUND (no_results, rows=0, evaluated=0) [2s]
  [2970/5163] cnp=6289678 · NOT_FOUND (no_results, rows=0, evaluated=0) [2s]
    [checkpoint] saved · 2970/5163 · rate=0.17/s · eta=215m35s
  [2971/5163] cnp=6290783 · NOT_FOUND (no_results, rows=0, evaluated=0) [2s]
  [2972/5163] cnp=6290866 · NOT_FOUND (no_results, rows=0, evaluated=0) [2s]
    [session] refresh falhou (refresh HTTP 503); rota.
    [503] backoff 10000ms before retry 1/3 (cnp=6290874)
    [503] backoff 30000ms before retry 2/3 (cnp=6290874)
  [2973/5163] cnp=6290874 · NOT_FOUND (no_results, rows=0, evaluated=0) [42s]
  [2974/5163] cnp=6292987 · NOT_FOUND (no_results, rows=0, evaluated=0) [2s]
  [2975/5163] cnp=6292995 · NOT_FOUND (no_results, rows=0, evaluated=0) [2s]
  [2976/5163] cnp=6293100 · NOT_FOUND (no_results, rows=0, evaluated=0) [2s]
  [2977/5163] cnp=6293126 · NOT_FOUND (no_results, rows=0, evaluated=0) [2s]
  [2978/5163] cnp=6293142 · NOT_FOUND (no_results, rows=0, evaluated=0) [2s]
  [2979/5163] cnp=6293795 · NOT_FOUND (no_results, rows=0, evaluated=0) [2s]
  [2980/5163] cnp=6294736 · NOT_FOUND (no_results, rows=0, evaluated=0) [2s]
    [checkpoint] saved · 2980/5163 · rate=0.17/s · eta=214m48s
  [2981/5163] cnp=6294744 · NOT_FOUND (no_results, rows=0, evaluated=0) [2s]
  [2982/5163] cnp=6298752 · NOT_FOUND (no_results, rows=0, evaluated=0) [2s]
  [2983/5163] cnp=6303776 · NOT_FOUND (no_results, rows=0, evaluated=0) [2s]
  [2984/5163] cnp=6304766 · NOT_FOUND (no_results, rows=0, evaluated=0) [2s]
  [2985/5163] cnp=6304782 · NOT_FOUND (no_results, rows=0, evaluated=0) [2s]
  [2986/5163] cnp=6304899 · NOT_FOUND (no_results, rows=0, evaluated=0) [2s]
  [2987/5163] cnp=6306779 · NOT_FOUND (no_results, rows=0, evaluated=0) [2s]
  [2988/5163] cnp=6306936 · NOT_FOUND (no_results, rows=0, evaluated=0) [2s]
  [2989/5163] cnp=6307942 · NOT_FOUND (no_results, rows=0, evaluated=0) [2s]
  [2990/5163] cnp=6309542 · NOT_FOUND (no_results, rows=0, evaluated=0) [2s]
    [checkpoint] saved · 2990/5163 · rate=0.17/s · eta=213m32s
  [2991/5163] cnp=6309674 · NOT_FOUND (no_results, rows=0, evaluated=0) [2s]
  [2992/5163] cnp=6312496 · NOT_FOUND (no_results, rows=0, evaluated=0) [2s]
  [2993/5163] cnp=6316679 · NOT_FOUND (no_results, rows=0, evaluated=0) [2s]
  [2994/5163] cnp=6316810 · NOT_FOUND (no_results, rows=0, evaluated=0) [2s]
  [2995/5163] cnp=6317586 · NOT_FOUND (no_results, rows=0, evaluated=0) [2s]
  [2996/5163] cnp=6317792 · NOT_FOUND (no_results, rows=0, evaluated=0) [2s]
  [2997/5163] cnp=6318386 · NOT_FOUND (no_results, rows=0, evaluated=0) [2s]
  [2998/5163] cnp=6318527 · NOT_FOUND (no_results, rows=0, evaluated=0) [2s]
  [2999/5163] cnp=6318758 · NOT_FOUND (no_results, rows=0, evaluated=0) [2s]
  [3000/5163] cnp=6322362 · NOT_FOUND (no_results, rows=0, evaluated=0) [2s]
    [checkpoint] saved · 3000/5163 · rate=0.17/s · eta=212m17s
  [3001/5163] cnp=6322388 · NOT_FOUND (no_results, rows=0, evaluated=0) [2s]
  [3002/5163] cnp=6322404 · NOT_FOUND (no_results, rows=0, evaluated=0) [2s]
    [session] rotation após 30 searches; cooldown 30000ms
  [3003/5163] cnp=6323055 · NOT_FOUND (no_results, rows=0, evaluated=0) [32s]
  [3004/5163] cnp=6323063 · NOT_FOUND (no_results, rows=0, evaluated=0) [2s]
  [3005/5163] cnp=6323121 · NOT_FOUND (no_results, rows=0, evaluated=0) [2s]
  [3006/5163] cnp=6325498 · NOT_FOUND (no_results, rows=0, evaluated=0) [2s]
  [3007/5163] cnp=6325597 · NOT_FOUND (no_results, rows=0, evaluated=0) [2s]
  [3008/5163] cnp=6326496 · NOT_FOUND (no_results, rows=0, evaluated=0) [2s]
  [3009/5163] cnp=6326512 · NOT_FOUND (no_results, rows=0, evaluated=0) [2s]
  [3010/5163] cnp=6326587 · NOT_FOUND (no_results, rows=0, evaluated=0) [2s]
    [checkpoint] saved · 3010/5163 · rate=0.17/s · eta=211m23s
  [3011/5163] cnp=6326603 · NOT_FOUND (no_results, rows=0, evaluated=0) [2s]
  [3012/5163] cnp=6326629 · NOT_FOUND (no_results, rows=0, evaluated=0) [2s]
  [3013/5163] cnp=6329870 · NOT_FOUND (no_results, rows=0, evaluated=0) [2s]
  [3014/5163] cnp=6330308 · NOT_FOUND (no_results, rows=0, evaluated=0) [2s]
  [3015/5163] cnp=6332312 · NOT_FOUND (no_results, rows=0, evaluated=0) [2s]
  [3016/5163] cnp=6332353 · NOT_FOUND (no_results, rows=0, evaluated=0) [2s]
  [3017/5163] cnp=6332379 · NOT_FOUND (no_results, rows=0, evaluated=0) [2s]
  [3018/5163] cnp=6332502 · NOT_FOUND (no_results, rows=0, evaluated=0) [2s]
  [3019/5163] cnp=6332965 · NOT_FOUND (no_results, rows=0, evaluated=0) [2s]
  [3020/5163] cnp=6332981 · NOT_FOUND (no_results, rows=0, evaluated=0) [2s]
    [checkpoint] saved · 3020/5163 · rate=0.17/s · eta=210m08s
  [3021/5163] cnp=6332999 · NOT_FOUND (no_results, rows=0, evaluated=0) [2s]
  [3022/5163] cnp=6333021 · NOT_FOUND (no_results, rows=0, evaluated=0) [2s]
  [3023/5163] cnp=6334375 · NOT_FOUND (no_results, rows=0, evaluated=0) [2s]
  [3024/5163] cnp=6334458 · NOT_FOUND (no_results, rows=0, evaluated=0) [2s]
  [3025/5163] cnp=6334466 · NOT_FOUND (no_results, rows=0, evaluated=0) [2s]
  [3026/5163] cnp=6334797 · NOT_FOUND (no_results, rows=0, evaluated=0) [2s]
  [3027/5163] cnp=6335562 · NOT_FOUND (no_results, rows=0, evaluated=0) [2s]
  [3028/5163] cnp=6336487 · NOT_FOUND (no_results, rows=0, evaluated=0) [2s]
  [3029/5163] cnp=6337113 · NOT_FOUND (no_results, rows=0, evaluated=0) [2s]
  [3030/5163] cnp=6340919 · NOT_FOUND (no_results, rows=0, evaluated=0) [2s]
    [checkpoint] saved · 3030/5163 · rate=0.17/s · eta=208m52s
  [3031/5163] cnp=6340927 · NOT_FOUND (no_results, rows=0, evaluated=0) [2s]
  [3032/5163] cnp=6342279 · NOT_FOUND (no_results, rows=0, evaluated=0) [2s]
    [session] rotation após 30 searches; cooldown 30000ms
  [3033/5163] cnp=6342436 · NOT_FOUND (no_results, rows=0, evaluated=0) [32s]
  [3034/5163] cnp=6342824 · NOT_FOUND (no_results, rows=0, evaluated=0) [2s]
  [3035/5163] cnp=6343327 · NOT_FOUND (no_results, rows=0, evaluated=0) [2s]
  [3036/5163] cnp=6343335 · NOT_FOUND (no_results, rows=0, evaluated=0) [2s]
  [3037/5163] cnp=6343343 · NOT_FOUND (no_results, rows=0, evaluated=0) [2s]
  [3038/5163] cnp=6343350 · NOT_FOUND (no_results, rows=0, evaluated=0) [2s]
  [3039/5163] cnp=6343376 · NOT_FOUND (no_results, rows=0, evaluated=0) [2s]
  [3040/5163] cnp=6346759 · NOT_FOUND (no_results, rows=0, evaluated=0) [2s]
    [checkpoint] saved · 3040/5163 · rate=0.17/s · eta=207m59s
  [3041/5163] cnp=6347179 · NOT_FOUND (no_results, rows=0, evaluated=0) [2s]
  [3042/5163] cnp=6347187 · NOT_FOUND (no_results, rows=0, evaluated=0) [2s]
  [3043/5163] cnp=6347278 · NOT_FOUND (no_results, rows=0, evaluated=0) [2s]
  [3044/5163] cnp=6347310 · NOT_FOUND (no_results, rows=0, evaluated=0) [2s]
  [3045/5163] cnp=6347831 · NOT_FOUND (no_results, rows=0, evaluated=0) [2s]
  [3046/5163] cnp=6349340 · NOT_FOUND (no_results, rows=0, evaluated=0) [2s]
  [3047/5163] cnp=6349761 · NOT_FOUND (no_results, rows=0, evaluated=0) [2s]
  [3048/5163] cnp=6350256 · NOT_FOUND (no_results, rows=0, evaluated=0) [2s]
  [3049/5163] cnp=6350942 · NOT_FOUND (no_results, rows=0, evaluated=0) [2s]
  [3050/5163] cnp=6351585 · NOT_FOUND (no_results, rows=0, evaluated=0) [2s]
    [checkpoint] saved · 3050/5163 · rate=0.17/s · eta=206m44s
  [3051/5163] cnp=6353425 · NOT_FOUND (no_results, rows=0, evaluated=0) [2s]
  [3052/5163] cnp=6353433 · NOT_FOUND (no_results, rows=0, evaluated=0) [2s]
  [3053/5163] cnp=6353441 · NOT_FOUND (no_results, rows=0, evaluated=0) [2s]
  [3054/5163] cnp=6353664 · NOT_FOUND (no_results, rows=0, evaluated=0) [2s]
  [3055/5163] cnp=6353672 · NOT_FOUND (no_results, rows=0, evaluated=0) [2s]
  [3056/5163] cnp=6353680 · NOT_FOUND (no_results, rows=0, evaluated=0) [2s]
  [3057/5163] cnp=6353698 · NOT_FOUND (no_results, rows=0, evaluated=0) [2s]
  [3058/5163] cnp=6354308 · NOT_FOUND (no_results, rows=0, evaluated=0) [2s]
  [3059/5163] cnp=6354340 · NOT_FOUND (no_results, rows=0, evaluated=0) [2s]
  [3060/5163] cnp=6358366 · NOT_FOUND (no_results, rows=0, evaluated=0) [2s]
    [checkpoint] saved · 3060/5163 · rate=0.17/s · eta=205m29s
  [3061/5163] cnp=6358374 · NOT_FOUND (no_results, rows=0, evaluated=0) [2s]
  [3062/5163] cnp=6359331 · NOT_FOUND (no_results, rows=0, evaluated=0) [2s]
    [session] rotation após 30 searches; cooldown 30000ms
  [3063/5163] cnp=6360057 · NOT_FOUND (no_results, rows=0, evaluated=0) [32s]
  [3064/5163] cnp=6360065 · NOT_FOUND (no_results, rows=0, evaluated=0) [2s]
  [3065/5163] cnp=6360297 · NOT_FOUND (no_results, rows=0, evaluated=0) [2s]
  [3066/5163] cnp=6363184 · NOT_FOUND (no_results, rows=0, evaluated=0) [2s]
  [3067/5163] cnp=6363192 · NOT_FOUND (no_results, rows=0, evaluated=0) [2s]
  [3068/5163] cnp=6363481 · NOT_FOUND (no_results, rows=0, evaluated=0) [2s]
  [3069/5163] cnp=6364992 · NOT_FOUND (no_results, rows=0, evaluated=0) [2s]
  [3070/5163] cnp=6365007 · NOT_FOUND (no_results, rows=0, evaluated=0) [2s]
    [checkpoint] saved · 3070/5163 · rate=0.17/s · eta=204m35s
  [3071/5163] cnp=6365411 · NOT_FOUND (no_results, rows=0, evaluated=0) [2s]
  [3072/5163] cnp=6367722 · NOT_FOUND (no_results, rows=0, evaluated=0) [2s]
  [3073/5163] cnp=6367730 · NOT_FOUND (no_results, rows=0, evaluated=0) [2s]
  [3074/5163] cnp=6370544 · NOT_FOUND (no_results, rows=0, evaluated=0) [2s]
  [3075/5163] cnp=6370551 · NOT_FOUND (no_results, rows=0, evaluated=0) [2s]
  [3076/5163] cnp=6370569 · NOT_FOUND (no_results, rows=0, evaluated=0) [2s]
  [3077/5163] cnp=6370585 · NOT_FOUND (no_results, rows=0, evaluated=0) [2s]
  [3078/5163] cnp=6370940 · NOT_FOUND (no_results, rows=0, evaluated=0) [2s]
  [3079/5163] cnp=6372029 · NOT_FOUND (no_results, rows=0, evaluated=0) [2s]
  [3080/5163] cnp=6381434 · NOT_FOUND (no_results, rows=0, evaluated=0) [2s]
    [checkpoint] saved · 3080/5163 · rate=0.17/s · eta=203m22s
  [3081/5163] cnp=6384081 · NOT_FOUND (no_results, rows=0, evaluated=0) [2s]
  [3082/5163] cnp=6384115 · NOT_FOUND (no_results, rows=0, evaluated=0) [2s]
  [3083/5163] cnp=6385443 · NOT_FOUND (no_results, rows=0, evaluated=0) [2s]
  [3084/5163] cnp=6386078 · NOT_FOUND (no_results, rows=0, evaluated=0) [2s]
  [3085/5163] cnp=6387050 · NOT_FOUND (no_results, rows=0, evaluated=0) [2s]
  [3086/5163] cnp=6387308 · NOT_FOUND (no_results, rows=0, evaluated=0) [2s]
  [3087/5163] cnp=6387944 · NOT_FOUND (no_results, rows=0, evaluated=0) [2s]
  [3088/5163] cnp=6387951 · NOT_FOUND (no_results, rows=0, evaluated=0) [2s]
  [3089/5163] cnp=6392688 · NOT_FOUND (no_results, rows=0, evaluated=0) [2s]
  [3090/5163] cnp=6393835 · NOT_FOUND (no_results, rows=0, evaluated=0) [2s]
    [checkpoint] saved · 3090/5163 · rate=0.17/s · eta=202m08s
  [3091/5163] cnp=6395103 · NOT_FOUND (no_results, rows=0, evaluated=0) [2s]
  [3092/5163] cnp=6395228 · NOT_FOUND (no_results, rows=0, evaluated=0) [2s]
    [session] rotation após 30 searches; cooldown 30000ms
  [3093/5163] cnp=6395954 · NOT_FOUND (no_results, rows=0, evaluated=0) [32s]
  [3094/5163] cnp=6396499 · NOT_FOUND (no_results, rows=0, evaluated=0) [2s]
  [3095/5163] cnp=6396689 · NOT_FOUND (no_results, rows=0, evaluated=0) [2s]
  [3096/5163] cnp=6396945 · NOT_FOUND (no_results, rows=0, evaluated=0) [2s]
    [session] refresh falhou (refresh HTTP 503); rota.
    [503] backoff 10000ms before retry 1/3 (cnp=6398339)
    [503] backoff 30000ms before retry 2/3 (cnp=6398339)
  [3097/5163] cnp=6398339 · NOT_FOUND (no_results, rows=0, evaluated=0) [42s]
  [3098/5163] cnp=6398362 · NOT_FOUND (no_results, rows=0, evaluated=0) [2s]
  [3099/5163] cnp=6398370 · NOT_FOUND (no_results, rows=0, evaluated=0) [2s]
  [3100/5163] cnp=6398388 · NOT_FOUND (no_results, rows=0, evaluated=0) [2s]
    [checkpoint] saved · 3100/5163 · rate=0.17/s · eta=201m41s
  [3101/5163] cnp=6398396 · NOT_FOUND (no_results, rows=0, evaluated=0) [2s]
  [3102/5163] cnp=6398404 · NOT_FOUND (no_results, rows=0, evaluated=0) [2s]
  [3103/5163] cnp=6399055 · NOT_FOUND (no_results, rows=0, evaluated=0) [2s]
  [3104/5163] cnp=6399634 · NOT_FOUND (no_results, rows=0, evaluated=0) [2s]
  [3105/5163] cnp=6402883 · NOT_FOUND (no_results, rows=0, evaluated=0) [2s]
  [3106/5163] cnp=6403196 · NOT_FOUND (no_results, rows=0, evaluated=0) [2s]
  [3107/5163] cnp=6405514 · NOT_FOUND (no_results, rows=0, evaluated=0) [2s]
  [3108/5163] cnp=6410357 · NOT_FOUND (no_results, rows=0, evaluated=0) [2s]
  [3109/5163] cnp=6411967 · NOT_FOUND (no_results, rows=0, evaluated=0) [2s]
  [3110/5163] cnp=6412023 · NOT_FOUND (no_results, rows=0, evaluated=0) [2s]
    [checkpoint] saved · 3110/5163 · rate=0.17/s · eta=200m27s
  [3111/5163] cnp=6412494 · NOT_FOUND (no_results, rows=0, evaluated=0) [2s]
  [3112/5163] cnp=6412809 · NOT_FOUND (no_results, rows=0, evaluated=0) [2s]
  [3113/5163] cnp=6412817 · NOT_FOUND (no_results, rows=0, evaluated=0) [2s]
  [3114/5163] cnp=6412841 · NOT_FOUND (no_results, rows=0, evaluated=0) [2s]
  [3115/5163] cnp=6413526 · NOT_FOUND (no_results, rows=0, evaluated=0) [2s]
  [3116/5163] cnp=6414409 · NOT_FOUND (no_results, rows=0, evaluated=0) [2s]
  [3117/5163] cnp=6423145 · NOT_FOUND (no_results, rows=0, evaluated=0) [2s]
  [3118/5163] cnp=6424010 · NOT_FOUND (no_results, rows=0, evaluated=0) [2s]
  [3119/5163] cnp=6426239 · NOT_FOUND (no_results, rows=0, evaluated=0) [2s]
  [3120/5163] cnp=6433185 · NOT_FOUND (no_results, rows=0, evaluated=0) [2s]
    [checkpoint] saved · 3120/5163 · rate=0.17/s · eta=199m14s
  [3121/5163] cnp=6433342 · NOT_FOUND (no_results, rows=0, evaluated=0) [2s]
  [3122/5163] cnp=6433359 · NOT_FOUND (no_results, rows=0, evaluated=0) [2s]
  [3123/5163] cnp=6448522 · NOT_FOUND (no_results, rows=0, evaluated=0) [2s]
  [3124/5163] cnp=6448548 · NOT_FOUND (no_results, rows=0, evaluated=0) [2s]
  [3125/5163] cnp=6458786 · NOT_FOUND (no_results, rows=0, evaluated=0) [2s]
  [3126/5163] cnp=6462051 · NOT_FOUND (no_results, rows=0, evaluated=0) [2s]
    [session] rotation após 30 searches; cooldown 30000ms
  [3127/5163] cnp=6462069 · NOT_FOUND (no_results, rows=0, evaluated=0) [32s]
  [3128/5163] cnp=6464693 · NOT_FOUND (no_results, rows=0, evaluated=0) [2s]
  [3129/5163] cnp=6467969 · NOT_FOUND (no_results, rows=0, evaluated=0) [2s]
  [3130/5163] cnp=6471490 · NOT_FOUND (no_results, rows=0, evaluated=0) [2s]
    [checkpoint] saved · 3130/5163 · rate=0.17/s · eta=198m20s
  [3131/5163] cnp=6471557 · NOT_FOUND (no_results, rows=0, evaluated=0) [2s]
  [3132/5163] cnp=6471565 · NOT_FOUND (no_results, rows=0, evaluated=0) [2s]
  [3133/5163] cnp=6471615 · NOT_FOUND (no_results, rows=0, evaluated=0) [2s]
  [3134/5163] cnp=6472126 · NOT_FOUND (no_results, rows=0, evaluated=0) [2s]
  [3135/5163] cnp=6477877 · NOT_FOUND (no_results, rows=0, evaluated=0) [2s]
  [3136/5163] cnp=6482695 · NOT_FOUND (no_results, rows=0, evaluated=0) [2s]
  [3137/5163] cnp=6487363 · NOT_FOUND (no_results, rows=0, evaluated=0) [2s]
  [3138/5163] cnp=6500280 · NOT_FOUND (no_results, rows=0, evaluated=0) [2s]
    [session] refresh falhou (refresh HTTP 503); rota.
    [503] backoff 10000ms before retry 1/3 (cnp=6500843)
  [3139/5163] cnp=6500843 · NOT_FOUND (no_results, rows=0, evaluated=0) [12s]
  [3140/5163] cnp=6503300 · NOT_FOUND (no_results, rows=0, evaluated=0) [2s]
    [checkpoint] saved · 3140/5163 · rate=0.17/s · eta=197m13s
  [3141/5163] cnp=6503326 · NOT_FOUND (no_results, rows=0, evaluated=0) [2s]
  [3142/5163] cnp=6503623 · NOT_FOUND (no_results, rows=0, evaluated=0) [2s]
  [3143/5163] cnp=6506006 · NOT_FOUND (no_results, rows=0, evaluated=0) [2s]
  [3144/5163] cnp=6506279 · NOT_FOUND (no_results, rows=0, evaluated=0) [2s]
  [3145/5163] cnp=6508713 · NOT_FOUND (no_results, rows=0, evaluated=0) [2s]
  [3146/5163] cnp=6515080 · NOT_FOUND (no_results, rows=0, evaluated=0) [2s]
  [3147/5163] cnp=6518340 · NOT_FOUND (no_results, rows=0, evaluated=0) [2s]
  [3148/5163] cnp=6518787 · NOT_FOUND (no_results, rows=0, evaluated=0) [2s]
  [3149/5163] cnp=6522797 · NOT_FOUND (no_results, rows=0, evaluated=0) [2s]
  [3150/5163] cnp=6524454 · NOT_FOUND (no_results, rows=0, evaluated=0) [2s]
    [checkpoint] saved · 3150/5163 · rate=0.17/s · eta=196m00s
  [3151/5163] cnp=6524561 · NOT_FOUND (no_results, rows=0, evaluated=0) [2s]
  [3152/5163] cnp=6527408 · NOT_FOUND (no_results, rows=0, evaluated=0) [2s]
  [3153/5163] cnp=6528083 · NOT_FOUND (no_results, rows=0, evaluated=0) [2s]
  [3154/5163] cnp=6528166 · NOT_FOUND (no_results, rows=0, evaluated=0) [2s]
  [3155/5163] cnp=6528497 · NOT_FOUND (no_results, rows=0, evaluated=0) [2s]
  [3156/5163] cnp=6529511 · NOT_FOUND (no_results, rows=0, evaluated=0) [2s]
  [3157/5163] cnp=6531038 · NOT_FOUND (no_results, rows=0, evaluated=0) [2s]
  [3158/5163] cnp=6533737 · NOT_FOUND (no_results, rows=0, evaluated=0) [2s]
  [3159/5163] cnp=6542084 · NOT_FOUND (no_results, rows=0, evaluated=0) [2s]
  [3160/5163] cnp=6542530 · NOT_FOUND (no_cnp_match, rows=10, evaluated=3) [10s]
    [checkpoint] saved · 3160/5163 · rate=0.17/s · eta=194m53s
  [3161/5163] cnp=6553289 · NOT_FOUND (no_results, rows=0, evaluated=0) [2s]
  [3162/5163] cnp=6553339 · NOT_FOUND (no_results, rows=0, evaluated=0) [2s]
  [3163/5163] cnp=6553347 · NOT_FOUND (no_results, rows=0, evaluated=0) [2s]
  [3164/5163] cnp=6553388 · NOT_FOUND (no_results, rows=0, evaluated=0) [2s]
  [3165/5163] cnp=6554485 · NOT_FOUND (no_results, rows=0, evaluated=0) [2s]
  [3166/5163] cnp=6554808 · NOT_FOUND (no_results, rows=0, evaluated=0) [2s]
  [3167/5163] cnp=6555318 · NOT_FOUND (no_results, rows=0, evaluated=0) [2s]
  [3168/5163] cnp=6555334 · NOT_FOUND (no_results, rows=0, evaluated=0) [2s]
    [session] rotation após 30 searches; cooldown 30000ms
  [3169/5163] cnp=6556258 · NOT_FOUND (no_results, rows=0, evaluated=0) [32s]
  [3170/5163] cnp=6559179 · NOT_FOUND (no_results, rows=0, evaluated=0) [2s]
    [checkpoint] saved · 3170/5163 · rate=0.17/s · eta=193m59s
  [3171/5163] cnp=6559187 · NOT_FOUND (no_results, rows=0, evaluated=0) [2s]
  [3172/5163] cnp=6559229 · NOT_FOUND (no_results, rows=0, evaluated=0) [2s]
  [3173/5163] cnp=6560839 · NOT_FOUND (no_results, rows=0, evaluated=0) [2s]
  [3174/5163] cnp=6560888 · NOT_FOUND (no_results, rows=0, evaluated=0) [2s]
  [3175/5163] cnp=6560896 · NOT_FOUND (no_results, rows=0, evaluated=0) [2s]
  [3176/5163] cnp=6564849 · NOT_FOUND (no_results, rows=0, evaluated=0) [2s]
  [3177/5163] cnp=6565192 · NOT_FOUND (no_results, rows=0, evaluated=0) [2s]
  [3178/5163] cnp=6567156 · NOT_FOUND (no_results, rows=0, evaluated=0) [2s]
  [3179/5163] cnp=6568600 · NOT_FOUND (no_results, rows=0, evaluated=0) [2s]
  [3180/5163] cnp=6569376 · NOT_FOUND (no_results, rows=0, evaluated=0) [2s]
    [checkpoint] saved · 3180/5163 · rate=0.17/s · eta=192m47s
  [3181/5163] cnp=6570010 · NOT_FOUND (no_results, rows=0, evaluated=0) [2s]
  [3182/5163] cnp=6570036 · NOT_FOUND (no_results, rows=0, evaluated=0) [2s]
  [3183/5163] cnp=6570093 · NOT_FOUND (no_results, rows=0, evaluated=0) [2s]
  [3184/5163] cnp=6570887 · NOT_FOUND (no_results, rows=0, evaluated=0) [2s]
  [3185/5163] cnp=6571430 · NOT_FOUND (no_results, rows=0, evaluated=0) [2s]
  [3186/5163] cnp=6573337 · NOT_FOUND (no_results, rows=0, evaluated=0) [2s]
  [3187/5163] cnp=6573865 · NOT_FOUND (no_results, rows=0, evaluated=0) [2s]
  [3188/5163] cnp=6574269 · NOT_FOUND (no_results, rows=0, evaluated=0) [2s]
  [3189/5163] cnp=6574301 · NOT_FOUND (no_results, rows=0, evaluated=0) [2s]
  [3190/5163] cnp=6574343 · NOT_FOUND (no_results, rows=0, evaluated=0) [2s]
    [checkpoint] saved · 3190/5163 · rate=0.17/s · eta=191m35s
  [3191/5163] cnp=6575688 · NOT_FOUND (no_results, rows=0, evaluated=0) [2s]
  [3192/5163] cnp=6575720 · NOT_FOUND (no_results, rows=0, evaluated=0) [2s]
  [3193/5163] cnp=6575894 · NOT_FOUND (no_results, rows=0, evaluated=0) [2s]
  [3194/5163] cnp=6575910 · NOT_FOUND (no_results, rows=0, evaluated=0) [2s]
  [3195/5163] cnp=6576314 · NOT_FOUND (no_results, rows=0, evaluated=0) [2s]
  [3196/5163] cnp=6583799 · NOT_FOUND (no_results, rows=0, evaluated=0) [2s]
  [3197/5163] cnp=6588558 · NOT_FOUND (no_results, rows=0, evaluated=0) [2s]
  [3198/5163] cnp=6589150 · NOT_FOUND (no_results, rows=0, evaluated=0) [2s]
    [session] rotation após 30 searches; cooldown 30000ms
  [3199/5163] cnp=6589168 · NOT_FOUND (no_results, rows=0, evaluated=0) [32s]
  [3200/5163] cnp=6593020 · NOT_FOUND (no_results, rows=0, evaluated=0) [2s]
    [checkpoint] saved · 3200/5163 · rate=0.17/s · eta=190m41s
  [3201/5163] cnp=6594291 · NOT_FOUND (no_results, rows=0, evaluated=0) [2s]
  [3202/5163] cnp=6594713 · NOT_FOUND (no_results, rows=0, evaluated=0) [2s]
  [3203/5163] cnp=6597310 · NOT_FOUND (no_results, rows=0, evaluated=0) [2s]
  [3204/5163] cnp=6598201 · NOT_FOUND (no_results, rows=0, evaluated=0) [2s]
  [3205/5163] cnp=6598813 · NOT_FOUND (no_results, rows=0, evaluated=0) [2s]
  [3206/5163] cnp=6600452 · NOT_FOUND (no_results, rows=0, evaluated=0) [2s]
    [session] refresh falhou (refresh HTTP 503); rota.
    [503] backoff 10000ms before retry 1/3 (cnp=6600734)
    [503] backoff 30000ms before retry 2/3 (cnp=6600734)
  [3207/5163] cnp=6600734 · NOT_FOUND (no_results, rows=0, evaluated=0) [42s]
  [3208/5163] cnp=6604066 · NOT_FOUND (no_results, rows=0, evaluated=0) [2s]
  [3209/5163] cnp=6606988 · NOT_FOUND (no_results, rows=0, evaluated=0) [2s]
  [3210/5163] cnp=6608455 · NOT_FOUND (no_results, rows=0, evaluated=0) [2s]
    [checkpoint] saved · 3210/5163 · rate=0.17/s · eta=189m54s
  [3211/5163] cnp=6608463 · NOT_FOUND (no_results, rows=0, evaluated=0) [2s]
  [3212/5163] cnp=6608638 · NOT_FOUND (no_results, rows=0, evaluated=0) [2s]
  [3213/5163] cnp=6609206 · NOT_FOUND (no_results, rows=0, evaluated=0) [2s]
  [3214/5163] cnp=6610519 · NOT_FOUND (no_results, rows=0, evaluated=0) [2s]
  [3215/5163] cnp=6611020 · NOT_FOUND (no_results, rows=0, evaluated=0) [2s]
  [3216/5163] cnp=6618355 · NOT_FOUND (no_results, rows=0, evaluated=0) [2s]
  [3217/5163] cnp=6620096 · NOT_FOUND (no_results, rows=0, evaluated=0) [2s]
  [3218/5163] cnp=6620179 · NOT_FOUND (no_results, rows=0, evaluated=0) [2s]
  [3219/5163] cnp=6620534 · NOT_FOUND (no_results, rows=0, evaluated=0) [2s]
  [3220/5163] cnp=6621110 · NOT_FOUND (no_results, rows=0, evaluated=0) [2s]
    [checkpoint] saved · 3220/5163 · rate=0.17/s · eta=188m42s
  [3221/5163] cnp=6621425 · NOT_FOUND (no_results, rows=0, evaluated=0) [2s]
  [3222/5163] cnp=6622118 · NOT_FOUND (no_results, rows=0, evaluated=0) [2s]
  [3223/5163] cnp=6622126 · NOT_FOUND (no_results, rows=0, evaluated=0) [2s]
  [3224/5163] cnp=6625038 · NOT_FOUND (no_results, rows=0, evaluated=0) [2s]
  [3225/5163] cnp=6629444 · NOT_FOUND (no_results, rows=0, evaluated=0) [2s]
  [3226/5163] cnp=6629931 · NOT_FOUND (no_results, rows=0, evaluated=0) [2s]
  [3227/5163] cnp=6631606 · NOT_FOUND (no_results, rows=0, evaluated=0) [2s]
  [3228/5163] cnp=6632976 · NOT_FOUND (no_results, rows=0, evaluated=0) [2s]
  [3229/5163] cnp=6633073 · NOT_FOUND (no_results, rows=0, evaluated=0) [2s]
  [3230/5163] cnp=6633321 · NOT_FOUND (no_results, rows=0, evaluated=0) [2s]
    [checkpoint] saved · 3230/5163 · rate=0.17/s · eta=187m30s
  [3231/5163] cnp=6633347 · NOT_FOUND (no_results, rows=0, evaluated=0) [2s]
  [3232/5163] cnp=6640813 · NOT_FOUND (no_results, rows=0, evaluated=0) [2s]
  [3233/5163] cnp=6643668 · NOT_FOUND (no_results, rows=0, evaluated=0) [2s]
  [3234/5163] cnp=6643684 · NOT_FOUND (no_results, rows=0, evaluated=0) [2s]
  [3235/5163] cnp=6643692 · NOT_FOUND (no_results, rows=0, evaluated=0) [2s]
  [3236/5163] cnp=6644070 · NOT_FOUND (no_results, rows=0, evaluated=0) [2s]
    [session] rotation após 30 searches; cooldown 30000ms
  [3237/5163] cnp=6651372 · NOT_FOUND (no_results, rows=0, evaluated=0) [32s]
  [3238/5163] cnp=6651380 · NOT_FOUND (no_results, rows=0, evaluated=0) [2s]
  [3239/5163] cnp=6653519 · NOT_FOUND (no_results, rows=0, evaluated=0) [2s]
  [3240/5163] cnp=6654418 · NOT_FOUND (no_results, rows=0, evaluated=0) [2s]
    [checkpoint] saved · 3240/5163 · rate=0.17/s · eta=186m37s
  [3241/5163] cnp=6655472 · NOT_FOUND (no_results, rows=0, evaluated=0) [2s]
  [3242/5163] cnp=6655563 · NOT_FOUND (no_results, rows=0, evaluated=0) [2s]
  [3243/5163] cnp=6656157 · NOT_FOUND (no_results, rows=0, evaluated=0) [2s]
  [3244/5163] cnp=6656926 · NOT_FOUND (no_results, rows=0, evaluated=0) [2s]
  [3245/5163] cnp=6656959 · NOT_FOUND (no_results, rows=0, evaluated=0) [2s]
  [3246/5163] cnp=6656967 · NOT_FOUND (no_results, rows=0, evaluated=0) [2s]
  [3247/5163] cnp=6671412 · NOT_FOUND (no_results, rows=0, evaluated=0) [2s]
  [3248/5163] cnp=6671420 · NOT_FOUND (no_results, rows=0, evaluated=0) [2s]
  [3249/5163] cnp=6673434 · NOT_FOUND (no_results, rows=0, evaluated=0) [2s]
  [3250/5163] cnp=6673483 · NOT_FOUND (no_results, rows=0, evaluated=0) [2s]
    [checkpoint] saved · 3250/5163 · rate=0.17/s · eta=185m25s
  [3251/5163] cnp=6673558 · NOT_FOUND (no_results, rows=0, evaluated=0) [2s]
  [3252/5163] cnp=6673566 · NOT_FOUND (no_results, rows=0, evaluated=0) [2s]
  [3253/5163] cnp=6677534 · NOT_FOUND (no_results, rows=0, evaluated=0) [2s]
  [3254/5163] cnp=6682211 · NOT_FOUND (no_results, rows=0, evaluated=0) [2s]
  [3255/5163] cnp=6683383 · NOT_FOUND (no_results, rows=0, evaluated=0) [2s]
  [3256/5163] cnp=6685438 · NOT_FOUND (no_results, rows=0, evaluated=0) [2s]
  [3257/5163] cnp=6699314 · NOT_FOUND (no_results, rows=0, evaluated=0) [2s]
  [3258/5163] cnp=6703256 · NOT_FOUND (no_results, rows=0, evaluated=0) [2s]
  [3259/5163] cnp=6705210 · NOT_FOUND (no_results, rows=0, evaluated=0) [2s]
  [3260/5163] cnp=6712836 · NOT_FOUND (no_results, rows=0, evaluated=0) [2s]
    [checkpoint] saved · 3260/5163 · rate=0.17/s · eta=184m14s
  [3261/5163] cnp=6712927 · NOT_FOUND (no_results, rows=0, evaluated=0) [2s]
  [3262/5163] cnp=6714170 · NOT_FOUND (no_results, rows=0, evaluated=0) [2s]
  [3263/5163] cnp=6724252 · NOT_FOUND (no_results, rows=0, evaluated=0) [2s]
  [3264/5163] cnp=6724278 · NOT_FOUND (no_results, rows=0, evaluated=0) [2s]
  [3265/5163] cnp=6726018 · NOT_FOUND (no_results, rows=0, evaluated=0) [2s]
  [3266/5163] cnp=6727800 · NOT_FOUND (no_results, rows=0, evaluated=0) [2s]
    [session] rotation após 30 searches; cooldown 30000ms
  [3267/5163] cnp=6730788 · NOT_FOUND (no_results, rows=0, evaluated=0) [32s]
  [3268/5163] cnp=6746313 · NOT_FOUND (no_results, rows=0, evaluated=0) [2s]
  [3269/5163] cnp=6748525 · NOT_FOUND (no_results, rows=0, evaluated=0) [2s]
  [3270/5163] cnp=6761619 · NOT_FOUND (no_results, rows=0, evaluated=0) [2s]
    [checkpoint] saved · 3270/5163 · rate=0.17/s · eta=183m20s
  [3271/5163] cnp=6765768 · NOT_FOUND (no_results, rows=0, evaluated=0) [2s]
  [3272/5163] cnp=6768630 · NOT_FOUND (no_results, rows=0, evaluated=0) [2s]
  [3273/5163] cnp=6769711 · NOT_FOUND (no_results, rows=0, evaluated=0) [2s]
  [3274/5163] cnp=6772061 · NOT_FOUND (no_results, rows=0, evaluated=0) [2s]
  [3275/5163] cnp=6775106 · NOT_FOUND (no_results, rows=0, evaluated=0) [2s]
  [3276/5163] cnp=6776062 · NOT_FOUND (no_results, rows=0, evaluated=0) [2s]
  [3277/5163] cnp=6778100 · NOT_FOUND (no_results, rows=0, evaluated=0) [2s]
  [3278/5163] cnp=6780205 · NOT_FOUND (no_results, rows=0, evaluated=0) [2s]
  [3279/5163] cnp=6780262 · NOT_FOUND (no_results, rows=0, evaluated=0) [2s]
  [3280/5163] cnp=6780627 · NOT_FOUND (no_results, rows=0, evaluated=0) [2s]
    [checkpoint] saved · 3280/5163 · rate=0.17/s · eta=182m09s
  [3281/5163] cnp=6780635 · NOT_FOUND (no_results, rows=0, evaluated=0) [2s]
  [3282/5163] cnp=6780973 · NOT_FOUND (no_results, rows=0, evaluated=0) [2s]
  [3283/5163] cnp=6781856 · NOT_FOUND (no_results, rows=0, evaluated=0) [2s]
  [3284/5163] cnp=6782789 · NOT_FOUND (no_results, rows=0, evaluated=0) [2s]
  [3285/5163] cnp=6784090 · NOT_FOUND (no_results, rows=0, evaluated=0) [2s]
  [3286/5163] cnp=6784108 · NOT_FOUND (no_results, rows=0, evaluated=0) [2s]
  [3287/5163] cnp=6787713 · NOT_FOUND (no_results, rows=0, evaluated=0) [2s]
  [3288/5163] cnp=6789685 · NOT_FOUND (no_results, rows=0, evaluated=0) [2s]
  [3289/5163] cnp=6789693 · NOT_FOUND (no_results, rows=0, evaluated=0) [2s]
  [3290/5163] cnp=6792697 · NOT_FOUND (no_results, rows=0, evaluated=0) [2s]
    [checkpoint] saved · 3290/5163 · rate=0.17/s · eta=180m58s
  [3291/5163] cnp=6794347 · NOT_FOUND (no_results, rows=0, evaluated=0) [2s]
  [3292/5163] cnp=6794388 · NOT_FOUND (no_results, rows=0, evaluated=0) [2s]
  [3293/5163] cnp=6800078 · NOT_FOUND (no_results, rows=0, evaluated=0) [2s]
  [3294/5163] cnp=6802322 · NOT_FOUND (no_results, rows=0, evaluated=0) [2s]
  [3295/5163] cnp=6802470 · NOT_FOUND (no_results, rows=0, evaluated=0) [2s]
  [3296/5163] cnp=6804468 · NOT_FOUND (no_results, rows=0, evaluated=0) [2s]
    [session] rotation após 30 searches; cooldown 30000ms
  [3297/5163] cnp=6804955 · NOT_FOUND (no_results, rows=0, evaluated=0) [32s]
  [3298/5163] cnp=6805432 · NOT_FOUND (no_results, rows=0, evaluated=0) [2s]
  [3299/5163] cnp=6805473 · NOT_FOUND (no_results, rows=0, evaluated=0) [2s]
  [3300/5163] cnp=6805556 · NOT_FOUND (no_results, rows=0, evaluated=0) [2s]
    [checkpoint] saved · 3300/5163 · rate=0.17/s · eta=180m05s
  [3301/5163] cnp=6806729 · NOT_FOUND (no_results, rows=0, evaluated=0) [2s]
  [3302/5163] cnp=6808758 · NOT_FOUND (no_results, rows=0, evaluated=0) [2s]
  [3303/5163] cnp=6808949 · NOT_FOUND (no_results, rows=0, evaluated=0) [2s]
  [3304/5163] cnp=6809038 · NOT_FOUND (no_results, rows=0, evaluated=0) [2s]
  [3305/5163] cnp=6809269 · NOT_FOUND (no_results, rows=0, evaluated=0) [2s]
  [3306/5163] cnp=6811182 · NOT_FOUND (no_results, rows=0, evaluated=0) [2s]
  [3307/5163] cnp=6811216 · NOT_FOUND (no_results, rows=0, evaluated=0) [2s]
  [3308/5163] cnp=6811307 · NOT_FOUND (no_results, rows=0, evaluated=0) [2s]
  [3309/5163] cnp=6811364 · NOT_FOUND (no_results, rows=0, evaluated=0) [2s]
  [3310/5163] cnp=6814525 · NOT_FOUND (no_results, rows=0, evaluated=0) [2s]
    [checkpoint] saved · 3310/5163 · rate=0.17/s · eta=178m55s
  [3311/5163] cnp=6816603 · NOT_FOUND (no_results, rows=0, evaluated=0) [2s]
  [3312/5163] cnp=6816827 · NOT_FOUND (no_results, rows=0, evaluated=0) [2s]
  [3313/5163] cnp=6817221 · NOT_FOUND (no_results, rows=0, evaluated=0) [2s]
  [3314/5163] cnp=6818823 · NOT_FOUND (no_results, rows=0, evaluated=0) [2s]
  [3315/5163] cnp=6818831 · NOT_FOUND (no_results, rows=0, evaluated=0) [2s]
  [3316/5163] cnp=6819730 · NOT_FOUND (no_results, rows=0, evaluated=0) [2s]
  [3317/5163] cnp=6821249 · NOT_FOUND (no_results, rows=0, evaluated=0) [2s]
  [3318/5163] cnp=6823179 · NOT_FOUND (no_results, rows=0, evaluated=0) [2s]
  [3319/5163] cnp=6825521 · NOT_FOUND (no_results, rows=0, evaluated=0) [2s]
  [3320/5163] cnp=6826164 · NOT_FOUND (no_results, rows=0, evaluated=0) [2s]
    [checkpoint] saved · 3320/5163 · rate=0.17/s · eta=177m45s
  [3321/5163] cnp=6826198 · NOT_FOUND (no_results, rows=0, evaluated=0) [2s]
  [3322/5163] cnp=6827477 · NOT_FOUND (no_results, rows=0, evaluated=0) [2s]
  [3323/5163] cnp=6827634 · NOT_FOUND (no_results, rows=0, evaluated=0) [2s]
  [3324/5163] cnp=6828692 · NOT_FOUND (no_results, rows=0, evaluated=0) [2s]
  [3325/5163] cnp=6830968 · NOT_FOUND (no_results, rows=0, evaluated=0) [2s]
  [3326/5163] cnp=6831743 · NOT_FOUND (no_results, rows=0, evaluated=0) [2s]
    [session] rotation após 30 searches; cooldown 30000ms
  [3327/5163] cnp=6831800 · NOT_FOUND (no_results, rows=0, evaluated=0) [32s]
  [3328/5163] cnp=6831966 · NOT_FOUND (no_results, rows=0, evaluated=0) [2s]
  [3329/5163] cnp=6832121 · NOT_FOUND (no_results, rows=0, evaluated=0) [2s]
  [3330/5163] cnp=6832865 · NOT_FOUND (no_results, rows=0, evaluated=0) [2s]
    [checkpoint] saved · 3330/5163 · rate=0.17/s · eta=176m51s
  [3331/5163] cnp=6832923 · NOT_FOUND (no_results, rows=0, evaluated=0) [2s]
  [3332/5163] cnp=6833665 · NOT_FOUND (no_results, rows=0, evaluated=0) [2s]
  [3333/5163] cnp=6834937 · NOT_FOUND (no_results, rows=0, evaluated=0) [2s]
  [3334/5163] cnp=6835009 · NOT_FOUND (no_results, rows=0, evaluated=0) [2s]
  [3335/5163] cnp=6835413 · NOT_FOUND (no_results, rows=0, evaluated=0) [2s]
  [3336/5163] cnp=6835694 · NOT_FOUND (no_results, rows=0, evaluated=0) [2s]
  [3337/5163] cnp=6835959 · NOT_FOUND (no_results, rows=0, evaluated=0) [2s]
  [3338/5163] cnp=6837021 · NOT_FOUND (no_results, rows=0, evaluated=0) [2s]
  [3339/5163] cnp=6837435 · NOT_FOUND (no_results, rows=0, evaluated=0) [2s]
  [3340/5163] cnp=6837559 · NOT_FOUND (no_results, rows=0, evaluated=0) [2s]
    [checkpoint] saved · 3340/5163 · rate=0.17/s · eta=175m41s
  [3341/5163] cnp=6837575 · NOT_FOUND (no_results, rows=0, evaluated=0) [2s]
  [3342/5163] cnp=6837583 · NOT_FOUND (no_results, rows=0, evaluated=0) [2s]
  [3343/5163] cnp=6837609 · NOT_FOUND (no_results, rows=0, evaluated=0) [2s]
  [3344/5163] cnp=6838979 · NOT_FOUND (no_results, rows=0, evaluated=0) [2s]
  [3345/5163] cnp=6839225 · NOT_FOUND (no_results, rows=0, evaluated=0) [2s]
  [3346/5163] cnp=6839829 · NOT_FOUND (no_results, rows=0, evaluated=0) [2s]
  [3347/5163] cnp=6840033 · NOT_FOUND (no_results, rows=0, evaluated=0) [2s]
  [3348/5163] cnp=6840637 · NOT_FOUND (no_results, rows=0, evaluated=0) [2s]
  [3349/5163] cnp=6840827 · NOT_FOUND (no_results, rows=0, evaluated=0) [2s]
  [3350/5163] cnp=6842088 · NOT_FOUND (no_results, rows=0, evaluated=0) [2s]
    [checkpoint] saved · 3350/5163 · rate=0.17/s · eta=174m32s
  [3351/5163] cnp=6842203 · NOT_FOUND (no_results, rows=0, evaluated=0) [2s]
  [3352/5163] cnp=6842468 · NOT_FOUND (no_results, rows=0, evaluated=0) [2s]
  [3353/5163] cnp=6842633 · NOT_FOUND (no_results, rows=0, evaluated=0) [2s]
  [3354/5163] cnp=6842864 · NOT_FOUND (no_results, rows=0, evaluated=0) [2s]
  [3355/5163] cnp=6842922 · NOT_FOUND (no_results, rows=0, evaluated=0) [2s]
  [3356/5163] cnp=6847905 · NOT_FOUND (no_results, rows=0, evaluated=0) [2s]
    [session] rotation após 30 searches; cooldown 30000ms
  [3357/5163] cnp=6849315 · NOT_FOUND (no_results, rows=0, evaluated=0) [32s]
  [3358/5163] cnp=6850024 · NOT_FOUND (no_results, rows=0, evaluated=0) [2s]
  [3359/5163] cnp=6850032 · NOT_FOUND (no_results, rows=0, evaluated=0) [2s]
  [3360/5163] cnp=6850040 · NOT_FOUND (no_results, rows=0, evaluated=0) [2s]
    [checkpoint] saved · 3360/5163 · rate=0.17/s · eta=173m39s
  [3361/5163] cnp=6850545 · NOT_FOUND (no_results, rows=0, evaluated=0) [2s]
  [3362/5163] cnp=6853333 · NOT_FOUND (no_results, rows=0, evaluated=0) [2s]
  [3363/5163] cnp=6854505 · NOT_FOUND (no_results, rows=0, evaluated=0) [2s]
  [3364/5163] cnp=6855007 · NOT_FOUND (no_results, rows=0, evaluated=0) [2s]
  [3365/5163] cnp=6865063 · NOT_FOUND (no_results, rows=0, evaluated=0) [2s]
  [3366/5163] cnp=6866038 · NOT_FOUND (no_results, rows=0, evaluated=0) [2s]
  [3367/5163] cnp=6870006 · NOT_FOUND (no_results, rows=0, evaluated=0) [2s]
  [3368/5163] cnp=6872705 · NOT_FOUND (no_results, rows=0, evaluated=0) [2s]
  [3369/5163] cnp=6872713 · NOT_FOUND (no_results, rows=0, evaluated=0) [2s]
  [3370/5163] cnp=6875070 · NOT_FOUND (no_results, rows=0, evaluated=0) [2s]
    [checkpoint] saved · 3370/5163 · rate=0.17/s · eta=172m29s
  [3371/5163] cnp=6875120 · NOT_FOUND (no_results, rows=0, evaluated=0) [2s]
  [3372/5163] cnp=6875484 · NOT_FOUND (no_results, rows=0, evaluated=0) [2s]
  [3373/5163] cnp=6877522 · NOT_FOUND (no_results, rows=0, evaluated=0) [2s]
  [3374/5163] cnp=6880617 · NOT_FOUND (no_results, rows=0, evaluated=0) [2s]
  [3375/5163] cnp=6880625 · NOT_FOUND (no_results, rows=0, evaluated=0) [2s]
  [3376/5163] cnp=6881722 · NOT_FOUND (no_results, rows=0, evaluated=0) [2s]
  [3377/5163] cnp=6882258 · NOT_FOUND (no_results, rows=0, evaluated=0) [2s]
    [503] backoff 10000ms before retry 1/3 (cnp=6883876)
    [503] backoff 30000ms before retry 2/3 (cnp=6883876)
  [3378/5163] cnp=6883876 · NOT_FOUND (no_results, rows=0, evaluated=0) [44s]
  [3379/5163] cnp=6883934 · NOT_FOUND (no_results, rows=0, evaluated=0) [2s]
  [3380/5163] cnp=6883942 · NOT_FOUND (no_results, rows=0, evaluated=0) [2s]
    [checkpoint] saved · 3380/5163 · rate=0.17/s · eta=171m42s
  [3381/5163] cnp=6883967 · NOT_FOUND (no_results, rows=0, evaluated=0) [2s]
    [session] refresh falhou (refresh HTTP 503); rota.
    [503] backoff 10000ms before retry 1/3 (cnp=6884486)
  [3382/5163] cnp=6884486 · NOT_FOUND (no_results, rows=0, evaluated=0) [27s]
  [3383/5163] cnp=6887174 · NOT_FOUND (no_results, rows=0, evaluated=0) [2s]
  [3384/5163] cnp=6887752 · NOT_FOUND (no_results, rows=0, evaluated=0) [3s]
  [3385/5163] cnp=6888412 · NOT_FOUND (no_results, rows=0, evaluated=0) [2s]
  [3386/5163] cnp=6889147 · NOT_FOUND (no_results, rows=0, evaluated=0) [2s]
  [3387/5163] cnp=6889154 · NOT_FOUND (no_results, rows=0, evaluated=0) [2s]
  [3388/5163] cnp=6889659 · NOT_FOUND (no_results, rows=0, evaluated=0) [2s]
  [3389/5163] cnp=6890319 · NOT_FOUND (no_results, rows=0, evaluated=0) [2s]
  [3390/5163] cnp=6890327 · NOT_FOUND (no_results, rows=0, evaluated=0) [2s]
    [checkpoint] saved · 3390/5163 · rate=0.17/s · eta=170m48s
  [3391/5163] cnp=6890368 · NOT_FOUND (no_results, rows=0, evaluated=0) [2s]
  [3392/5163] cnp=6891267 · NOT_FOUND (no_results, rows=0, evaluated=0) [2s]
  [3393/5163] cnp=6891275 · NOT_FOUND (no_results, rows=0, evaluated=0) [2s]
  [3394/5163] cnp=6891747 · NOT_FOUND (no_results, rows=0, evaluated=0) [2s]
  [3395/5163] cnp=6892190 · NOT_FOUND (no_results, rows=0, evaluated=0) [2s]
  [3396/5163] cnp=6893164 · NOT_FOUND (no_results, rows=0, evaluated=0) [2s]
  [3397/5163] cnp=6893867 · NOT_FOUND (no_results, rows=0, evaluated=0) [2s]
  [3398/5163] cnp=6893875 · NOT_FOUND (no_results, rows=0, evaluated=0) [2s]
  [3399/5163] cnp=6894337 · NOT_FOUND (no_results, rows=0, evaluated=0) [2s]
  [3400/5163] cnp=6894725 · NOT_FOUND (no_results, rows=0, evaluated=0) [2s]
    [checkpoint] saved · 3400/5163 · rate=0.17/s · eta=169m39s
  [3401/5163] cnp=6895094 · NOT_FOUND (no_results, rows=0, evaluated=0) [2s]
  [3402/5163] cnp=6895599 · NOT_FOUND (no_results, rows=0, evaluated=0) [2s]
  [3403/5163] cnp=6896167 · NOT_FOUND (no_results, rows=0, evaluated=0) [2s]
  [3404/5163] cnp=6896274 · NOT_FOUND (no_results, rows=0, evaluated=0) [2s]
  [3405/5163] cnp=6896845 · NOT_FOUND (no_results, rows=0, evaluated=0) [2s]
  [3406/5163] cnp=6899617 · NOT_FOUND (no_results, rows=0, evaluated=0) [2s]
  [3407/5163] cnp=6905638 · NOT_FOUND (no_results, rows=0, evaluated=0) [2s]
  [3408/5163] cnp=6906354 · NOT_FOUND (no_results, rows=0, evaluated=0) [2s]
  [3409/5163] cnp=6906693 · NOT_FOUND (no_results, rows=0, evaluated=0) [2s]
  [3410/5163] cnp=6907410 · NOT_FOUND (no_results, rows=0, evaluated=0) [2s]
    [checkpoint] saved · 3410/5163 · rate=0.17/s · eta=168m30s
  [3411/5163] cnp=6908368 · NOT_FOUND (no_results, rows=0, evaluated=0) [2s]
    [session] rotation após 30 searches; cooldown 30000ms
  [3412/5163] cnp=6908780 · NOT_FOUND (no_results, rows=0, evaluated=0) [32s]
  [3413/5163] cnp=6909515 · NOT_FOUND (no_results, rows=0, evaluated=0) [2s]
  [3414/5163] cnp=6909622 · NOT_FOUND (no_results, rows=0, evaluated=0) [2s]
  [3415/5163] cnp=6915785 · NOT_FOUND (no_results, rows=0, evaluated=0) [2s]
  [3416/5163] cnp=6916247 · NOT_FOUND (no_results, rows=0, evaluated=0) [2s]
  [3417/5163] cnp=6917187 · NOT_FOUND (no_results, rows=0, evaluated=0) [2s]
  [3418/5163] cnp=6918599 · NOT_FOUND (no_results, rows=0, evaluated=0) [2s]
  [3419/5163] cnp=6918607 · NOT_FOUND (no_results, rows=0, evaluated=0) [2s]
  [3420/5163] cnp=6918623 · NOT_FOUND (no_results, rows=0, evaluated=0) [2s]
    [checkpoint] saved · 3420/5163 · rate=0.17/s · eta=167m36s
  [3421/5163] cnp=6922161 · NOT_FOUND (no_results, rows=0, evaluated=0) [2s]
  [3422/5163] cnp=6922203 · NOT_FOUND (no_results, rows=0, evaluated=0) [2s]
  [3423/5163] cnp=6922211 · NOT_FOUND (no_results, rows=0, evaluated=0) [2s]
  [3424/5163] cnp=6922914 · NOT_FOUND (no_results, rows=0, evaluated=0) [2s]
  [3425/5163] cnp=6923359 · NOT_FOUND (no_results, rows=0, evaluated=0) [2s]
  [3426/5163] cnp=6923490 · NOT_FOUND (no_results, rows=0, evaluated=0) [2s]
  [3427/5163] cnp=6924084 · NOT_FOUND (no_results, rows=0, evaluated=0) [2s]
  [3428/5163] cnp=6924746 · NOT_FOUND (no_results, rows=0, evaluated=0) [2s]
  [3429/5163] cnp=6924753 · NOT_FOUND (no_results, rows=0, evaluated=0) [2s]
  [3430/5163] cnp=6924787 · NOT_FOUND (no_results, rows=0, evaluated=0) [2s]
    [checkpoint] saved · 3430/5163 · rate=0.17/s · eta=166m27s
  [3431/5163] cnp=6926337 · NOT_FOUND (no_results, rows=0, evaluated=0) [2s]
  [3432/5163] cnp=6927145 · NOT_FOUND (no_results, rows=0, evaluated=0) [2s]
  [3433/5163] cnp=6927517 · NOT_FOUND (no_results, rows=0, evaluated=0) [2s]
  [3434/5163] cnp=6927624 · NOT_FOUND (no_results, rows=0, evaluated=0) [2s]
  [3435/5163] cnp=6928077 · NOT_FOUND (no_results, rows=0, evaluated=0) [2s]
  [3436/5163] cnp=6928283 · NOT_FOUND (no_results, rows=0, evaluated=0) [2s]
  [3437/5163] cnp=6928549 · NOT_FOUND (no_results, rows=0, evaluated=0) [2s]
  [3438/5163] cnp=6930941 · NOT_FOUND (no_results, rows=0, evaluated=0) [2s]
  [3439/5163] cnp=6931741 · NOT_FOUND (no_results, rows=0, evaluated=0) [2s]
  [3440/5163] cnp=6932277 · NOT_FOUND (no_results, rows=0, evaluated=0) [2s]
    [checkpoint] saved · 3440/5163 · rate=0.17/s · eta=165m19s
  [3441/5163] cnp=6933440 · NOT_FOUND (no_results, rows=0, evaluated=0) [2s]
    [session] rotation após 30 searches; cooldown 30000ms
  [3442/5163] cnp=6933481 · NOT_FOUND (no_results, rows=0, evaluated=0) [32s]
  [3443/5163] cnp=6933853 · NOT_FOUND (no_results, rows=0, evaluated=0) [2s]
  [3444/5163] cnp=6933879 · NOT_FOUND (no_results, rows=0, evaluated=0) [2s]
  [3445/5163] cnp=6934646 · NOT_FOUND (no_results, rows=0, evaluated=0) [2s]
  [3446/5163] cnp=6934679 · NOT_FOUND (no_results, rows=0, evaluated=0) [2s]
  [3447/5163] cnp=6935577 · NOT_FOUND (no_results, rows=0, evaluated=0) [2s]
  [3448/5163] cnp=6938167 · NOT_FOUND (no_results, rows=0, evaluated=0) [2s]
  [3449/5163] cnp=6939231 · NOT_FOUND (no_results, rows=0, evaluated=0) [2s]
  [3450/5163] cnp=6940031 · NOT_FOUND (no_results, rows=0, evaluated=0) [2s]
    [checkpoint] saved · 3450/5163 · rate=0.17/s · eta=164m26s
  [3451/5163] cnp=6942110 · NOT_FOUND (no_results, rows=0, evaluated=0) [2s]
  [3452/5163] cnp=6942318 · NOT_FOUND (no_results, rows=0, evaluated=0) [2s]
  [3453/5163] cnp=6942821 · NOT_FOUND (no_results, rows=0, evaluated=0) [2s]
  [3454/5163] cnp=6943134 · NOT_FOUND (no_results, rows=0, evaluated=0) [2s]
  [3455/5163] cnp=6943621 · NOT_FOUND (no_results, rows=0, evaluated=0) [2s]
  [3456/5163] cnp=6943985 · NOT_FOUND (no_results, rows=0, evaluated=0) [2s]
  [3457/5163] cnp=6944074 · NOT_FOUND (no_results, rows=0, evaluated=0) [2s]
  [3458/5163] cnp=6944264 · NOT_FOUND (no_results, rows=0, evaluated=0) [2s]
  [3459/5163] cnp=6944454 · NOT_FOUND (no_results, rows=0, evaluated=0) [2s]
  [3460/5163] cnp=6944751 · NOT_FOUND (no_results, rows=0, evaluated=0) [2s]
    [checkpoint] saved · 3460/5163 · rate=0.17/s · eta=163m17s
  [3461/5163] cnp=6945287 · NOT_FOUND (no_results, rows=0, evaluated=0) [2s]
  [3462/5163] cnp=6945907 · NOT_FOUND (no_results, rows=0, evaluated=0) [2s]
  [3463/5163] cnp=6947507 · NOT_FOUND (no_results, rows=0, evaluated=0) [2s]
  [3464/5163] cnp=6947531 · NOT_FOUND (no_results, rows=0, evaluated=0) [2s]
  [3465/5163] cnp=6947549 · NOT_FOUND (no_results, rows=0, evaluated=0) [2s]
  [3466/5163] cnp=6947887 · NOT_FOUND (no_results, rows=0, evaluated=0) [2s]
  [3467/5163] cnp=6948687 · NOT_FOUND (no_results, rows=0, evaluated=0) [2s]
  [3468/5163] cnp=6949404 · NOT_FOUND (no_results, rows=0, evaluated=0) [2s]
  [3469/5163] cnp=6950832 · NOT_FOUND (no_results, rows=0, evaluated=0) [2s]
  [3470/5163] cnp=6951178 · NOT_FOUND (no_results, rows=0, evaluated=0) [2s]
    [checkpoint] saved · 3470/5163 · rate=0.17/s · eta=162m10s
  [3471/5163] cnp=6951186 · NOT_FOUND (no_results, rows=0, evaluated=0) [2s]
    [session] rotation após 30 searches; cooldown 30000ms
  [3472/5163] cnp=6952093 · NOT_FOUND (no_results, rows=0, evaluated=0) [32s]
  [3473/5163] cnp=6952333 · NOT_FOUND (no_results, rows=0, evaluated=0) [2s]
  [3474/5163] cnp=6952994 · NOT_FOUND (no_results, rows=0, evaluated=0) [2s]
  [3475/5163] cnp=6954883 · NOT_FOUND (no_results, rows=0, evaluated=0) [2s]
  [3476/5163] cnp=6954917 · NOT_FOUND (no_results, rows=0, evaluated=0) [2s]
  [3477/5163] cnp=6956078 · NOT_FOUND (no_results, rows=0, evaluated=0) [2s]
  [3478/5163] cnp=6956938 · NOT_FOUND (no_results, rows=0, evaluated=0) [2s]
  [3479/5163] cnp=6956953 · NOT_FOUND (no_results, rows=0, evaluated=0) [2s]
  [3480/5163] cnp=6961243 · NOT_FOUND (no_results, rows=0, evaluated=0) [2s]
    [checkpoint] saved · 3480/5163 · rate=0.17/s · eta=161m16s
  [3481/5163] cnp=6961334 · NOT_FOUND (no_results, rows=0, evaluated=0) [2s]
  [3482/5163] cnp=6961359 · NOT_FOUND (no_results, rows=0, evaluated=0) [2s]
  [3483/5163] cnp=6964528 · NOT_FOUND (no_results, rows=0, evaluated=0) [2s]
  [3484/5163] cnp=6964643 · NOT_FOUND (no_results, rows=0, evaluated=0) [2s]
  [3485/5163] cnp=6966093 · NOT_FOUND (no_results, rows=0, evaluated=0) [2s]
  [3486/5163] cnp=6966614 · NOT_FOUND (no_results, rows=0, evaluated=0) [2s]
  [3487/5163] cnp=6968099 · NOT_FOUND (no_results, rows=0, evaluated=0) [2s]
  [3488/5163] cnp=6968115 · NOT_FOUND (no_results, rows=0, evaluated=0) [2s]
  [3489/5163] cnp=6968438 · NOT_FOUND (no_results, rows=0, evaluated=0) [2s]
    [session] refresh falhou (refresh HTTP 503); rota.
    [503] backoff 10000ms before retry 1/3 (cnp=6968511)
    [503] backoff 30000ms before retry 2/3 (cnp=6968511)
  [3490/5163] cnp=6968511 · NOT_FOUND (no_results, rows=0, evaluated=0) [42s]
    [checkpoint] saved · 3490/5163 · rate=0.17/s · eta=160m27s
  [3491/5163] cnp=6968529 · NOT_FOUND (no_results, rows=0, evaluated=0) [2s]
  [3492/5163] cnp=6968537 · NOT_FOUND (no_results, rows=0, evaluated=0) [2s]
  [3493/5163] cnp=6968545 · NOT_FOUND (no_results, rows=0, evaluated=0) [2s]
  [3494/5163] cnp=6970145 · NOT_FOUND (no_results, rows=0, evaluated=0) [2s]
  [3495/5163] cnp=6970160 · NOT_FOUND (no_results, rows=0, evaluated=0) [2s]
  [3496/5163] cnp=6970632 · NOT_FOUND (no_results, rows=0, evaluated=0) [2s]
  [3497/5163] cnp=6970640 · NOT_FOUND (no_results, rows=0, evaluated=0) [2s]
  [3498/5163] cnp=6970657 · NOT_FOUND (no_results, rows=0, evaluated=0) [2s]
  [3499/5163] cnp=6970699 · NOT_FOUND (no_results, rows=0, evaluated=0) [2s]
  [3500/5163] cnp=6970756 · NOT_FOUND (no_results, rows=0, evaluated=0) [2s]
    [checkpoint] saved · 3500/5163 · rate=0.17/s · eta=159m20s
  [3501/5163] cnp=6970830 · NOT_FOUND (no_results, rows=0, evaluated=0) [2s]
  [3502/5163] cnp=6971317 · NOT_FOUND (no_results, rows=0, evaluated=0) [2s]
  [3503/5163] cnp=6971325 · NOT_FOUND (no_results, rows=0, evaluated=0) [2s]
  [3504/5163] cnp=6973909 · NOT_FOUND (no_results, rows=0, evaluated=0) [2s]
  [3505/5163] cnp=6974022 · NOT_FOUND (no_results, rows=0, evaluated=0) [2s]
  [3506/5163] cnp=6974121 · NOT_FOUND (no_results, rows=0, evaluated=0) [2s]
  [3507/5163] cnp=6974147 · NOT_FOUND (no_results, rows=0, evaluated=0) [2s]
    [session] refresh falhou (refresh HTTP 503); rota.
    [503] backoff 10000ms before retry 1/3 (cnp=6974188)
    [503] backoff 30000ms before retry 2/3 (cnp=6974188)
  [3508/5163] cnp=6974188 · NOT_FOUND (no_results, rows=0, evaluated=0) [42s]
  [3509/5163] cnp=6974261 · NOT_FOUND (no_results, rows=0, evaluated=0) [2s]
  [3510/5163] cnp=6975573 · NOT_FOUND (no_results, rows=0, evaluated=0) [2s]
    [checkpoint] saved · 3510/5163 · rate=0.17/s · eta=158m31s
  [3511/5163] cnp=6976464 · NOT_FOUND (no_results, rows=0, evaluated=0) [2s]
  [3512/5163] cnp=6979187 · NOT_FOUND (no_results, rows=0, evaluated=0) [2s]
  [3513/5163] cnp=6980425 · NOT_FOUND (no_results, rows=0, evaluated=0) [2s]
  [3514/5163] cnp=6981308 · NOT_FOUND (no_results, rows=0, evaluated=0) [2s]
  [3515/5163] cnp=6983023 · NOT_FOUND (no_results, rows=0, evaluated=0) [2s]
  [3516/5163] cnp=6984567 · NOT_FOUND (no_results, rows=0, evaluated=0) [2s]
  [3517/5163] cnp=6984583 · NOT_FOUND (no_results, rows=0, evaluated=0) [2s]
  [3518/5163] cnp=6984591 · NOT_FOUND (no_results, rows=0, evaluated=0) [2s]
  [3519/5163] cnp=6984609 · NOT_FOUND (no_results, rows=0, evaluated=0) [2s]
  [3520/5163] cnp=6985861 · NOT_FOUND (no_results, rows=0, evaluated=0) [2s]
    [checkpoint] saved · 3520/5163 · rate=0.17/s · eta=157m23s
  [3521/5163] cnp=6985895 · NOT_FOUND (no_results, rows=0, evaluated=0) [2s]
  [3522/5163] cnp=6985952 · NOT_FOUND (no_results, rows=0, evaluated=0) [2s]
  [3523/5163] cnp=6988337 · NOT_FOUND (no_results, rows=0, evaluated=0) [2s]
  [3524/5163] cnp=6988543 · NOT_FOUND (no_results, rows=0, evaluated=0) [2s]
  [3525/5163] cnp=6989749 · NOT_FOUND (no_results, rows=0, evaluated=0) [2s]
  [3526/5163] cnp=6989772 · NOT_FOUND (no_results, rows=0, evaluated=0) [2s]
  [3527/5163] cnp=6990440 · NOT_FOUND (no_results, rows=0, evaluated=0) [2s]
  [3528/5163] cnp=6994277 · NOT_FOUND (no_results, rows=0, evaluated=0) [2s]
  [3529/5163] cnp=6994293 · NOT_FOUND (no_results, rows=0, evaluated=0) [2s]
  [3530/5163] cnp=6994301 · NOT_FOUND (no_results, rows=0, evaluated=0) [2s]
    [checkpoint] saved · 3530/5163 · rate=0.17/s · eta=156m16s
  [3531/5163] cnp=6994376 · NOT_FOUND (no_results, rows=0, evaluated=0) [2s]
  [3532/5163] cnp=6994590 · NOT_FOUND (no_results, rows=0, evaluated=0) [2s]
  [3533/5163] cnp=7000604 · NOT_FOUND (no_results, rows=0, evaluated=0) [2s]
  [3534/5163] cnp=7000679 · NOT_FOUND (no_results, rows=0, evaluated=0) [2s]
  [3535/5163] cnp=7002899 · NOT_FOUND (no_results, rows=0, evaluated=0) [2s]
  [3536/5163] cnp=7003236 · NOT_FOUND (no_results, rows=0, evaluated=0) [2s]
  [3537/5163] cnp=7004184 · NOT_FOUND (no_results, rows=0, evaluated=0) [2s]
    [session] rotation após 30 searches; cooldown 30000ms
  [3538/5163] cnp=7004242 · NOT_FOUND (no_results, rows=0, evaluated=0) [34s]
  [3539/5163] cnp=7004259 · NOT_FOUND (no_results, rows=0, evaluated=0) [2s]
  [3540/5163] cnp=7004267 · NOT_FOUND (no_results, rows=0, evaluated=0) [2s]
    [checkpoint] saved · 3540/5163 · rate=0.17/s · eta=155m24s
  [3541/5163] cnp=7004614 · NOT_FOUND (no_results, rows=0, evaluated=0) [2s]
  [3542/5163] cnp=7004759 · NOT_FOUND (no_results, rows=0, evaluated=0) [2s]
  [3543/5163] cnp=7005967 · NOT_FOUND (no_results, rows=0, evaluated=0) [2s]
  [3544/5163] cnp=7006726 · NOT_FOUND (no_results, rows=0, evaluated=0) [2s]
  [3545/5163] cnp=7006932 · NOT_FOUND (no_results, rows=0, evaluated=0) [2s]
  [3546/5163] cnp=7008581 · NOT_FOUND (no_results, rows=0, evaluated=0) [2s]
  [3547/5163] cnp=7008599 · NOT_FOUND (no_results, rows=0, evaluated=0) [2s]
  [3548/5163] cnp=7008615 · NOT_FOUND (no_results, rows=0, evaluated=0) [2s]
  [3549/5163] cnp=7009514 · NOT_FOUND (no_results, rows=0, evaluated=0) [2s]
  [3550/5163] cnp=7009522 · NOT_FOUND (no_results, rows=0, evaluated=0) [2s]
    [checkpoint] saved · 3550/5163 · rate=0.17/s · eta=154m17s
  [3551/5163] cnp=7009530 · NOT_FOUND (no_results, rows=0, evaluated=0) [2s]
  [3552/5163] cnp=7010769 · NOT_FOUND (no_results, rows=0, evaluated=0) [2s]
  [3553/5163] cnp=7011445 · NOT_FOUND (no_results, rows=0, evaluated=0) [2s]
  [3554/5163] cnp=7011593 · NOT_FOUND (no_results, rows=0, evaluated=0) [2s]
  [3555/5163] cnp=7014589 · NOT_FOUND (no_results, rows=0, evaluated=0) [2s]
  [3556/5163] cnp=7016782 · NOT_FOUND (no_results, rows=0, evaluated=0) [2s]
  [3557/5163] cnp=7017285 · NOT_FOUND (no_results, rows=0, evaluated=0) [2s]
  [3558/5163] cnp=7019877 · NOT_FOUND (no_results, rows=0, evaluated=0) [2s]
  [3559/5163] cnp=7019893 · NOT_FOUND (no_results, rows=0, evaluated=0) [2s]
  [3560/5163] cnp=7019950 · NOT_FOUND (no_results, rows=0, evaluated=0) [2s]
    [checkpoint] saved · 3560/5163 · rate=0.17/s · eta=153m10s
  [3561/5163] cnp=7033811 · NOT_FOUND (no_results, rows=0, evaluated=0) [2s]
  [3562/5163] cnp=7033829 · NOT_FOUND (no_results, rows=0, evaluated=0) [2s]
  [3563/5163] cnp=7061432 · NOT_FOUND (no_results, rows=0, evaluated=0) [2s]
  [3564/5163] cnp=7061440 · NOT_FOUND (no_results, rows=0, evaluated=0) [2s]
  [3565/5163] cnp=7061457 · NOT_FOUND (no_results, rows=0, evaluated=0) [2s]
  [3566/5163] cnp=7061507 · NOT_FOUND (no_results, rows=0, evaluated=0) [2s]
  [3567/5163] cnp=7061515 · NOT_FOUND (no_results, rows=0, evaluated=0) [2s]
    [session] rotation após 30 searches; cooldown 30000ms
  [3568/5163] cnp=7061523 · NOT_FOUND (no_results, rows=0, evaluated=0) [32s]
  [3569/5163] cnp=7061531 · NOT_FOUND (no_results, rows=0, evaluated=0) [2s]
  [3570/5163] cnp=7061549 · NOT_FOUND (no_results, rows=0, evaluated=0) [2s]
    [checkpoint] saved · 3570/5163 · rate=0.17/s · eta=152m16s
  [3571/5163] cnp=7061572 · NOT_FOUND (no_results, rows=0, evaluated=0) [2s]
  [3572/5163] cnp=7061580 · NOT_FOUND (no_results, rows=0, evaluated=0) [2s]
  [3573/5163] cnp=7061598 · NOT_FOUND (no_results, rows=0, evaluated=0) [2s]
  [3574/5163] cnp=7061648 · NOT_FOUND (no_results, rows=0, evaluated=0) [2s]
  [3575/5163] cnp=7061689 · NOT_FOUND (no_results, rows=0, evaluated=0) [2s]
  [3576/5163] cnp=7061697 · NOT_FOUND (no_results, rows=0, evaluated=0) [2s]
  [3577/5163] cnp=7061705 · NOT_FOUND (no_results, rows=0, evaluated=0) [2s]
  [3578/5163] cnp=7062026 · NOT_FOUND (no_results, rows=0, evaluated=0) [2s]
  [3579/5163] cnp=7063016 · NOT_FOUND (no_results, rows=0, evaluated=0) [2s]
  [3580/5163] cnp=7063107 · NOT_FOUND (no_results, rows=0, evaluated=0) [2s]
    [checkpoint] saved · 3580/5163 · rate=0.17/s · eta=151m09s
  [3581/5163] cnp=7063115 · NOT_FOUND (no_results, rows=0, evaluated=0) [2s]
  [3582/5163] cnp=7063149 · NOT_FOUND (no_results, rows=0, evaluated=0) [2s]
  [3583/5163] cnp=7063198 · NOT_FOUND (no_results, rows=0, evaluated=0) [2s]
  [3584/5163] cnp=7063214 · NOT_FOUND (no_results, rows=0, evaluated=0) [2s]
  [3585/5163] cnp=7063222 · NOT_FOUND (no_results, rows=0, evaluated=0) [2s]
  [3586/5163] cnp=7063388 · NOT_FOUND (no_results, rows=0, evaluated=0) [2s]
  [3587/5163] cnp=7063396 · NOT_FOUND (no_results, rows=0, evaluated=0) [2s]
  [3588/5163] cnp=7064055 · NOT_FOUND (no_results, rows=0, evaluated=0) [2s]
  [3589/5163] cnp=7064576 · NOT_FOUND (no_results, rows=0, evaluated=0) [2s]
  [3590/5163] cnp=7065086 · NOT_FOUND (no_results, rows=0, evaluated=0) [2s]
    [checkpoint] saved · 3590/5163 · rate=0.17/s · eta=150m03s
  [3591/5163] cnp=7065573 · NOT_FOUND (no_results, rows=0, evaluated=0) [2s]
  [3592/5163] cnp=7066498 · NOT_FOUND (no_results, rows=0, evaluated=0) [2s]
  [3593/5163] cnp=7067926 · NOT_FOUND (no_results, rows=0, evaluated=0) [2s]
  [3594/5163] cnp=7069526 · NOT_FOUND (no_results, rows=0, evaluated=0) [2s]
  [3595/5163] cnp=7069831 · NOT_FOUND (no_results, rows=0, evaluated=0) [2s]
  [3596/5163] cnp=7069971 · NOT_FOUND (no_results, rows=0, evaluated=0) [2s]
  [3597/5163] cnp=7070813 · NOT_FOUND (no_results, rows=0, evaluated=0) [2s]
    [session] rotation após 30 searches; cooldown 30000ms
  [3598/5163] cnp=7070821 · NOT_FOUND (no_results, rows=0, evaluated=0) [32s]
  [3599/5163] cnp=7071969 · NOT_FOUND (no_results, rows=0, evaluated=0) [2s]
  [3600/5163] cnp=7073163 · NOT_FOUND (no_results, rows=0, evaluated=0) [2s]
    [checkpoint] saved · 3600/5163 · rate=0.17/s · eta=149m09s
  [3601/5163] cnp=7073932 · NOT_FOUND (no_results, rows=0, evaluated=0) [2s]
  [3602/5163] cnp=7074385 · NOT_FOUND (no_results, rows=0, evaluated=0) [2s]
  [3603/5163] cnp=7074443 · NOT_FOUND (no_results, rows=0, evaluated=0) [2s]
  [3604/5163] cnp=7075242 · NOT_FOUND (no_results, rows=0, evaluated=0) [2s]
  [3605/5163] cnp=7076232 · NOT_FOUND (no_results, rows=0, evaluated=0) [2s]
  [3606/5163] cnp=7077966 · NOT_FOUND (no_results, rows=0, evaluated=0) [2s]
  [3607/5163] cnp=7078600 · NOT_FOUND (no_results, rows=0, evaluated=0) [2s]
  [3608/5163] cnp=7078733 · NOT_FOUND (no_results, rows=0, evaluated=0) [2s]
  [3609/5163] cnp=7078840 · NOT_FOUND (no_results, rows=0, evaluated=0) [2s]
    [503] backoff 10000ms before retry 1/3 (cnp=7078857)
    [503] backoff 30000ms before retry 2/3 (cnp=7078857)
  [3610/5163] cnp=7078857 · NOT_FOUND (no_results, rows=0, evaluated=0) [43s]
    [checkpoint] saved · 3610/5163 · rate=0.17/s · eta=148m21s
  [3611/5163] cnp=7078923 · NOT_FOUND (no_results, rows=0, evaluated=0) [2s]
  [3612/5163] cnp=7078931 · NOT_FOUND (no_results, rows=0, evaluated=0) [2s]
  [3613/5163] cnp=7079053 · NOT_FOUND (no_results, rows=0, evaluated=0) [2s]
  [3614/5163] cnp=7079061 · NOT_FOUND (no_results, rows=0, evaluated=0) [2s]
  [3615/5163] cnp=7079087 · NOT_FOUND (no_results, rows=0, evaluated=0) [2s]
  [3616/5163] cnp=7079640 · NOT_FOUND (no_results, rows=0, evaluated=0) [2s]
  [3617/5163] cnp=7079814 · NOT_FOUND (no_results, rows=0, evaluated=0) [2s]
  [3618/5163] cnp=7079822 · NOT_FOUND (no_results, rows=0, evaluated=0) [2s]
  [3619/5163] cnp=7080036 · NOT_FOUND (no_results, rows=0, evaluated=0) [2s]
  [3620/5163] cnp=7080044 · NOT_FOUND (no_results, rows=0, evaluated=0) [2s]
    [checkpoint] saved · 3620/5163 · rate=0.17/s · eta=147m14s
  [3621/5163] cnp=7080051 · NOT_FOUND (no_results, rows=0, evaluated=0) [2s]
  [3622/5163] cnp=7080077 · NOT_FOUND (no_results, rows=0, evaluated=0) [2s]
  [3623/5163] cnp=7080093 · NOT_FOUND (no_results, rows=0, evaluated=0) [2s]
  [3624/5163] cnp=7080101 · NOT_FOUND (no_results, rows=0, evaluated=0) [2s]
  [3625/5163] cnp=7080242 · NOT_FOUND (no_results, rows=0, evaluated=0) [2s]
  [3626/5163] cnp=7080341 · NOT_FOUND (no_results, rows=0, evaluated=0) [2s]
  [3627/5163] cnp=7080697 · NOT_FOUND (no_results, rows=0, evaluated=0) [2s]
  [3628/5163] cnp=7080846 · NOT_FOUND (no_results, rows=0, evaluated=0) [2s]
  [3629/5163] cnp=7081448 · NOT_FOUND (no_results, rows=0, evaluated=0) [2s]
  [3630/5163] cnp=7081455 · NOT_FOUND (no_results, rows=0, evaluated=0) [2s]
    [checkpoint] saved · 3630/5163 · rate=0.17/s · eta=146m08s
  [3631/5163] cnp=7081588 · NOT_FOUND (no_results, rows=0, evaluated=0) [2s]
  [3632/5163] cnp=7083741 · NOT_FOUND (no_results, rows=0, evaluated=0) [2s]
  [3633/5163] cnp=7083758 · NOT_FOUND (no_results, rows=0, evaluated=0) [2s]
  [3634/5163] cnp=7083865 · NOT_FOUND (no_results, rows=0, evaluated=0) [2s]
  [3635/5163] cnp=7083972 · NOT_FOUND (no_results, rows=0, evaluated=0) [2s]
  [3636/5163] cnp=7083980 · NOT_FOUND (no_results, rows=0, evaluated=0) [2s]
  [3637/5163] cnp=7084244 · NOT_FOUND (no_results, rows=0, evaluated=0) [2s]
  [3638/5163] cnp=7085464 · NOT_FOUND (no_results, rows=0, evaluated=0) [2s]
  [3639/5163] cnp=7086264 · NOT_FOUND (no_results, rows=0, evaluated=0) [2s]
    [session] rotation após 30 searches; cooldown 30000ms
  [3640/5163] cnp=7087122 · NOT_FOUND (no_results, rows=0, evaluated=0) [32s]
    [checkpoint] saved · 3640/5163 · rate=0.17/s · eta=145m15s
  [3641/5163] cnp=7087353 · NOT_FOUND (no_results, rows=0, evaluated=0) [2s]
  [3642/5163] cnp=7087767 · NOT_FOUND (no_results, rows=0, evaluated=0) [2s]
  [3643/5163] cnp=7087890 · NOT_FOUND (no_results, rows=0, evaluated=0) [2s]
  [3644/5163] cnp=7089797 · NOT_FOUND (no_results, rows=0, evaluated=0) [2s]
  [3645/5163] cnp=7091850 · NOT_FOUND (no_results, rows=0, evaluated=0) [2s]
  [3646/5163] cnp=7091983 · NOT_FOUND (no_results, rows=0, evaluated=0) [2s]
  [3647/5163] cnp=7093567 · NOT_FOUND (no_results, rows=0, evaluated=0) [2s]
  [3648/5163] cnp=7093575 · NOT_FOUND (no_results, rows=0, evaluated=0) [2s]
  [3649/5163] cnp=7094169 · NOT_FOUND (no_results, rows=0, evaluated=0) [2s]
  [3650/5163] cnp=7094177 · NOT_FOUND (no_results, rows=0, evaluated=0) [2s]
    [checkpoint] saved · 3650/5163 · rate=0.17/s · eta=144m08s
  [3651/5163] cnp=7094219 · NOT_FOUND (no_results, rows=0, evaluated=0) [2s]
  [3652/5163] cnp=7094227 · NOT_FOUND (no_results, rows=0, evaluated=0) [2s]
  [3653/5163] cnp=7094367 · NOT_FOUND (no_results, rows=0, evaluated=0) [2s]
  [3654/5163] cnp=7097287 · NOT_FOUND (no_results, rows=0, evaluated=0) [2s]
  [3655/5163] cnp=7097295 · NOT_FOUND (no_results, rows=0, evaluated=0) [2s]
  [3656/5163] cnp=7097303 · NOT_FOUND (no_results, rows=0, evaluated=0) [2s]
  [3657/5163] cnp=7097311 · NOT_FOUND (no_results, rows=0, evaluated=0) [2s]
  [3658/5163] cnp=7097394 · NOT_FOUND (no_results, rows=0, evaluated=0) [2s]
  [3659/5163] cnp=7097451 · NOT_FOUND (no_results, rows=0, evaluated=0) [2s]
  [3660/5163] cnp=7097915 · NOT_FOUND (no_results, rows=0, evaluated=0) [2s]
    [checkpoint] saved · 3660/5163 · rate=0.18/s · eta=143m03s
  [3661/5163] cnp=7098277 · NOT_FOUND (no_results, rows=0, evaluated=0) [2s]
  [3662/5163] cnp=7099291 · NOT_FOUND (no_results, rows=0, evaluated=0) [2s]
  [3663/5163] cnp=7099598 · NOT_FOUND (no_results, rows=0, evaluated=0) [2s]
  [3664/5163] cnp=7099903 · NOT_FOUND (no_results, rows=0, evaluated=0) [2s]
  [3665/5163] cnp=7099911 · NOT_FOUND (no_results, rows=0, evaluated=0) [2s]
  [3666/5163] cnp=7100024 · NOT_FOUND (no_results, rows=0, evaluated=0) [2s]
  [3667/5163] cnp=7100032 · NOT_FOUND (no_results, rows=0, evaluated=0) [2s]
  [3668/5163] cnp=7100719 · NOT_FOUND (no_results, rows=0, evaluated=0) [2s]
  [3669/5163] cnp=7100784 · NOT_FOUND (no_results, rows=0, evaluated=0) [2s]
    [session] rotation após 30 searches; cooldown 30000ms
  [3670/5163] cnp=7100792 · NOT_FOUND (no_results, rows=0, evaluated=0) [32s]
    [checkpoint] saved · 3670/5163 · rate=0.18/s · eta=142m09s
  [3671/5163] cnp=7100818 · NOT_FOUND (no_results, rows=0, evaluated=0) [2s]
  [3672/5163] cnp=7100842 · NOT_FOUND (no_results, rows=0, evaluated=0) [2s]
  [3673/5163] cnp=7100859 · NOT_FOUND (no_results, rows=0, evaluated=0) [2s]
  [3674/5163] cnp=7102459 · NOT_FOUND (no_results, rows=0, evaluated=0) [2s]
  [3675/5163] cnp=7102475 · NOT_FOUND (no_results, rows=0, evaluated=0) [2s]
  [3676/5163] cnp=7103044 · NOT_FOUND (no_results, rows=0, evaluated=0) [2s]
  [3677/5163] cnp=7103663 · NOT_FOUND (no_results, rows=0, evaluated=0) [2s]
  [3678/5163] cnp=7103762 · NOT_FOUND (no_results, rows=0, evaluated=0) [2s]
  [3679/5163] cnp=7104034 · NOT_FOUND (no_results, rows=0, evaluated=0) [2s]
  [3680/5163] cnp=7104042 · NOT_FOUND (no_results, rows=0, evaluated=0) [2s]
    [checkpoint] saved · 3680/5163 · rate=0.18/s · eta=141m03s
  [3681/5163] cnp=7104059 · NOT_FOUND (no_results, rows=0, evaluated=0) [2s]
  [3682/5163] cnp=7104364 · NOT_FOUND (no_results, rows=0, evaluated=0) [2s]
  [3683/5163] cnp=7104950 · NOT_FOUND (no_results, rows=0, evaluated=0) [2s]
  [3684/5163] cnp=7104968 · NOT_FOUND (no_results, rows=0, evaluated=0) [2s]
  [3685/5163] cnp=7105023 · NOT_FOUND (no_results, rows=0, evaluated=0) [2s]
  [3686/5163] cnp=7105031 · NOT_FOUND (no_results, rows=0, evaluated=0) [2s]
  [3687/5163] cnp=7105049 · NOT_FOUND (no_results, rows=0, evaluated=0) [2s]
  [3688/5163] cnp=7105080 · NOT_FOUND (no_results, rows=0, evaluated=0) [2s]
  [3689/5163] cnp=7105197 · NOT_FOUND (no_results, rows=0, evaluated=0) [2s]
  [3690/5163] cnp=7105205 · NOT_FOUND (no_results, rows=0, evaluated=0) [2s]
    [checkpoint] saved · 3690/5163 · rate=0.18/s · eta=139m58s
  [3691/5163] cnp=7105213 · NOT_FOUND (no_results, rows=0, evaluated=0) [2s]
  [3692/5163] cnp=7105775 · NOT_FOUND (no_results, rows=0, evaluated=0) [2s]
  [3693/5163] cnp=7106922 · NOT_FOUND (no_results, rows=0, evaluated=0) [2s]
  [3694/5163] cnp=7107557 · NOT_FOUND (no_results, rows=0, evaluated=0) [2s]
  [3695/5163] cnp=7109702 · NOT_FOUND (no_results, rows=0, evaluated=0) [2s]
  [3696/5163] cnp=7109892 · NOT_FOUND (no_results, rows=0, evaluated=0) [2s]
  [3697/5163] cnp=7111732 · NOT_FOUND (no_results, rows=0, evaluated=0) [2s]
  [3698/5163] cnp=7111740 · NOT_FOUND (no_results, rows=0, evaluated=0) [2s]
  [3699/5163] cnp=7111765 · NOT_FOUND (no_results, rows=0, evaluated=0) [2s]
    [session] rotation após 30 searches; cooldown 30000ms
    [503] backoff 10000ms before retry 1/3 (cnp=7112433)
    [503] backoff 30000ms before retry 2/3 (cnp=7112433)
  [3700/5163] cnp=7112433 · NOT_FOUND (no_results, rows=0, evaluated=0) [1m12s]
    [checkpoint] saved · 3700/5163 · rate=0.17/s · eta=139m21s
  [3701/5163] cnp=7114066 · NOT_FOUND (no_results, rows=0, evaluated=0) [2s]
  [3702/5163] cnp=7114116 · NOT_FOUND (no_results, rows=0, evaluated=0) [2s]
  [3703/5163] cnp=7114496 · NOT_FOUND (no_results, rows=0, evaluated=0) [2s]
  [3704/5163] cnp=7114504 · NOT_FOUND (no_results, rows=0, evaluated=0) [2s]
  [3705/5163] cnp=7114744 · NOT_FOUND (no_results, rows=0, evaluated=0) [2s]
  [3706/5163] cnp=7114777 · NOT_FOUND (no_results, rows=0, evaluated=0) [2s]
  [3707/5163] cnp=7115113 · NOT_FOUND (no_results, rows=0, evaluated=0) [2s]
  [3708/5163] cnp=7115139 · NOT_FOUND (no_results, rows=0, evaluated=0) [2s]
  [3709/5163] cnp=7115196 · NOT_FOUND (no_results, rows=0, evaluated=0) [2s]
  [3710/5163] cnp=7116202 · NOT_FOUND (no_results, rows=0, evaluated=0) [2s]
    [checkpoint] saved · 3710/5163 · rate=0.18/s · eta=138m16s
  [3711/5163] cnp=7116384 · NOT_FOUND (no_results, rows=0, evaluated=0) [2s]
  [3712/5163] cnp=7119529 · NOT_FOUND (no_results, rows=0, evaluated=0) [2s]
  [3713/5163] cnp=7119537 · NOT_FOUND (no_results, rows=0, evaluated=0) [2s]
  [3714/5163] cnp=7119966 · NOT_FOUND (no_results, rows=0, evaluated=0) [2s]
  [3715/5163] cnp=7120121 · NOT_FOUND (no_results, rows=0, evaluated=0) [2s]
  [3716/5163] cnp=7122648 · NOT_FOUND (no_results, rows=0, evaluated=0) [2s]
  [3717/5163] cnp=7122655 · NOT_FOUND (no_results, rows=0, evaluated=0) [2s]
  [3718/5163] cnp=7123026 · NOT_FOUND (no_results, rows=0, evaluated=0) [2s]
  [3719/5163] cnp=7123398 · NOT_FOUND (no_results, rows=0, evaluated=0) [2s]
  [3720/5163] cnp=7126029 · NOT_FOUND (no_results, rows=0, evaluated=0) [2s]
    [checkpoint] saved · 3720/5163 · rate=0.18/s · eta=137m10s
  [3721/5163] cnp=7126045 · NOT_FOUND (no_results, rows=0, evaluated=0) [2s]
  [3722/5163] cnp=7126243 · NOT_FOUND (no_results, rows=0, evaluated=0) [2s]
  [3723/5163] cnp=7126276 · NOT_FOUND (no_results, rows=0, evaluated=0) [2s]
  [3724/5163] cnp=7127159 · NOT_FOUND (no_results, rows=0, evaluated=0) [2s]
  [3725/5163] cnp=7127522 · NOT_FOUND (no_results, rows=0, evaluated=0) [2s]
  [3726/5163] cnp=7127530 · NOT_FOUND (no_results, rows=0, evaluated=0) [2s]
  [3727/5163] cnp=7128496 · NOT_FOUND (no_results, rows=0, evaluated=0) [2s]
  [3728/5163] cnp=7128538 · NOT_FOUND (no_results, rows=0, evaluated=0) [2s]
  [3729/5163] cnp=7128991 · NOT_FOUND (no_results, rows=0, evaluated=0) [2s]
    [session] rotation após 30 searches; cooldown 30000ms
  [3730/5163] cnp=7129007 · NOT_FOUND (no_results, rows=0, evaluated=0) [32s]
    [checkpoint] saved · 3730/5163 · rate=0.18/s · eta=136m17s
  [3731/5163] cnp=7129015 · NOT_FOUND (no_results, rows=0, evaluated=0) [2s]
  [3732/5163] cnp=7129031 · NOT_FOUND (no_results, rows=0, evaluated=0) [2s]
  [3733/5163] cnp=7129577 · NOT_FOUND (no_results, rows=0, evaluated=0) [2s]
  [3734/5163] cnp=7130617 · NOT_FOUND (no_results, rows=0, evaluated=0) [2s]
  [3735/5163] cnp=7130674 · NOT_FOUND (no_results, rows=0, evaluated=0) [2s]
  [3736/5163] cnp=7131003 · NOT_FOUND (no_results, rows=0, evaluated=0) [2s]
  [3737/5163] cnp=7131201 · NOT_FOUND (no_results, rows=0, evaluated=0) [2s]
  [3738/5163] cnp=7131292 · NOT_FOUND (no_results, rows=0, evaluated=0) [2s]
  [3739/5163] cnp=7131326 · NOT_FOUND (no_results, rows=0, evaluated=0) [2s]
  [3740/5163] cnp=7131409 · NOT_FOUND (no_results, rows=0, evaluated=0) [2s]
    [checkpoint] saved · 3740/5163 · rate=0.18/s · eta=135m12s
  [3741/5163] cnp=7131417 · NOT_FOUND (no_results, rows=0, evaluated=0) [2s]
  [3742/5163] cnp=7131425 · NOT_FOUND (no_results, rows=0, evaluated=0) [2s]
  [3743/5163] cnp=7131722 · NOT_FOUND (no_results, rows=0, evaluated=0) [2s]
  [3744/5163] cnp=7131755 · NOT_FOUND (no_results, rows=0, evaluated=0) [2s]
  [3745/5163] cnp=7132241 · NOT_FOUND (no_results, rows=0, evaluated=0) [2s]
  [3746/5163] cnp=7132282 · NOT_FOUND (no_results, rows=0, evaluated=0) [2s]
  [3747/5163] cnp=7132373 · NOT_FOUND (no_results, rows=0, evaluated=0) [2s]
  [3748/5163] cnp=7132407 · NOT_FOUND (no_results, rows=0, evaluated=0) [2s]
  [3749/5163] cnp=7133603 · NOT_FOUND (no_results, rows=0, evaluated=0) [2s]
  [3750/5163] cnp=7134478 · NOT_FOUND (no_results, rows=0, evaluated=0) [2s]
    [checkpoint] saved · 3750/5163 · rate=0.18/s · eta=134m07s
  [3751/5163] cnp=7134486 · NOT_FOUND (no_results, rows=0, evaluated=0) [2s]
  [3752/5163] cnp=7135277 · NOT_FOUND (no_results, rows=0, evaluated=0) [2s]
  [3753/5163] cnp=7135285 · NOT_FOUND (no_results, rows=0, evaluated=0) [2s]
  [3754/5163] cnp=7135541 · NOT_FOUND (no_results, rows=0, evaluated=0) [2s]
  [3755/5163] cnp=7135863 · NOT_FOUND (no_results, rows=0, evaluated=0) [2s]
  [3756/5163] cnp=7136291 · NOT_FOUND (no_results, rows=0, evaluated=0) [2s]
  [3757/5163] cnp=7141085 · NOT_FOUND (no_results, rows=0, evaluated=0) [2s]
  [3758/5163] cnp=7153775 · NOT_FOUND (no_results, rows=0, evaluated=0) [2s]
  [3759/5163] cnp=7171819 · NOT_FOUND (no_results, rows=0, evaluated=0) [2s]
    [session] rotation após 30 searches; cooldown 30000ms
  [3760/5163] cnp=7185827 · NOT_FOUND (no_results, rows=0, evaluated=0) [32s]
    [checkpoint] saved · 3760/5163 · rate=0.18/s · eta=133m13s
  [3761/5163] cnp=7237164 · NOT_FOUND (no_results, rows=0, evaluated=0) [2s]
  [3762/5163] cnp=7237370 · NOT_FOUND (no_results, rows=0, evaluated=0) [2s]
  [3763/5163] cnp=7238139 · NOT_FOUND (no_results, rows=0, evaluated=0) [2s]
  [3764/5163] cnp=7238576 · NOT_FOUND (no_results, rows=0, evaluated=0) [2s]
  [3765/5163] cnp=7238642 · NOT_FOUND (no_results, rows=0, evaluated=0) [2s]
  [3766/5163] cnp=7239707 · NOT_FOUND (no_results, rows=0, evaluated=0) [2s]
  [3767/5163] cnp=7239723 · NOT_FOUND (no_results, rows=0, evaluated=0) [2s]
  [3768/5163] cnp=7239731 · NOT_FOUND (no_results, rows=0, evaluated=0) [2s]
  [3769/5163] cnp=7239939 · NOT_FOUND (no_results, rows=0, evaluated=0) [2s]
  [3770/5163] cnp=7243022 · NOT_FOUND (no_results, rows=0, evaluated=0) [2s]
    [checkpoint] saved · 3770/5163 · rate=0.18/s · eta=132m08s
  [3771/5163] cnp=7243030 · NOT_FOUND (no_results, rows=0, evaluated=0) [2s]
  [3772/5163] cnp=7243170 · NOT_FOUND (no_results, rows=0, evaluated=0) [2s]
  [3773/5163] cnp=7243766 · NOT_FOUND (no_results, rows=0, evaluated=0) [2s]
  [3774/5163] cnp=7243774 · NOT_FOUND (no_results, rows=0, evaluated=0) [2s]
  [3775/5163] cnp=7243782 · NOT_FOUND (no_results, rows=0, evaluated=0) [2s]
  [3776/5163] cnp=7243790 · NOT_FOUND (no_results, rows=0, evaluated=0) [2s]
  [3777/5163] cnp=7243808 · NOT_FOUND (no_results, rows=0, evaluated=0) [2s]
  [3778/5163] cnp=7243816 · NOT_FOUND (no_results, rows=0, evaluated=0) [2s]
  [3779/5163] cnp=7243824 · NOT_FOUND (no_results, rows=0, evaluated=0) [2s]
  [3780/5163] cnp=7243840 · NOT_FOUND (no_results, rows=0, evaluated=0) [2s]
    [checkpoint] saved · 3780/5163 · rate=0.18/s · eta=131m04s
  [3781/5163] cnp=7244228 · NOT_FOUND (no_results, rows=0, evaluated=0) [2s]
  [3782/5163] cnp=7244731 · NOT_FOUND (no_results, rows=0, evaluated=0) [2s]
  [3783/5163] cnp=7245076 · NOT_FOUND (no_results, rows=0, evaluated=0) [2s]
  [3784/5163] cnp=7245084 · NOT_FOUND (no_results, rows=0, evaluated=0) [2s]
  [3785/5163] cnp=7245746 · NOT_FOUND (no_results, rows=0, evaluated=0) [2s]
  [3786/5163] cnp=7246538 · NOT_FOUND (no_results, rows=0, evaluated=0) [2s]
  [3787/5163] cnp=7246736 · NOT_FOUND (no_results, rows=0, evaluated=0) [2s]
  [3788/5163] cnp=7246934 · NOT_FOUND (no_results, rows=0, evaluated=0) [2s]
  [3789/5163] cnp=7248674 · NOT_FOUND (no_results, rows=0, evaluated=0) [2s]
    [session] rotation após 30 searches; cooldown 30000ms
  [3790/5163] cnp=7248682 · NOT_FOUND (no_results, rows=0, evaluated=0) [32s]
    [checkpoint] saved · 3790/5163 · rate=0.18/s · eta=130m10s
  [3791/5163] cnp=7249136 · NOT_FOUND (no_results, rows=0, evaluated=0) [2s]
  [3792/5163] cnp=7249151 · NOT_FOUND (no_results, rows=0, evaluated=0) [2s]
  [3793/5163] cnp=7249821 · NOT_FOUND (no_results, rows=0, evaluated=0) [2s]
  [3794/5163] cnp=7250092 · NOT_FOUND (no_results, rows=0, evaluated=0) [2s]
  [3795/5163] cnp=7252361 · NOT_FOUND (no_results, rows=0, evaluated=0) [2s]
  [3796/5163] cnp=7252726 · NOT_FOUND (no_results, rows=0, evaluated=0) [2s]
  [3797/5163] cnp=7252734 · NOT_FOUND (no_results, rows=0, evaluated=0) [2s]
  [3798/5163] cnp=7252965 · NOT_FOUND (no_results, rows=0, evaluated=0) [2s]
  [3799/5163] cnp=7252973 · NOT_FOUND (no_results, rows=0, evaluated=0) [2s]
  [3800/5163] cnp=7253393 · NOT_FOUND (no_results, rows=0, evaluated=0) [2s]
    [checkpoint] saved · 3800/5163 · rate=0.18/s · eta=129m06s
  [3801/5163] cnp=7253476 · NOT_FOUND (no_results, rows=0, evaluated=0) [2s]
  [3802/5163] cnp=7253518 · NOT_FOUND (no_results, rows=0, evaluated=0) [2s]
  [3803/5163] cnp=7253781 · NOT_FOUND (no_results, rows=0, evaluated=0) [2s]
  [3804/5163] cnp=7254268 · NOT_FOUND (no_results, rows=0, evaluated=0) [2s]
  [3805/5163] cnp=7254276 · NOT_FOUND (no_results, rows=0, evaluated=0) [2s]
  [3806/5163] cnp=7254284 · NOT_FOUND (no_results, rows=0, evaluated=0) [2s]
  [3807/5163] cnp=7254417 · NOT_FOUND (no_results, rows=0, evaluated=0) [2s]
  [3808/5163] cnp=7256602 · NOT_FOUND (no_results, rows=0, evaluated=0) [2s]
  [3809/5163] cnp=7257287 · NOT_FOUND (no_results, rows=0, evaluated=0) [2s]
  [3810/5163] cnp=7257964 · NOT_FOUND (no_results, rows=0, evaluated=0) [2s]
    [checkpoint] saved · 3810/5163 · rate=0.18/s · eta=128m01s
  [3811/5163] cnp=7258186 · NOT_FOUND (no_results, rows=0, evaluated=0) [2s]
  [3812/5163] cnp=7259572 · NOT_FOUND (no_results, rows=0, evaluated=0) [2s]
  [3813/5163] cnp=7259598 · NOT_FOUND (no_results, rows=0, evaluated=0) [2s]
  [3814/5163] cnp=7259614 · NOT_FOUND (no_results, rows=0, evaluated=0) [2s]
  [3815/5163] cnp=7259762 · NOT_FOUND (no_results, rows=0, evaluated=0) [2s]
  [3816/5163] cnp=7260034 · NOT_FOUND (no_results, rows=0, evaluated=0) [2s]
  [3817/5163] cnp=7260042 · NOT_FOUND (no_results, rows=0, evaluated=0) [2s]
  [3818/5163] cnp=7260190 · NOT_FOUND (no_results, rows=0, evaluated=0) [2s]
  [3819/5163] cnp=7260794 · NOT_FOUND (no_results, rows=0, evaluated=0) [2s]
    [session] rotation após 30 searches; cooldown 30000ms
  [3820/5163] cnp=7260802 · NOT_FOUND (no_results, rows=0, evaluated=0) [32s]
    [checkpoint] saved · 3820/5163 · rate=0.18/s · eta=127m08s
  [3821/5163] cnp=7261115 · NOT_FOUND (no_results, rows=0, evaluated=0) [2s]
  [3822/5163] cnp=7261123 · NOT_FOUND (no_results, rows=0, evaluated=0) [2s]
  [3823/5163] cnp=7262154 · NOT_FOUND (no_results, rows=0, evaluated=0) [2s]
  [3824/5163] cnp=7263608 · NOT_FOUND (no_results, rows=0, evaluated=0) [2s]
  [3825/5163] cnp=7263988 · NOT_FOUND (no_results, rows=0, evaluated=0) [2s]
  [3826/5163] cnp=7264622 · NOT_FOUND (no_results, rows=0, evaluated=0) [2s]
  [3827/5163] cnp=7264804 · NOT_FOUND (no_results, rows=0, evaluated=0) [2s]
  [3828/5163] cnp=7265355 · NOT_FOUND (no_results, rows=0, evaluated=0) [2s]
  [3829/5163] cnp=7265462 · NOT_FOUND (no_results, rows=0, evaluated=0) [2s]
  [3830/5163] cnp=7266023 · NOT_FOUND (no_results, rows=0, evaluated=0) [2s]
    [checkpoint] saved · 3830/5163 · rate=0.18/s · eta=126m04s
  [3831/5163] cnp=7266148 · NOT_FOUND (no_results, rows=0, evaluated=0) [2s]
  [3832/5163] cnp=7266221 · NOT_FOUND (no_results, rows=0, evaluated=0) [2s]
  [3833/5163] cnp=7268706 · NOT_FOUND (no_results, rows=0, evaluated=0) [2s]
  [3834/5163] cnp=7268722 · NOT_FOUND (no_results, rows=0, evaluated=0) [2s]
  [3835/5163] cnp=7268730 · NOT_FOUND (no_results, rows=0, evaluated=0) [2s]
  [3836/5163] cnp=7268912 · NOT_FOUND (no_results, rows=0, evaluated=0) [2s]
  [3837/5163] cnp=7268987 · NOT_FOUND (no_results, rows=0, evaluated=0) [2s]
  [3838/5163] cnp=7269019 · NOT_FOUND (no_results, rows=0, evaluated=0) [2s]
  [3839/5163] cnp=7269050 · NOT_FOUND (no_results, rows=0, evaluated=0) [2s]
  [3840/5163] cnp=7269191 · NOT_FOUND (no_results, rows=0, evaluated=0) [2s]
    [checkpoint] saved · 3840/5163 · rate=0.18/s · eta=125m00s
  [3841/5163] cnp=7269209 · NOT_FOUND (no_results, rows=0, evaluated=0) [2s]
  [3842/5163] cnp=7269720 · NOT_FOUND (no_results, rows=0, evaluated=0) [2s]
  [3843/5163] cnp=7270470 · NOT_FOUND (no_results, rows=0, evaluated=0) [2s]
  [3844/5163] cnp=7271916 · NOT_FOUND (no_results, rows=0, evaluated=0) [2s]
  [3845/5163] cnp=7272005 · NOT_FOUND (no_results, rows=0, evaluated=0) [2s]
  [3846/5163] cnp=7272013 · NOT_FOUND (no_results, rows=0, evaluated=0) [2s]
  [3847/5163] cnp=7272898 · NOT_FOUND (no_results, rows=0, evaluated=0) [2s]
  [3848/5163] cnp=7273003 · NOT_FOUND (no_results, rows=0, evaluated=0) [2s]
  [3849/5163] cnp=7273011 · NOT_FOUND (no_results, rows=0, evaluated=0) [2s]
    [session] rotation após 30 searches; cooldown 30000ms
  [3850/5163] cnp=7273193 · NOT_FOUND (no_results, rows=0, evaluated=0) [32s]
    [checkpoint] saved · 3850/5163 · rate=0.18/s · eta=124m06s
  [3851/5163] cnp=7273201 · NOT_FOUND (no_results, rows=0, evaluated=0) [2s]
  [3852/5163] cnp=7273227 · NOT_FOUND (no_results, rows=0, evaluated=0) [2s]
  [3853/5163] cnp=7273250 · NOT_FOUND (no_results, rows=0, evaluated=0) [2s]
  [3854/5163] cnp=7273292 · NOT_FOUND (no_results, rows=0, evaluated=0) [2s]
  [3855/5163] cnp=7273771 · NOT_FOUND (no_results, rows=0, evaluated=0) [2s]
  [3856/5163] cnp=7273946 · NOT_FOUND (no_results, rows=0, evaluated=0) [2s]
  [3857/5163] cnp=7273953 · NOT_FOUND (no_results, rows=0, evaluated=0) [2s]
  [3858/5163] cnp=7273961 · NOT_FOUND (no_results, rows=0, evaluated=0) [2s]
  [3859/5163] cnp=7273979 · NOT_FOUND (no_results, rows=0, evaluated=0) [2s]
  [3860/5163] cnp=7273987 · NOT_FOUND (no_results, rows=0, evaluated=0) [2s]
    [checkpoint] saved · 3860/5163 · rate=0.18/s · eta=123m02s
  [3861/5163] cnp=7273995 · NOT_FOUND (no_results, rows=0, evaluated=0) [2s]
  [3862/5163] cnp=7274001 · NOT_FOUND (no_results, rows=0, evaluated=0) [2s]
  [3863/5163] cnp=7274019 · NOT_FOUND (no_results, rows=0, evaluated=0) [2s]
  [3864/5163] cnp=7274027 · NOT_FOUND (no_results, rows=0, evaluated=0) [2s]
  [3865/5163] cnp=7274746 · NOT_FOUND (no_results, rows=0, evaluated=0) [2s]
  [3866/5163] cnp=7274969 · NOT_FOUND (no_results, rows=0, evaluated=0) [2s]
  [3867/5163] cnp=7274977 · NOT_FOUND (no_results, rows=0, evaluated=0) [2s]
  [3868/5163] cnp=7274985 · NOT_FOUND (no_results, rows=0, evaluated=0) [2s]
  [3869/5163] cnp=7274993 · NOT_FOUND (no_results, rows=0, evaluated=0) [2s]
  [3870/5163] cnp=7275065 · NOT_FOUND (no_results, rows=0, evaluated=0) [2s]
    [checkpoint] saved · 3870/5163 · rate=0.18/s · eta=121m59s
  [3871/5163] cnp=7276055 · NOT_FOUND (no_results, rows=0, evaluated=0) [2s]
  [3872/5163] cnp=7276246 · NOT_FOUND (no_results, rows=0, evaluated=0) [2s]
  [3873/5163] cnp=7276253 · NOT_FOUND (no_results, rows=0, evaluated=0) [2s]
  [3874/5163] cnp=7276402 · NOT_FOUND (no_results, rows=0, evaluated=0) [2s]
  [3875/5163] cnp=7276592 · NOT_FOUND (no_results, rows=0, evaluated=0) [2s]
  [3876/5163] cnp=7277608 · NOT_FOUND (no_results, rows=0, evaluated=0) [2s]
  [3877/5163] cnp=7277616 · NOT_FOUND (no_results, rows=0, evaluated=0) [2s]
  [3878/5163] cnp=7277772 · NOT_FOUND (no_results, rows=0, evaluated=0) [2s]
  [3879/5163] cnp=7278317 · NOT_FOUND (no_results, rows=0, evaluated=0) [2s]
    [session] rotation após 30 searches; cooldown 30000ms
  [3880/5163] cnp=7280826 · NOT_FOUND (no_results, rows=0, evaluated=0) [32s]
    [checkpoint] saved · 3880/5163 · rate=0.18/s · eta=121m06s
  [3881/5163] cnp=7280917 · NOT_FOUND (no_results, rows=0, evaluated=0) [2s]
  [3882/5163] cnp=7287011 · NOT_FOUND (no_results, rows=0, evaluated=0) [2s]
  [3883/5163] cnp=7287144 · NOT_FOUND (no_results, rows=0, evaluated=0) [2s]
  [3884/5163] cnp=7287151 · NOT_FOUND (no_results, rows=0, evaluated=0) [2s]
  [3885/5163] cnp=7287250 · NOT_FOUND (no_results, rows=0, evaluated=0) [2s]
  [3886/5163] cnp=7287961 · NOT_FOUND (no_results, rows=0, evaluated=0) [2s]
  [3887/5163] cnp=7287979 · NOT_FOUND (no_results, rows=0, evaluated=0) [2s]
  [3888/5163] cnp=7287995 · NOT_FOUND (no_results, rows=0, evaluated=0) [2s]
  [3889/5163] cnp=7288910 · NOT_FOUND (no_results, rows=0, evaluated=0) [2s]
  [3890/5163] cnp=7289686 · NOT_FOUND (no_results, rows=0, evaluated=0) [2s]
    [checkpoint] saved · 3890/5163 · rate=0.18/s · eta=120m03s
  [3891/5163] cnp=7289801 · NOT_FOUND (no_results, rows=0, evaluated=0) [2s]
  [3892/5163] cnp=7290668 · NOT_FOUND (no_results, rows=0, evaluated=0) [3s]
  [3893/5163] cnp=7290734 · NOT_FOUND (no_results, rows=0, evaluated=0) [2s]
  [3894/5163] cnp=7291286 · NOT_FOUND (no_results, rows=0, evaluated=0) [2s]
  [3895/5163] cnp=7291310 · NOT_FOUND (no_results, rows=0, evaluated=0) [2s]
  [3896/5163] cnp=7291401 · NOT_FOUND (no_results, rows=0, evaluated=0) [2s]
  [3897/5163] cnp=7291435 · NOT_FOUND (no_results, rows=0, evaluated=0) [2s]
  [3898/5163] cnp=7291492 · NOT_FOUND (no_results, rows=0, evaluated=0) [2s]
  [3899/5163] cnp=7291567 · NOT_FOUND (no_results, rows=0, evaluated=0) [2s]
  [3900/5163] cnp=7291575 · NOT_FOUND (no_results, rows=0, evaluated=0) [2s]
    [checkpoint] saved · 3900/5163 · rate=0.18/s · eta=119m01s
  [3901/5163] cnp=7291609 · NOT_FOUND (no_results, rows=0, evaluated=0) [2s]
  [3902/5163] cnp=7292334 · NOT_FOUND (no_results, rows=0, evaluated=0) [2s]
  [3903/5163] cnp=7292417 · NOT_FOUND (no_results, rows=0, evaluated=0) [2s]
  [3904/5163] cnp=7292615 · NOT_FOUND (no_results, rows=0, evaluated=0) [2s]
  [3905/5163] cnp=7292961 · NOT_FOUND (no_results, rows=0, evaluated=0) [2s]
  [3906/5163] cnp=7292979 · NOT_FOUND (no_results, rows=0, evaluated=0) [2s]
  [3907/5163] cnp=7294272 · NOT_FOUND (no_results, rows=0, evaluated=0) [2s]
  [3908/5163] cnp=7294280 · NOT_FOUND (no_results, rows=0, evaluated=0) [2s]
  [3909/5163] cnp=7294298 · NOT_FOUND (no_results, rows=0, evaluated=0) [2s]
    [session] rotation após 30 searches; cooldown 30000ms
  [3910/5163] cnp=7294397 · NOT_FOUND (no_results, rows=0, evaluated=0) [32s]
    [checkpoint] saved · 3910/5163 · rate=0.18/s · eta=118m07s
  [3911/5163] cnp=7294405 · NOT_FOUND (no_results, rows=0, evaluated=0) [2s]
  [3912/5163] cnp=7294595 · NOT_FOUND (no_results, rows=0, evaluated=0) [2s]
  [3913/5163] cnp=7295097 · NOT_FOUND (no_results, rows=0, evaluated=0) [2s]
  [3914/5163] cnp=7295386 · NOT_FOUND (no_results, rows=0, evaluated=0) [2s]
  [3915/5163] cnp=7295642 · NOT_FOUND (no_results, rows=0, evaluated=0) [2s]
  [3916/5163] cnp=7295683 · NOT_FOUND (no_results, rows=0, evaluated=0) [2s]
  [3917/5163] cnp=7296111 · NOT_FOUND (no_results, rows=0, evaluated=0) [2s]
  [3918/5163] cnp=7296525 · NOT_FOUND (no_results, rows=0, evaluated=0) [2s]
  [3919/5163] cnp=7296756 · NOT_FOUND (no_results, rows=0, evaluated=0) [2s]
  [3920/5163] cnp=7296855 · NOT_FOUND (no_results, rows=0, evaluated=0) [2s]
    [checkpoint] saved · 3920/5163 · rate=0.18/s · eta=117m04s
  [3921/5163] cnp=7297085 · NOT_FOUND (no_results, rows=0, evaluated=0) [2s]
  [3922/5163] cnp=7297267 · NOT_FOUND (no_results, rows=0, evaluated=0) [2s]
  [3923/5163] cnp=7297630 · NOT_FOUND (no_results, rows=0, evaluated=0) [2s]
  [3924/5163] cnp=7299065 · NOT_FOUND (no_results, rows=0, evaluated=0) [2s]
  [3925/5163] cnp=7300079 · NOT_FOUND (no_results, rows=0, evaluated=0) [2s]
  [3926/5163] cnp=7301945 · NOT_FOUND (no_results, rows=0, evaluated=0) [2s]
  [3927/5163] cnp=7301960 · NOT_FOUND (no_results, rows=0, evaluated=0) [2s]
  [3928/5163] cnp=7302265 · NOT_FOUND (no_results, rows=0, evaluated=0) [2s]
  [3929/5163] cnp=7303503 · NOT_FOUND (no_results, rows=0, evaluated=0) [2s]
  [3930/5163] cnp=7303511 · NOT_FOUND (no_results, rows=0, evaluated=0) [2s]
    [checkpoint] saved · 3930/5163 · rate=0.18/s · eta=116m01s
  [3931/5163] cnp=7304188 · NOT_FOUND (no_results, rows=0, evaluated=0) [2s]
  [3932/5163] cnp=7304741 · NOT_FOUND (no_results, rows=0, evaluated=0) [2s]
  [3933/5163] cnp=7305078 · NOT_FOUND (no_results, rows=0, evaluated=0) [2s]
  [3934/5163] cnp=7305987 · NOT_FOUND (no_results, rows=0, evaluated=0) [2s]
  [3935/5163] cnp=7306126 · NOT_FOUND (no_results, rows=0, evaluated=0) [2s]
  [3936/5163] cnp=7306449 · NOT_FOUND (no_results, rows=0, evaluated=0) [2s]
  [3937/5163] cnp=7306886 · NOT_FOUND (no_results, rows=0, evaluated=0) [2s]
  [3938/5163] cnp=7307124 · NOT_FOUND (no_results, rows=0, evaluated=0) [2s]
  [3939/5163] cnp=7307140 · NOT_FOUND (no_results, rows=0, evaluated=0) [2s]
    [session] rotation após 30 searches; cooldown 30000ms
  [3940/5163] cnp=7307157 · NOT_FOUND (no_results, rows=0, evaluated=0) [32s]
    [checkpoint] saved · 3940/5163 · rate=0.18/s · eta=115m08s
  [3941/5163] cnp=7307280 · NOT_FOUND (no_results, rows=0, evaluated=0) [2s]
  [3942/5163] cnp=7307348 · NOT_FOUND (no_results, rows=0, evaluated=0) [2s]
  [3943/5163] cnp=7307355 · NOT_FOUND (no_results, rows=0, evaluated=0) [2s]
  [3944/5163] cnp=7307710 · NOT_FOUND (no_results, rows=0, evaluated=0) [2s]
  [3945/5163] cnp=7307751 · NOT_FOUND (no_results, rows=0, evaluated=0) [2s]
  [3946/5163] cnp=7309021 · NOT_FOUND (no_results, rows=0, evaluated=0) [2s]
  [3947/5163] cnp=7309104 · NOT_FOUND (no_results, rows=0, evaluated=0) [2s]
  [3948/5163] cnp=7309187 · NOT_FOUND (no_results, rows=0, evaluated=0) [2s]
  [3949/5163] cnp=7309195 · NOT_FOUND (no_results, rows=0, evaluated=0) [2s]
  [3950/5163] cnp=7310060 · NOT_FOUND (no_results, rows=0, evaluated=0) [2s]
    [checkpoint] saved · 3950/5163 · rate=0.18/s · eta=114m05s
  [3951/5163] cnp=7310144 · NOT_FOUND (no_results, rows=0, evaluated=0) [2s]
  [3952/5163] cnp=7310177 · NOT_FOUND (no_results, rows=0, evaluated=0) [2s]
  [3953/5163] cnp=7311043 · NOT_FOUND (no_results, rows=0, evaluated=0) [2s]
  [3954/5163] cnp=7311159 · NOT_FOUND (no_results, rows=0, evaluated=0) [2s]
  [3955/5163] cnp=7312140 · NOT_FOUND (no_results, rows=0, evaluated=0) [2s]
  [3956/5163] cnp=7312934 · NOT_FOUND (no_results, rows=0, evaluated=0) [2s]
  [3957/5163] cnp=7314252 · NOT_FOUND (no_results, rows=0, evaluated=0) [2s]
  [3958/5163] cnp=7314294 · NOT_FOUND (no_results, rows=0, evaluated=0) [2s]
  [3959/5163] cnp=7314344 · NOT_FOUND (no_results, rows=0, evaluated=0) [2s]
  [3960/5163] cnp=7314377 · NOT_FOUND (no_results, rows=0, evaluated=0) [2s]
    [checkpoint] saved · 3960/5163 · rate=0.18/s · eta=113m02s
  [3961/5163] cnp=7314393 · NOT_FOUND (no_results, rows=0, evaluated=0) [2s]
  [3962/5163] cnp=7314799 · NOT_FOUND (no_results, rows=0, evaluated=0) [2s]
  [3963/5163] cnp=7318493 · NOT_FOUND (no_results, rows=0, evaluated=0) [2s]
  [3964/5163] cnp=7318527 · NOT_FOUND (no_results, rows=0, evaluated=0) [2s]
  [3965/5163] cnp=7318675 · NOT_FOUND (no_results, rows=0, evaluated=0) [2s]
  [3966/5163] cnp=7318782 · NOT_FOUND (no_results, rows=0, evaluated=0) [2s]
  [3967/5163] cnp=7319087 · NOT_FOUND (no_results, rows=0, evaluated=0) [2s]
  [3968/5163] cnp=7321828 · NOT_FOUND (no_results, rows=0, evaluated=0) [2s]
  [3969/5163] cnp=7321836 · NOT_FOUND (no_results, rows=0, evaluated=0) [2s]
    [session] rotation após 30 searches; cooldown 30000ms
  [3970/5163] cnp=7322669 · NOT_FOUND (no_results, rows=0, evaluated=0) [32s]
    [checkpoint] saved · 3970/5163 · rate=0.18/s · eta=112m09s
  [3971/5163] cnp=7322743 · NOT_FOUND (no_results, rows=0, evaluated=0) [2s]
  [3972/5163] cnp=7323360 · NOT_FOUND (no_results, rows=0, evaluated=0) [2s]
  [3973/5163] cnp=7323378 · NOT_FOUND (no_results, rows=0, evaluated=0) [2s]
  [3974/5163] cnp=7323386 · NOT_FOUND (no_results, rows=0, evaluated=0) [2s]
  [3975/5163] cnp=7330787 · NOT_FOUND (no_results, rows=0, evaluated=0) [2s]
  [3976/5163] cnp=7330795 · NOT_FOUND (no_results, rows=0, evaluated=0) [2s]
  [3977/5163] cnp=7330902 · NOT_FOUND (no_results, rows=0, evaluated=0) [2s]
  [3978/5163] cnp=7332841 · NOT_FOUND (no_results, rows=0, evaluated=0) [2s]
  [3979/5163] cnp=7340596 · NOT_FOUND (no_results, rows=0, evaluated=0) [2s]
  [3980/5163] cnp=7340844 · NOT_FOUND (no_results, rows=0, evaluated=0) [2s]
    [checkpoint] saved · 3980/5163 · rate=0.18/s · eta=111m06s
  [3981/5163] cnp=7341248 · NOT_FOUND (no_results, rows=0, evaluated=0) [2s]
  [3982/5163] cnp=7341255 · NOT_FOUND (no_results, rows=0, evaluated=0) [2s]
  [3983/5163] cnp=7341263 · NOT_FOUND (no_results, rows=0, evaluated=0) [2s]
  [3984/5163] cnp=7343988 · NOT_FOUND (no_results, rows=0, evaluated=0) [2s]
  [3985/5163] cnp=7345553 · NOT_FOUND (no_results, rows=0, evaluated=0) [2s]
  [3986/5163] cnp=7345579 · NOT_FOUND (no_results, rows=0, evaluated=0) [2s]
  [3987/5163] cnp=7345702 · NOT_FOUND (no_results, rows=0, evaluated=0) [2s]
  [3988/5163] cnp=7345827 · NOT_FOUND (no_results, rows=0, evaluated=0) [2s]
  [3989/5163] cnp=7345868 · NOT_FOUND (no_results, rows=0, evaluated=0) [2s]
  [3990/5163] cnp=7349159 · NOT_FOUND (no_results, rows=0, evaluated=0) [2s]
    [checkpoint] saved · 3990/5163 · rate=0.18/s · eta=110m04s
  [3991/5163] cnp=7350462 · NOT_FOUND (no_results, rows=0, evaluated=0) [2s]
  [3992/5163] cnp=7351007 · NOT_FOUND (no_results, rows=0, evaluated=0) [2s]
  [3993/5163] cnp=7351015 · NOT_FOUND (no_results, rows=0, evaluated=0) [2s]
  [3994/5163] cnp=7351460 · NOT_FOUND (no_results, rows=0, evaluated=0) [2s]
  [3995/5163] cnp=7352872 · NOT_FOUND (no_results, rows=0, evaluated=0) [2s]
  [3996/5163] cnp=7353052 · NOT_FOUND (no_results, rows=0, evaluated=0) [2s]
  [3997/5163] cnp=7353078 · NOT_FOUND (no_results, rows=0, evaluated=0) [2s]
  [3998/5163] cnp=7353482 · NOT_FOUND (no_results, rows=0, evaluated=0) [2s]
  [3999/5163] cnp=7353607 · NOT_FOUND (no_results, rows=0, evaluated=0) [2s]
    [session] rotation após 30 searches; cooldown 30000ms
  [4000/5163] cnp=7354084 · NOT_FOUND (no_results, rows=0, evaluated=0) [32s]
    [checkpoint] saved · 4000/5163 · rate=0.18/s · eta=109m10s
  [4001/5163] cnp=7354662 · NOT_FOUND (no_results, rows=0, evaluated=0) [2s]
  [4002/5163] cnp=7354720 · NOT_FOUND (no_results, rows=0, evaluated=0) [2s]
  [4003/5163] cnp=7354738 · NOT_FOUND (no_results, rows=0, evaluated=0) [2s]
  [4004/5163] cnp=7354787 · NOT_FOUND (no_results, rows=0, evaluated=0) [2s]
  [4005/5163] cnp=7355404 · NOT_FOUND (no_results, rows=0, evaluated=0) [2s]
  [4006/5163] cnp=7355842 · NOT_FOUND (no_results, rows=0, evaluated=0) [2s]
  [4007/5163] cnp=7355883 · NOT_FOUND (no_results, rows=0, evaluated=0) [2s]
  [4008/5163] cnp=7356360 · NOT_FOUND (no_results, rows=0, evaluated=0) [2s]
  [4009/5163] cnp=7356600 · NOT_FOUND (no_results, rows=0, evaluated=0) [2s]
  [4010/5163] cnp=7356782 · NOT_FOUND (no_results, rows=0, evaluated=0) [2s]
    [checkpoint] saved · 4010/5163 · rate=0.18/s · eta=108m08s
  [4011/5163] cnp=7356790 · NOT_FOUND (no_results, rows=0, evaluated=0) [2s]
  [4012/5163] cnp=7356808 · NOT_FOUND (no_results, rows=0, evaluated=0) [2s]
    [503] backoff 10000ms before retry 1/3 (cnp=7357483)
  [4013/5163] cnp=7357483 · NOT_FOUND (no_results, rows=0, evaluated=0) [13s]
  [4014/5163] cnp=7357608 · NOT_FOUND (no_results, rows=0, evaluated=0) [2s]
  [4015/5163] cnp=7357970 · NOT_FOUND (no_results, rows=0, evaluated=0) [2s]
  [4016/5163] cnp=7358002 · NOT_FOUND (no_results, rows=0, evaluated=0) [2s]
  [4017/5163] cnp=7358010 · NOT_FOUND (no_results, rows=0, evaluated=0) [2s]
  [4018/5163] cnp=7358408 · NOT_FOUND (no_results, rows=0, evaluated=0) [2s]
  [4019/5163] cnp=7358416 · NOT_FOUND (no_results, rows=0, evaluated=0) [2s]
  [4020/5163] cnp=7358655 · NOT_FOUND (no_results, rows=0, evaluated=0) [2s]
    [checkpoint] saved · 4020/5163 · rate=0.18/s · eta=107m10s
  [4021/5163] cnp=7359109 · NOT_FOUND (no_results, rows=0, evaluated=0) [2s]
  [4022/5163] cnp=7359901 · NOT_FOUND (no_results, rows=0, evaluated=0) [2s]
  [4023/5163] cnp=7360024 · NOT_FOUND (no_results, rows=0, evaluated=0) [2s]
  [4024/5163] cnp=7360693 · NOT_FOUND (no_results, rows=0, evaluated=0) [2s]
  [4025/5163] cnp=7360818 · NOT_FOUND (no_results, rows=0, evaluated=0) [2s]
  [4026/5163] cnp=7360891 · NOT_FOUND (no_results, rows=0, evaluated=0) [2s]
  [4027/5163] cnp=7361089 · NOT_FOUND (no_results, rows=0, evaluated=0) [2s]
  [4028/5163] cnp=7361436 · NOT_FOUND (no_results, rows=0, evaluated=0) [2s]
  [4029/5163] cnp=7361485 · NOT_FOUND (no_results, rows=0, evaluated=0) [2s]
  [4030/5163] cnp=7361543 · NOT_FOUND (no_results, rows=0, evaluated=0) [2s]
    [checkpoint] saved · 4030/5163 · rate=0.18/s · eta=106m08s
  [4031/5163] cnp=7361766 · NOT_FOUND (no_results, rows=0, evaluated=0) [2s]
  [4032/5163] cnp=7362343 · NOT_FOUND (no_results, rows=0, evaluated=0) [2s]
  [4033/5163] cnp=7363754 · NOT_FOUND (no_results, rows=0, evaluated=0) [2s]
  [4034/5163] cnp=7364695 · NOT_FOUND (no_results, rows=0, evaluated=0) [2s]
  [4035/5163] cnp=7364752 · NOT_FOUND (no_results, rows=0, evaluated=0) [2s]
  [4036/5163] cnp=7365445 · NOT_FOUND (no_results, rows=0, evaluated=0) [2s]
    [503] backoff 10000ms before retry 1/3 (cnp=7366104)
  [4037/5163] cnp=7366104 · NOT_FOUND (no_results, rows=0, evaluated=0) [13s]
  [4038/5163] cnp=7366161 · NOT_FOUND (no_results, rows=0, evaluated=0) [2s]
  [4039/5163] cnp=7366203 · NOT_FOUND (no_results, rows=0, evaluated=0) [2s]
  [4040/5163] cnp=7366328 · NOT_FOUND (no_results, rows=0, evaluated=0) [2s]
    [checkpoint] saved · 4040/5163 · rate=0.18/s · eta=105m09s
  [4041/5163] cnp=7366336 · NOT_FOUND (no_results, rows=0, evaluated=0) [2s]
  [4042/5163] cnp=7367284 · NOT_FOUND (no_results, rows=0, evaluated=0) [2s]
  [4043/5163] cnp=7367490 · NOT_FOUND (no_results, rows=0, evaluated=0) [2s]
  [4044/5163] cnp=7367748 · NOT_FOUND (no_results, rows=0, evaluated=0) [2s]
  [4045/5163] cnp=7367755 · NOT_FOUND (no_results, rows=0, evaluated=0) [2s]
  [4046/5163] cnp=7368142 · NOT_FOUND (no_results, rows=0, evaluated=0) [2s]
  [4047/5163] cnp=7368555 · NOT_FOUND (no_results, rows=0, evaluated=0) [2s]
  [4048/5163] cnp=7369504 · NOT_FOUND (no_results, rows=0, evaluated=0) [2s]
  [4049/5163] cnp=7370007 · NOT_FOUND (no_results, rows=0, evaluated=0) [2s]
  [4050/5163] cnp=7370015 · NOT_FOUND (no_results, rows=0, evaluated=0) [2s]
    [checkpoint] saved · 4050/5163 · rate=0.18/s · eta=104m08s
  [4051/5163] cnp=7370312 · NOT_FOUND (no_results, rows=0, evaluated=0) [2s]
  [4052/5163] cnp=7373142 · NOT_FOUND (no_results, rows=0, evaluated=0) [2s]
  [4053/5163] cnp=7373654 · NOT_FOUND (no_results, rows=0, evaluated=0) [2s]
  [4054/5163] cnp=7373803 · NOT_FOUND (no_results, rows=0, evaluated=0) [2s]
  [4055/5163] cnp=7373944 · NOT_FOUND (no_results, rows=0, evaluated=0) [2s]
  [4056/5163] cnp=7375063 · NOT_FOUND (no_results, rows=0, evaluated=0) [2s]
  [4057/5163] cnp=7375220 · NOT_FOUND (no_results, rows=0, evaluated=0) [2s]
  [4058/5163] cnp=7376012 · NOT_FOUND (no_results, rows=0, evaluated=0) [2s]
  [4059/5163] cnp=7376871 · NOT_FOUND (no_results, rows=0, evaluated=0) [2s]
  [4060/5163] cnp=7377150 · NOT_FOUND (no_results, rows=0, evaluated=0) [2s]
    [checkpoint] saved · 4060/5163 · rate=0.18/s · eta=103m06s
  [4061/5163] cnp=7377226 · NOT_FOUND (no_results, rows=0, evaluated=0) [2s]
  [4062/5163] cnp=7378497 · NOT_FOUND (no_results, rows=0, evaluated=0) [2s]
  [4063/5163] cnp=7379032 · NOT_FOUND (no_results, rows=0, evaluated=0) [2s]
  [4064/5163] cnp=7379586 · NOT_FOUND (no_results, rows=0, evaluated=0) [2s]
  [4065/5163] cnp=7379669 · NOT_FOUND (no_results, rows=0, evaluated=0) [2s]
  [4066/5163] cnp=7379784 · NOT_FOUND (no_results, rows=0, evaluated=0) [2s]
    [session] rotation após 30 searches; cooldown 30000ms
  [4067/5163] cnp=7380741 · NOT_FOUND (no_results, rows=0, evaluated=0) [32s]
  [4068/5163] cnp=7380980 · NOT_FOUND (no_results, rows=0, evaluated=0) [2s]
  [4069/5163] cnp=7382143 · NOT_FOUND (no_results, rows=0, evaluated=0) [2s]
  [4070/5163] cnp=7382929 · NOT_FOUND (no_results, rows=0, evaluated=0) [2s]
    [checkpoint] saved · 4070/5163 · rate=0.18/s · eta=102m13s
  [4071/5163] cnp=7382937 · NOT_FOUND (no_results, rows=0, evaluated=0) [2s]
  [4072/5163] cnp=7383414 · NOT_FOUND (no_results, rows=0, evaluated=0) [2s]
  [4073/5163] cnp=7383497 · NOT_FOUND (no_results, rows=0, evaluated=0) [2s]
  [4074/5163] cnp=7383794 · NOT_FOUND (no_results, rows=0, evaluated=0) [2s]
  [4075/5163] cnp=7384164 · NOT_FOUND (no_results, rows=0, evaluated=0) [2s]
  [4076/5163] cnp=7385179 · NOT_FOUND (no_results, rows=0, evaluated=0) [2s]
  [4077/5163] cnp=7385427 · NOT_FOUND (no_results, rows=0, evaluated=0) [2s]
  [4078/5163] cnp=7385849 · NOT_FOUND (no_results, rows=0, evaluated=0) [2s]
  [4079/5163] cnp=7386102 · NOT_FOUND (no_results, rows=0, evaluated=0) [2s]
  [4080/5163] cnp=7386110 · NOT_FOUND (no_results, rows=0, evaluated=0) [2s]
    [checkpoint] saved · 4080/5163 · rate=0.18/s · eta=101m11s
  [4081/5163] cnp=7386128 · NOT_FOUND (no_results, rows=0, evaluated=0) [2s]
  [4082/5163] cnp=7386136 · NOT_FOUND (no_results, rows=0, evaluated=0) [2s]
  [4083/5163] cnp=7386524 · NOT_FOUND (no_results, rows=0, evaluated=0) [2s]
  [4084/5163] cnp=7386623 · NOT_FOUND (no_results, rows=0, evaluated=0) [2s]
  [4085/5163] cnp=7386839 · NOT_FOUND (no_results, rows=0, evaluated=0) [2s]
  [4086/5163] cnp=7390302 · NOT_FOUND (no_results, rows=0, evaluated=0) [2s]
  [4087/5163] cnp=7390716 · NOT_FOUND (no_results, rows=0, evaluated=0) [2s]
  [4088/5163] cnp=7390807 · NOT_FOUND (no_results, rows=0, evaluated=0) [2s]
  [4089/5163] cnp=7391474 · NOT_FOUND (no_results, rows=0, evaluated=0) [2s]
  [4090/5163] cnp=7392712 · NOT_FOUND (no_results, rows=0, evaluated=0) [2s]
    [checkpoint] saved · 4090/5163 · rate=0.18/s · eta=100m10s
  [4091/5163] cnp=7393009 · NOT_FOUND (no_results, rows=0, evaluated=0) [2s]
  [4092/5163] cnp=7393082 · NOT_FOUND (no_results, rows=0, evaluated=0) [2s]
  [4093/5163] cnp=7393546 · NOT_FOUND (no_results, rows=0, evaluated=0) [2s]
  [4094/5163] cnp=7393611 · NOT_FOUND (no_results, rows=0, evaluated=0) [2s]
  [4095/5163] cnp=7393637 · NOT_FOUND (no_results, rows=0, evaluated=0) [2s]
  [4096/5163] cnp=7393702 · NOT_FOUND (no_results, rows=0, evaluated=0) [2s]
    [session] rotation após 30 searches; cooldown 30000ms
  [4097/5163] cnp=7394114 · NOT_FOUND (no_results, rows=0, evaluated=0) [32s]
  [4098/5163] cnp=7394817 · NOT_FOUND (no_results, rows=0, evaluated=0) [2s]
  [4099/5163] cnp=7394833 · NOT_FOUND (no_results, rows=0, evaluated=0) [2s]
  [4100/5163] cnp=7394841 · NOT_FOUND (no_results, rows=0, evaluated=0) [2s]
    [checkpoint] saved · 4100/5163 · rate=0.18/s · eta=99m16s
  [4101/5163] cnp=7394866 · NOT_FOUND (no_results, rows=0, evaluated=0) [2s]
  [4102/5163] cnp=7395129 · NOT_FOUND (no_results, rows=0, evaluated=0) [2s]
  [4103/5163] cnp=7395392 · NOT_FOUND (no_results, rows=0, evaluated=0) [2s]
  [4104/5163] cnp=7395517 · NOT_FOUND (no_results, rows=0, evaluated=0) [2s]
  [4105/5163] cnp=7396440 · NOT_FOUND (no_results, rows=0, evaluated=0) [2s]
  [4106/5163] cnp=7397083 · NOT_FOUND (no_results, rows=0, evaluated=0) [2s]
  [4107/5163] cnp=7397158 · NOT_FOUND (no_results, rows=0, evaluated=0) [2s]
  [4108/5163] cnp=7397976 · NOT_FOUND (no_results, rows=0, evaluated=0) [2s]
  [4109/5163] cnp=7397984 · NOT_FOUND (no_results, rows=0, evaluated=0) [2s]
  [4110/5163] cnp=7399410 · NOT_FOUND (no_results, rows=0, evaluated=0) [2s]
    [checkpoint] saved · 4110/5163 · rate=0.18/s · eta=98m15s
  [4111/5163] cnp=7399428 · NOT_FOUND (no_results, rows=0, evaluated=0) [2s]
  [4112/5163] cnp=7399469 · NOT_FOUND (no_results, rows=0, evaluated=0) [2s]
  [4113/5163] cnp=7399576 · NOT_FOUND (no_results, rows=0, evaluated=0) [2s]
  [4114/5163] cnp=7399584 · NOT_FOUND (no_results, rows=0, evaluated=0) [2s]
  [4115/5163] cnp=7399592 · NOT_FOUND (no_results, rows=0, evaluated=0) [2s]
  [4116/5163] cnp=7399824 · NOT_FOUND (no_results, rows=0, evaluated=0) [2s]
  [4117/5163] cnp=7401570 · NOT_FOUND (no_results, rows=0, evaluated=0) [2s]
  [4118/5163] cnp=7401588 · NOT_FOUND (no_results, rows=0, evaluated=0) [2s]
  [4119/5163] cnp=7401604 · NOT_FOUND (no_results, rows=0, evaluated=0) [2s]
  [4120/5163] cnp=7401612 · NOT_FOUND (no_results, rows=0, evaluated=0) [2s]
    [checkpoint] saved · 4120/5163 · rate=0.18/s · eta=97m14s
  [4121/5163] cnp=7402115 · NOT_FOUND (no_results, rows=0, evaluated=0) [2s]
  [4122/5163] cnp=7404327 · NOT_FOUND (no_results, rows=0, evaluated=0) [2s]
  [4123/5163] cnp=7404335 · NOT_FOUND (no_results, rows=0, evaluated=0) [2s]
  [4124/5163] cnp=7404863 · NOT_FOUND (no_results, rows=0, evaluated=0) [2s]
  [4125/5163] cnp=7405498 · NOT_FOUND (no_results, rows=0, evaluated=0) [2s]
  [4126/5163] cnp=7405621 · NOT_FOUND (no_results, rows=0, evaluated=0) [2s]
    [session] rotation após 30 searches; cooldown 30000ms
  [4127/5163] cnp=7405712 · NOT_FOUND (no_results, rows=0, evaluated=0) [32s]
  [4128/5163] cnp=7405720 · NOT_FOUND (no_results, rows=0, evaluated=0) [2s]
  [4129/5163] cnp=7405845 · NOT_FOUND (no_results, rows=0, evaluated=0) [2s]
  [4130/5163] cnp=7405886 · NOT_FOUND (no_results, rows=0, evaluated=0) [2s]
    [checkpoint] saved · 4130/5163 · rate=0.18/s · eta=96m21s
  [4131/5163] cnp=7406074 · NOT_FOUND (no_results, rows=0, evaluated=0) [2s]
  [4132/5163] cnp=7406652 · NOT_FOUND (no_results, rows=0, evaluated=0) [2s]
  [4133/5163] cnp=7408120 · NOT_FOUND (no_results, rows=0, evaluated=0) [2s]
  [4134/5163] cnp=7408161 · NOT_FOUND (no_results, rows=0, evaluated=0) [2s]
  [4135/5163] cnp=7408823 · NOT_FOUND (no_results, rows=0, evaluated=0) [2s]
  [4136/5163] cnp=7409037 · NOT_FOUND (no_results, rows=0, evaluated=0) [2s]
  [4137/5163] cnp=7409052 · NOT_FOUND (no_results, rows=0, evaluated=0) [2s]
  [4138/5163] cnp=7409482 · NOT_FOUND (no_results, rows=0, evaluated=0) [2s]
  [4139/5163] cnp=7409995 · NOT_FOUND (no_results, rows=0, evaluated=0) [2s]
  [4140/5163] cnp=7410027 · NOT_FOUND (no_results, rows=0, evaluated=0) [2s]
    [checkpoint] saved · 4140/5163 · rate=0.18/s · eta=95m20s
  [4141/5163] cnp=7410274 · NOT_FOUND (no_results, rows=0, evaluated=0) [2s]
  [4142/5163] cnp=7410704 · NOT_FOUND (no_results, rows=0, evaluated=0) [2s]
  [4143/5163] cnp=7410738 · NOT_FOUND (no_results, rows=0, evaluated=0) [2s]
  [4144/5163] cnp=7410795 · NOT_FOUND (no_results, rows=0, evaluated=0) [2s]
  [4145/5163] cnp=7410886 · NOT_FOUND (no_results, rows=0, evaluated=0) [2s]
  [4146/5163] cnp=7410894 · NOT_FOUND (no_results, rows=0, evaluated=0) [2s]
  [4147/5163] cnp=7411892 · NOT_FOUND (no_results, rows=0, evaluated=0) [2s]
  [4148/5163] cnp=7411967 · NOT_FOUND (no_results, rows=0, evaluated=0) [2s]
  [4149/5163] cnp=7412879 · NOT_FOUND (no_results, rows=0, evaluated=0) [2s]
  [4150/5163] cnp=7413203 · NOT_FOUND (no_results, rows=0, evaluated=0) [2s]
    [checkpoint] saved · 4150/5163 · rate=0.18/s · eta=94m20s
  [4151/5163] cnp=7414037 · NOT_FOUND (no_results, rows=0, evaluated=0) [2s]
  [4152/5163] cnp=7416156 · NOT_FOUND (no_results, rows=0, evaluated=0) [2s]
  [4153/5163] cnp=7417618 · NOT_FOUND (no_results, rows=0, evaluated=0) [2s]
  [4154/5163] cnp=7417790 · NOT_FOUND (no_results, rows=0, evaluated=0) [2s]
  [4155/5163] cnp=7417808 · NOT_FOUND (no_results, rows=0, evaluated=0) [2s]
  [4156/5163] cnp=7420059 · NOT_FOUND (no_results, rows=0, evaluated=0) [3s]
    [session] rotation após 30 searches; cooldown 30000ms
  [4157/5163] cnp=7420158 · NOT_FOUND (no_results, rows=0, evaluated=0) [32s]
  [4158/5163] cnp=7420315 · NOT_FOUND (no_results, rows=0, evaluated=0) [2s]
  [4159/5163] cnp=7421164 · NOT_FOUND (no_results, rows=0, evaluated=0) [2s]
  [4160/5163] cnp=7421172 · NOT_FOUND (no_results, rows=0, evaluated=0) [2s]
    [checkpoint] saved · 4160/5163 · rate=0.18/s · eta=93m27s
  [4161/5163] cnp=7421206 · NOT_FOUND (no_results, rows=0, evaluated=0) [2s]
  [4162/5163] cnp=7421552 · NOT_FOUND (no_results, rows=0, evaluated=0) [2s]
  [4163/5163] cnp=7421560 · NOT_FOUND (no_results, rows=0, evaluated=0) [2s]
  [4164/5163] cnp=7421578 · NOT_FOUND (no_results, rows=0, evaluated=0) [2s]
  [4165/5163] cnp=7422824 · NOT_FOUND (no_results, rows=0, evaluated=0) [2s]
  [4166/5163] cnp=7422832 · NOT_FOUND (no_results, rows=0, evaluated=0) [2s]
  [4167/5163] cnp=7424895 · NOT_FOUND (no_results, rows=0, evaluated=0) [2s]
  [4168/5163] cnp=7426478 · NOT_FOUND (no_results, rows=0, evaluated=0) [2s]
  [4169/5163] cnp=7426981 · NOT_FOUND (no_results, rows=0, evaluated=0) [2s]
  [4170/5163] cnp=7428169 · NOT_FOUND (no_results, rows=0, evaluated=0) [2s]
    [checkpoint] saved · 4170/5163 · rate=0.18/s · eta=92m26s
  [4171/5163] cnp=7428318 · NOT_FOUND (no_results, rows=0, evaluated=0) [2s]
  [4172/5163] cnp=7428995 · NOT_FOUND (no_results, rows=0, evaluated=0) [2s]
  [4173/5163] cnp=7429191 · NOT_FOUND (no_results, rows=0, evaluated=0) [2s]
  [4174/5163] cnp=7433516 · NOT_FOUND (no_results, rows=0, evaluated=0) [2s]
  [4175/5163] cnp=7433599 · NOT_FOUND (no_results, rows=0, evaluated=0) [2s]
  [4176/5163] cnp=7435016 · NOT_FOUND (no_results, rows=0, evaluated=0) [2s]
  [4177/5163] cnp=7435172 · NOT_FOUND (no_results, rows=0, evaluated=0) [2s]
  [4178/5163] cnp=7435453 · NOT_FOUND (no_results, rows=0, evaluated=0) [2s]
  [4179/5163] cnp=7435503 · NOT_FOUND (no_results, rows=0, evaluated=0) [2s]
  [4180/5163] cnp=7437939 · NOT_FOUND (no_results, rows=0, evaluated=0) [2s]
    [checkpoint] saved · 4180/5163 · rate=0.18/s · eta=91m26s
  [4181/5163] cnp=7438143 · NOT_FOUND (no_results, rows=0, evaluated=0) [2s]
  [4182/5163] cnp=7438374 · NOT_FOUND (no_results, rows=0, evaluated=0) [2s]
  [4183/5163] cnp=7439083 · NOT_FOUND (no_results, rows=0, evaluated=0) [2s]
  [4184/5163] cnp=7439471 · NOT_FOUND (no_results, rows=0, evaluated=0) [2s]
  [4185/5163] cnp=7439489 · NOT_FOUND (no_results, rows=0, evaluated=0) [2s]
  [4186/5163] cnp=7440263 · NOT_FOUND (no_results, rows=0, evaluated=0) [2s]
    [session] rotation após 30 searches; cooldown 30000ms
  [4187/5163] cnp=7440271 · NOT_FOUND (no_results, rows=0, evaluated=0) [32s]
  [4188/5163] cnp=7440289 · NOT_FOUND (no_results, rows=0, evaluated=0) [2s]
  [4189/5163] cnp=7444349 · NOT_FOUND (no_results, rows=0, evaluated=0) [2s]
  [4190/5163] cnp=7444463 · NOT_FOUND (no_results, rows=0, evaluated=0) [2s]
    [checkpoint] saved · 4190/5163 · rate=0.18/s · eta=90m32s
  [4191/5163] cnp=7444471 · NOT_FOUND (no_results, rows=0, evaluated=0) [2s]
  [4192/5163] cnp=7444489 · NOT_FOUND (no_results, rows=0, evaluated=0) [2s]
  [4193/5163] cnp=7446872 · NOT_FOUND (no_results, rows=0, evaluated=0) [2s]
    [503] backoff 10000ms before retry 1/3 (cnp=7447722)
  [4194/5163] cnp=7447722 · NOT_FOUND (no_results, rows=0, evaluated=0) [29s]
  [4195/5163] cnp=7447748 · NOT_FOUND (no_results, rows=0, evaluated=0) [2s]
  [4196/5163] cnp=7448001 · NOT_FOUND (no_results, rows=0, evaluated=0) [2s]
  [4197/5163] cnp=7448217 · NOT_FOUND (no_results, rows=0, evaluated=0) [2s]
  [4198/5163] cnp=7448233 · NOT_FOUND (no_results, rows=0, evaluated=0) [2s]
  [4199/5163] cnp=7448829 · NOT_FOUND (no_results, rows=0, evaluated=0) [2s]
  [4200/5163] cnp=7448985 · NOT_FOUND (no_results, rows=0, evaluated=0) [2s]
    [checkpoint] saved · 4200/5163 · rate=0.18/s · eta=89m38s
  [4201/5163] cnp=7449280 · NOT_FOUND (no_results, rows=0, evaluated=0) [2s]
  [4202/5163] cnp=7449298 · NOT_FOUND (no_results, rows=0, evaluated=0) [2s]
  [4203/5163] cnp=7451252 · NOT_FOUND (no_results, rows=0, evaluated=0) [2s]
  [4204/5163] cnp=7452706 · NOT_FOUND (no_results, rows=0, evaluated=0) [2s]
  [4205/5163] cnp=7452797 · NOT_FOUND (no_results, rows=0, evaluated=0) [2s]
  [4206/5163] cnp=7453068 · NOT_FOUND (no_results, rows=0, evaluated=0) [2s]
  [4207/5163] cnp=7453696 · NOT_FOUND (no_results, rows=0, evaluated=0) [2s]
  [4208/5163] cnp=7454199 · NOT_FOUND (no_results, rows=0, evaluated=0) [2s]
  [4209/5163] cnp=7454397 · NOT_FOUND (no_results, rows=0, evaluated=0) [2s]
  [4210/5163] cnp=7454520 · NOT_FOUND (no_results, rows=0, evaluated=0) [2s]
    [checkpoint] saved · 4210/5163 · rate=0.18/s · eta=88m39s
  [4211/5163] cnp=7456228 · NOT_FOUND (no_results, rows=0, evaluated=0) [2s]
  [4212/5163] cnp=7457036 · NOT_FOUND (no_results, rows=0, evaluated=0) [2s]
  [4213/5163] cnp=7457259 · NOT_FOUND (no_results, rows=0, evaluated=0) [2s]
  [4214/5163] cnp=7457614 · NOT_FOUND (no_results, rows=0, evaluated=0) [2s]
  [4215/5163] cnp=7457911 · NOT_FOUND (no_results, rows=0, evaluated=0) [2s]
  [4216/5163] cnp=7460337 · NOT_FOUND (no_results, rows=0, evaluated=0) [2s]
  [4217/5163] cnp=7461202 · NOT_FOUND (no_results, rows=0, evaluated=0) [2s]
  [4218/5163] cnp=7462374 · NOT_FOUND (no_results, rows=0, evaluated=0) [2s]
  [4219/5163] cnp=7462390 · NOT_FOUND (no_results, rows=0, evaluated=0) [2s]
  [4220/5163] cnp=7463414 · NOT_FOUND (no_results, rows=0, evaluated=0) [2s]
    [checkpoint] saved · 4220/5163 · rate=0.18/s · eta=87m39s
  [4221/5163] cnp=7463521 · NOT_FOUND (no_results, rows=0, evaluated=0) [2s]
  [4222/5163] cnp=7464644 · NOT_FOUND (no_results, rows=0, evaluated=0) [2s]
  [4223/5163] cnp=7464651 · NOT_FOUND (no_results, rows=0, evaluated=0) [2s]
    [session] rotation após 30 searches; cooldown 30000ms
  [4224/5163] cnp=7465526 · NOT_FOUND (no_results, rows=0, evaluated=0) [32s]
  [4225/5163] cnp=7466540 · NOT_FOUND (no_results, rows=0, evaluated=0) [2s]
  [4226/5163] cnp=7467126 · NOT_FOUND (no_results, rows=0, evaluated=0) [2s]
  [4227/5163] cnp=7467134 · NOT_FOUND (no_results, rows=0, evaluated=0) [2s]
  [4228/5163] cnp=7467142 · NOT_FOUND (no_results, rows=0, evaluated=0) [2s]
  [4229/5163] cnp=7467381 · NOT_FOUND (no_results, rows=0, evaluated=0) [2s]
  [4230/5163] cnp=7468496 · NOT_FOUND (no_results, rows=0, evaluated=0) [2s]
    [checkpoint] saved · 4230/5163 · rate=0.18/s · eta=86m45s
  [4231/5163] cnp=7468660 · NOT_FOUND (no_results, rows=0, evaluated=0) [2s]
  [4232/5163] cnp=7468728 · NOT_FOUND (no_results, rows=0, evaluated=0) [2s]
  [4233/5163] cnp=7468942 · NOT_FOUND (no_results, rows=0, evaluated=0) [2s]
  [4234/5163] cnp=7469478 · NOT_FOUND (no_results, rows=0, evaluated=0) [2s]
  [4235/5163] cnp=7471383 · NOT_FOUND (no_results, rows=0, evaluated=0) [2s]
  [4236/5163] cnp=7471417 · NOT_FOUND (no_results, rows=0, evaluated=0) [2s]
  [4237/5163] cnp=7471730 · NOT_FOUND (no_results, rows=0, evaluated=0) [2s]
  [4238/5163] cnp=7471748 · NOT_FOUND (no_results, rows=0, evaluated=0) [2s]
  [4239/5163] cnp=7471789 · NOT_FOUND (no_results, rows=0, evaluated=0) [2s]
  [4240/5163] cnp=7471896 · NOT_FOUND (no_results, rows=0, evaluated=0) [2s]
    [checkpoint] saved · 4240/5163 · rate=0.18/s · eta=85m45s
  [4241/5163] cnp=7471912 · NOT_FOUND (no_results, rows=0, evaluated=0) [2s]
  [4242/5163] cnp=7472050 · NOT_FOUND (no_results, rows=0, evaluated=0) [2s]
  [4243/5163] cnp=7472068 · NOT_FOUND (no_results, rows=0, evaluated=0) [2s]
  [4244/5163] cnp=7472076 · NOT_FOUND (no_results, rows=0, evaluated=0) [2s]
  [4245/5163] cnp=7472084 · NOT_FOUND (no_results, rows=0, evaluated=0) [2s]
  [4246/5163] cnp=7472092 · NOT_FOUND (no_results, rows=0, evaluated=0) [2s]
  [4247/5163] cnp=7472407 · NOT_FOUND (no_results, rows=0, evaluated=0) [2s]
  [4248/5163] cnp=7473843 · NOT_FOUND (no_results, rows=0, evaluated=0) [2s]
  [4249/5163] cnp=7474155 · NOT_FOUND (no_results, rows=0, evaluated=0) [2s]
  [4250/5163] cnp=7474411 · NOT_FOUND (no_results, rows=0, evaluated=0) [2s]
    [checkpoint] saved · 4250/5163 · rate=0.18/s · eta=84m45s
  [4251/5163] cnp=7475046 · NOT_FOUND (no_results, rows=0, evaluated=0) [2s]
  [4252/5163] cnp=7475558 · NOT_FOUND (no_results, rows=0, evaluated=0) [2s]
  [4253/5163] cnp=7476325 · NOT_FOUND (no_results, rows=0, evaluated=0) [2s]
    [session] rotation após 30 searches; cooldown 30000ms
  [4254/5163] cnp=7477877 · NOT_FOUND (no_results, rows=0, evaluated=0) [32s]
  [4255/5163] cnp=7477927 · NOT_FOUND (no_results, rows=0, evaluated=0) [2s]
  [4256/5163] cnp=7477943 · NOT_FOUND (no_results, rows=0, evaluated=0) [2s]
  [4257/5163] cnp=7478057 · NOT_FOUND (no_results, rows=0, evaluated=0) [2s]
  [4258/5163] cnp=7478107 · NOT_FOUND (no_results, rows=0, evaluated=0) [2s]
  [4259/5163] cnp=7478149 · NOT_FOUND (no_results, rows=0, evaluated=0) [2s]
  [4260/5163] cnp=7478321 · NOT_FOUND (no_results, rows=0, evaluated=0) [2s]
    [checkpoint] saved · 4260/5163 · rate=0.18/s · eta=83m51s
  [4261/5163] cnp=7478420 · NOT_FOUND (no_results, rows=0, evaluated=0) [2s]
  [4262/5163] cnp=7480400 · NOT_FOUND (no_results, rows=0, evaluated=0) [2s]
  [4263/5163] cnp=7481135 · NOT_FOUND (no_results, rows=0, evaluated=0) [2s]
  [4264/5163] cnp=7481572 · NOT_FOUND (no_results, rows=0, evaluated=0) [2s]
  [4265/5163] cnp=7481796 · NOT_FOUND (no_results, rows=0, evaluated=0) [2s]
  [4266/5163] cnp=7483180 · NOT_FOUND (no_results, rows=0, evaluated=0) [2s]
  [4267/5163] cnp=7483198 · NOT_FOUND (no_results, rows=0, evaluated=0) [2s]
  [4268/5163] cnp=7483206 · NOT_FOUND (no_results, rows=0, evaluated=0) [2s]
  [4269/5163] cnp=7483826 · NOT_FOUND (no_results, rows=0, evaluated=0) [2s]
  [4270/5163] cnp=7484923 · NOT_FOUND (no_results, rows=0, evaluated=0) [2s]
    [checkpoint] saved · 4270/5163 · rate=0.18/s · eta=82m52s
  [4271/5163] cnp=7491514 · NOT_FOUND (no_results, rows=0, evaluated=0) [2s]
  [4272/5163] cnp=7491902 · NOT_FOUND (no_results, rows=0, evaluated=0) [2s]
  [4273/5163] cnp=7493338 · NOT_FOUND (no_results, rows=0, evaluated=0) [2s]
  [4274/5163] cnp=7493940 · NOT_FOUND (no_results, rows=0, evaluated=0) [2s]
  [4275/5163] cnp=7494500 · NOT_FOUND (no_results, rows=0, evaluated=0) [2s]
  [4276/5163] cnp=7495135 · NOT_FOUND (no_results, rows=0, evaluated=0) [2s]
  [4277/5163] cnp=7495986 · NOT_FOUND (no_results, rows=0, evaluated=0) [2s]
  [4278/5163] cnp=7495994 · NOT_FOUND (no_results, rows=0, evaluated=0) [2s]
  [4279/5163] cnp=7496000 · NOT_FOUND (no_results, rows=0, evaluated=0) [2s]
  [4280/5163] cnp=7496018 · NOT_FOUND (no_results, rows=0, evaluated=0) [2s]
    [checkpoint] saved · 4280/5163 · rate=0.18/s · eta=81m52s
  [4281/5163] cnp=7496026 · NOT_FOUND (no_results, rows=0, evaluated=0) [2s]
  [4282/5163] cnp=7496042 · NOT_FOUND (no_results, rows=0, evaluated=0) [2s]
  [4283/5163] cnp=7496323 · NOT_FOUND (no_results, rows=0, evaluated=0) [2s]
    [session] rotation após 30 searches; cooldown 30000ms
  [4284/5163] cnp=7496596 · NOT_FOUND (no_results, rows=0, evaluated=0) [32s]
  [4285/5163] cnp=7496604 · NOT_FOUND (no_results, rows=0, evaluated=0) [2s]
  [4286/5163] cnp=7496612 · NOT_FOUND (no_results, rows=0, evaluated=0) [2s]
  [4287/5163] cnp=7497347 · NOT_FOUND (no_results, rows=0, evaluated=0) [2s]
  [4288/5163] cnp=7497404 · NOT_FOUND (no_results, rows=0, evaluated=0) [2s]
  [4289/5163] cnp=7497750 · NOT_FOUND (no_results, rows=0, evaluated=0) [2s]
  [4290/5163] cnp=7499376 · NOT_FOUND (no_results, rows=0, evaluated=0) [2s]
    [checkpoint] saved · 4290/5163 · rate=0.18/s · eta=80m58s
  [4291/5163] cnp=7499509 · NOT_FOUND (no_results, rows=0, evaluated=0) [2s]
  [4292/5163] cnp=7499665 · NOT_FOUND (no_results, rows=0, evaluated=0) [2s]
  [4293/5163] cnp=7499673 · NOT_FOUND (no_results, rows=0, evaluated=0) [2s]
  [4294/5163] cnp=7499681 · NOT_FOUND (no_results, rows=0, evaluated=0) [2s]
  [4295/5163] cnp=7499830 · NOT_FOUND (no_results, rows=0, evaluated=0) [2s]
  [4296/5163] cnp=7499921 · NOT_FOUND (no_results, rows=0, evaluated=0) [2s]
  [4297/5163] cnp=7500207 · NOT_FOUND (no_results, rows=0, evaluated=0) [2s]
  [4298/5163] cnp=7501346 · NOT_FOUND (no_results, rows=0, evaluated=0) [2s]
  [4299/5163] cnp=7501791 · NOT_FOUND (no_results, rows=0, evaluated=0) [2s]
  [4300/5163] cnp=7501858 · NOT_FOUND (no_results, rows=0, evaluated=0) [2s]
    [checkpoint] saved · 4300/5163 · rate=0.18/s · eta=79m59s
  [4301/5163] cnp=7501866 · NOT_FOUND (no_results, rows=0, evaluated=0) [2s]
  [4302/5163] cnp=7511816 · NOT_FOUND (no_results, rows=0, evaluated=0) [2s]
  [4303/5163] cnp=7518050 · NOT_FOUND (no_results, rows=0, evaluated=0) [2s]
  [4304/5163] cnp=7520676 · NOT_FOUND (no_results, rows=0, evaluated=0) [2s]
  [4305/5163] cnp=7520916 · NOT_FOUND (no_results, rows=0, evaluated=0) [2s]
  [4306/5163] cnp=7521542 · NOT_FOUND (no_results, rows=0, evaluated=0) [2s]
  [4307/5163] cnp=7521872 · NOT_FOUND (no_results, rows=0, evaluated=0) [2s]
  [4308/5163] cnp=7521880 · NOT_FOUND (no_results, rows=0, evaluated=0) [2s]
  [4309/5163] cnp=7522805 · NOT_FOUND (no_results, rows=0, evaluated=0) [2s]
  [4310/5163] cnp=7522821 · NOT_FOUND (no_results, rows=0, evaluated=0) [2s]
    [checkpoint] saved · 4310/5163 · rate=0.18/s · eta=79m00s
  [4311/5163] cnp=7522854 · NOT_FOUND (no_results, rows=0, evaluated=0) [2s]
  [4312/5163] cnp=7523043 · NOT_FOUND (no_results, rows=0, evaluated=0) [2s]
  [4313/5163] cnp=7523050 · NOT_FOUND (no_results, rows=0, evaluated=0) [2s]
    [session] rotation após 30 searches; cooldown 30000ms
  [4314/5163] cnp=7523068 · NOT_FOUND (no_results, rows=0, evaluated=0) [32s]
  [4315/5163] cnp=7523167 · NOT_FOUND (no_results, rows=0, evaluated=0) [2s]
  [4316/5163] cnp=7523316 · NOT_FOUND (no_results, rows=0, evaluated=0) [2s]
    [503] backoff 10000ms before retry 1/3 (cnp=7523324)
    [503] backoff 30000ms before retry 2/3 (cnp=7523324)
  [4317/5163] cnp=7523324 · NOT_FOUND (no_results, rows=0, evaluated=0) [43s]
  [4318/5163] cnp=7523332 · NOT_FOUND (no_results, rows=0, evaluated=0) [2s]
  [4319/5163] cnp=7523811 · NOT_FOUND (no_results, rows=0, evaluated=0) [2s]
  [4320/5163] cnp=7523829 · NOT_FOUND (no_results, rows=0, evaluated=0) [2s]
    [checkpoint] saved · 4320/5163 · rate=0.18/s · eta=78m14s
  [4321/5163] cnp=7523837 · NOT_FOUND (no_results, rows=0, evaluated=0) [2s]
  [4322/5163] cnp=7524660 · NOT_FOUND (no_results, rows=0, evaluated=0) [2s]
  [4323/5163] cnp=7524678 · NOT_FOUND (no_results, rows=0, evaluated=0) [2s]
  [4324/5163] cnp=7525188 · NOT_FOUND (no_results, rows=0, evaluated=0) [2s]
  [4325/5163] cnp=7525287 · NOT_FOUND (no_results, rows=0, evaluated=0) [2s]
  [4326/5163] cnp=7526756 · NOT_FOUND (no_results, rows=0, evaluated=0) [2s]
  [4327/5163] cnp=7527317 · NOT_FOUND (no_results, rows=0, evaluated=0) [2s]
  [4328/5163] cnp=7527333 · NOT_FOUND (no_results, rows=0, evaluated=0) [2s]
  [4329/5163] cnp=7527341 · NOT_FOUND (no_results, rows=0, evaluated=0) [2s]
  [4330/5163] cnp=7528125 · NOT_FOUND (no_results, rows=0, evaluated=0) [2s]
    [checkpoint] saved · 4330/5163 · rate=0.18/s · eta=77m15s
  [4331/5163] cnp=7528281 · NOT_FOUND (no_results, rows=0, evaluated=0) [2s]
  [4332/5163] cnp=7528323 · NOT_FOUND (no_results, rows=0, evaluated=0) [2s]
  [4333/5163] cnp=7528810 · NOT_FOUND (no_results, rows=0, evaluated=0) [2s]
  [4334/5163] cnp=7528828 · NOT_FOUND (no_results, rows=0, evaluated=0) [2s]
  [4335/5163] cnp=7528836 · NOT_FOUND (no_results, rows=0, evaluated=0) [2s]
  [4336/5163] cnp=7528844 · NOT_FOUND (no_results, rows=0, evaluated=0) [2s]
  [4337/5163] cnp=7529289 · NOT_FOUND (no_results, rows=0, evaluated=0) [2s]
  [4338/5163] cnp=7529529 · NOT_FOUND (no_results, rows=0, evaluated=0) [2s]
  [4339/5163] cnp=7530014 · NOT_FOUND (no_results, rows=0, evaluated=0) [2s]
  [4340/5163] cnp=7530253 · NOT_FOUND (no_results, rows=0, evaluated=0) [2s]
    [checkpoint] saved · 4340/5163 · rate=0.18/s · eta=76m15s
  [4341/5163] cnp=7530279 · NOT_FOUND (no_results, rows=0, evaluated=0) [2s]
  [4342/5163] cnp=7530337 · NOT_FOUND (no_results, rows=0, evaluated=0) [2s]
  [4343/5163] cnp=7530386 · NOT_FOUND (no_results, rows=0, evaluated=0) [2s]
  [4344/5163] cnp=7530469 · NOT_FOUND (no_results, rows=0, evaluated=0) [2s]
  [4345/5163] cnp=7530907 · NOT_FOUND (no_results, rows=0, evaluated=0) [2s]
  [4346/5163] cnp=7531087 · NOT_FOUND (no_results, rows=0, evaluated=0) [2s]
    [session] rotation após 30 searches; cooldown 30000ms
  [4347/5163] cnp=7531095 · NOT_FOUND (no_results, rows=0, evaluated=0) [32s]
  [4348/5163] cnp=7531103 · NOT_FOUND (no_results, rows=0, evaluated=0) [2s]
  [4349/5163] cnp=7531665 · NOT_FOUND (no_results, rows=0, evaluated=0) [2s]
  [4350/5163] cnp=7531723 · NOT_FOUND (no_results, rows=0, evaluated=0) [2s]
    [checkpoint] saved · 4350/5163 · rate=0.18/s · eta=75m22s
  [4351/5163] cnp=7531749 · NOT_FOUND (no_results, rows=0, evaluated=0) [2s]
  [4352/5163] cnp=7531756 · NOT_FOUND (no_results, rows=0, evaluated=0) [2s]
  [4353/5163] cnp=7531954 · NOT_FOUND (no_results, rows=0, evaluated=0) [2s]
  [4354/5163] cnp=7532838 · NOT_FOUND (no_results, rows=0, evaluated=0) [2s]
  [4355/5163] cnp=7532887 · NOT_FOUND (no_results, rows=0, evaluated=0) [2s]
  [4356/5163] cnp=7535724 · NOT_FOUND (no_results, rows=0, evaluated=0) [2s]
  [4357/5163] cnp=7535831 · NOT_FOUND (no_results, rows=0, evaluated=0) [2s]
  [4358/5163] cnp=7535849 · NOT_FOUND (no_results, rows=0, evaluated=0) [2s]
  [4359/5163] cnp=7536383 · NOT_FOUND (no_results, rows=0, evaluated=0) [2s]
  [4360/5163] cnp=7536839 · NOT_FOUND (no_results, rows=0, evaluated=0) [2s]
    [checkpoint] saved · 4360/5163 · rate=0.18/s · eta=74m22s
  [4361/5163] cnp=7536847 · NOT_FOUND (no_results, rows=0, evaluated=0) [2s]
  [4362/5163] cnp=7536987 · NOT_FOUND (no_results, rows=0, evaluated=0) [2s]
  [4363/5163] cnp=7536995 · NOT_FOUND (no_results, rows=0, evaluated=0) [2s]
  [4364/5163] cnp=7537027 · NOT_FOUND (no_results, rows=0, evaluated=0) [2s]
  [4365/5163] cnp=7537233 · NOT_FOUND (no_results, rows=0, evaluated=0) [2s]
  [4366/5163] cnp=7537449 · NOT_FOUND (no_results, rows=0, evaluated=0) [2s]
  [4367/5163] cnp=7537696 · NOT_FOUND (no_results, rows=0, evaluated=0) [2s]
  [4368/5163] cnp=7537712 · NOT_FOUND (no_results, rows=0, evaluated=0) [2s]
  [4369/5163] cnp=7537753 · NOT_FOUND (no_results, rows=0, evaluated=0) [2s]
  [4370/5163] cnp=7537779 · NOT_FOUND (no_results, rows=0, evaluated=0) [2s]
    [checkpoint] saved · 4370/5163 · rate=0.18/s · eta=73m23s
  [4371/5163] cnp=7538579 · NOT_FOUND (no_results, rows=0, evaluated=0) [2s]
  [4372/5163] cnp=7538645 · NOT_FOUND (no_results, rows=0, evaluated=0) [2s]
  [4373/5163] cnp=7538652 · NOT_FOUND (no_results, rows=0, evaluated=0) [2s]
  [4374/5163] cnp=7538736 · NOT_FOUND (no_results, rows=0, evaluated=0) [2s]
  [4375/5163] cnp=7539593 · NOT_FOUND (no_results, rows=0, evaluated=0) [2s]
  [4376/5163] cnp=7539619 · NOT_FOUND (no_results, rows=0, evaluated=0) [2s]
    [session] rotation após 30 searches; cooldown 30000ms
  [4377/5163] cnp=7539692 · NOT_FOUND (no_results, rows=0, evaluated=0) [32s]
  [4378/5163] cnp=7540906 · NOT_FOUND (no_results, rows=0, evaluated=0) [2s]
  [4379/5163] cnp=7541326 · NOT_FOUND (no_results, rows=0, evaluated=0) [2s]
  [4380/5163] cnp=7541342 · NOT_FOUND (no_results, rows=0, evaluated=0) [2s]
    [checkpoint] saved · 4380/5163 · rate=0.18/s · eta=72m30s
  [4381/5163] cnp=7541367 · NOT_FOUND (no_results, rows=0, evaluated=0) [2s]
  [4382/5163] cnp=7541508 · NOT_FOUND (no_results, rows=0, evaluated=0) [2s]
  [4383/5163] cnp=7541516 · NOT_FOUND (no_results, rows=0, evaluated=0) [2s]
  [4384/5163] cnp=7541524 · NOT_FOUND (no_results, rows=0, evaluated=0) [2s]
  [4385/5163] cnp=7541532 · NOT_FOUND (no_results, rows=0, evaluated=0) [2s]
  [4386/5163] cnp=7541540 · NOT_FOUND (no_results, rows=0, evaluated=0) [2s]
  [4387/5163] cnp=7541557 · NOT_FOUND (no_results, rows=0, evaluated=0) [2s]
  [4388/5163] cnp=7541565 · NOT_FOUND (no_results, rows=0, evaluated=0) [2s]
  [4389/5163] cnp=7541573 · NOT_FOUND (no_results, rows=0, evaluated=0) [2s]
  [4390/5163] cnp=7541581 · NOT_FOUND (no_results, rows=0, evaluated=0) [2s]
    [checkpoint] saved · 4390/5163 · rate=0.18/s · eta=71m31s
  [4391/5163] cnp=7542290 · NOT_FOUND (no_results, rows=0, evaluated=0) [2s]
  [4392/5163] cnp=7542647 · NOT_FOUND (no_results, rows=0, evaluated=0) [2s]
  [4393/5163] cnp=7542654 · NOT_FOUND (no_results, rows=0, evaluated=0) [2s]
  [4394/5163] cnp=7542662 · NOT_FOUND (no_results, rows=0, evaluated=0) [2s]
  [4395/5163] cnp=7542779 · NOT_FOUND (no_results, rows=0, evaluated=0) [2s]
  [4396/5163] cnp=7542787 · NOT_FOUND (no_results, rows=0, evaluated=0) [2s]
  [4397/5163] cnp=7542795 · NOT_FOUND (no_results, rows=0, evaluated=0) [2s]
  [4398/5163] cnp=7542803 · NOT_FOUND (no_results, rows=0, evaluated=0) [2s]
  [4399/5163] cnp=7543942 · NOT_FOUND (no_results, rows=0, evaluated=0) [2s]
  [4400/5163] cnp=7543983 · NOT_FOUND (no_results, rows=0, evaluated=0) [2s]
    [checkpoint] saved · 4400/5163 · rate=0.18/s · eta=70m32s
  [4401/5163] cnp=7544163 · NOT_FOUND (no_results, rows=0, evaluated=0) [2s]
  [4402/5163] cnp=7545053 · NOT_FOUND (no_results, rows=0, evaluated=0) [2s]
  [4403/5163] cnp=7545061 · NOT_FOUND (no_results, rows=0, evaluated=0) [2s]
  [4404/5163] cnp=7545228 · NOT_FOUND (no_results, rows=0, evaluated=0) [2s]
  [4405/5163] cnp=7545491 · NOT_FOUND (no_results, rows=0, evaluated=0) [2s]
  [4406/5163] cnp=7545889 · NOT_FOUND (no_results, rows=0, evaluated=0) [3s]
    [session] rotation após 30 searches; cooldown 30000ms
  [4407/5163] cnp=7545897 · NOT_FOUND (no_results, rows=0, evaluated=0) [32s]
  [4408/5163] cnp=7545939 · NOT_FOUND (no_results, rows=0, evaluated=0) [2s]
  [4409/5163] cnp=7545947 · NOT_FOUND (no_results, rows=0, evaluated=0) [2s]
  [4410/5163] cnp=7547042 · NOT_FOUND (no_results, rows=0, evaluated=0) [2s]
    [checkpoint] saved · 4410/5163 · rate=0.18/s · eta=69m38s
  [4411/5163] cnp=7547059 · NOT_FOUND (no_results, rows=0, evaluated=0) [2s]
  [4412/5163] cnp=7548529 · NOT_FOUND (no_results, rows=0, evaluated=0) [2s]
  [4413/5163] cnp=7548537 · NOT_FOUND (no_results, rows=0, evaluated=0) [2s]
  [4414/5163] cnp=7548545 · NOT_FOUND (no_results, rows=0, evaluated=0) [2s]
  [4415/5163] cnp=7548552 · NOT_FOUND (no_results, rows=0, evaluated=0) [2s]
  [4416/5163] cnp=7548560 · NOT_FOUND (no_results, rows=0, evaluated=0) [2s]
  [4417/5163] cnp=7548974 · NOT_FOUND (no_results, rows=0, evaluated=0) [2s]
  [4418/5163] cnp=7549568 · NOT_FOUND (no_results, rows=0, evaluated=0) [2s]
  [4419/5163] cnp=7550327 · NOT_FOUND (no_results, rows=0, evaluated=0) [2s]
  [4420/5163] cnp=7550335 · NOT_FOUND (no_results, rows=0, evaluated=0) [2s]
    [checkpoint] saved · 4420/5163 · rate=0.18/s · eta=68m39s
  [4421/5163] cnp=7550384 · NOT_FOUND (no_results, rows=0, evaluated=0) [2s]
  [4422/5163] cnp=7551655 · NOT_FOUND (no_results, rows=0, evaluated=0) [2s]
  [4423/5163] cnp=7551663 · NOT_FOUND (no_results, rows=0, evaluated=0) [2s]
  [4424/5163] cnp=7552042 · NOT_FOUND (no_results, rows=0, evaluated=0) [2s]
  [4425/5163] cnp=7552968 · NOT_FOUND (no_results, rows=0, evaluated=0) [2s]
  [4426/5163] cnp=7552992 · NOT_FOUND (no_results, rows=0, evaluated=0) [2s]
  [4427/5163] cnp=7553560 · NOT_FOUND (no_results, rows=0, evaluated=0) [2s]
  [4428/5163] cnp=7553636 · NOT_FOUND (no_results, rows=0, evaluated=0) [2s]
  [4429/5163] cnp=7553826 · NOT_FOUND (no_results, rows=0, evaluated=0) [2s]
  [4430/5163] cnp=7553842 · NOT_FOUND (no_results, rows=0, evaluated=0) [2s]
    [checkpoint] saved · 4430/5163 · rate=0.18/s · eta=67m41s
  [4431/5163] cnp=7553859 · NOT_FOUND (no_results, rows=0, evaluated=0) [2s]
  [4432/5163] cnp=7553933 · NOT_FOUND (no_results, rows=0, evaluated=0) [2s]
  [4433/5163] cnp=7554329 · NOT_FOUND (no_results, rows=0, evaluated=0) [2s]
  [4434/5163] cnp=7555250 · NOT_FOUND (no_results, rows=0, evaluated=0) [2s]
  [4435/5163] cnp=7555276 · NOT_FOUND (no_results, rows=0, evaluated=0) [2s]
  [4436/5163] cnp=7555425 · NOT_FOUND (no_results, rows=0, evaluated=0) [2s]
    [session] rotation após 30 searches; cooldown 30000ms
  [4437/5163] cnp=7555912 · NOT_FOUND (no_results, rows=0, evaluated=0) [32s]
  [4438/5163] cnp=7558601 · NOT_FOUND (no_results, rows=0, evaluated=0) [2s]
  [4439/5163] cnp=7558759 · NOT_FOUND (no_results, rows=0, evaluated=0) [2s]
  [4440/5163] cnp=7559047 · NOT_FOUND (no_results, rows=0, evaluated=0) [2s]
    [checkpoint] saved · 4440/5163 · rate=0.18/s · eta=66m47s
  [4441/5163] cnp=7559229 · NOT_FOUND (no_results, rows=0, evaluated=0) [2s]
  [4442/5163] cnp=7559286 · NOT_FOUND (no_results, rows=0, evaluated=0) [2s]
  [4443/5163] cnp=7559294 · NOT_FOUND (no_results, rows=0, evaluated=0) [2s]
  [4444/5163] cnp=7559302 · NOT_FOUND (no_results, rows=0, evaluated=0) [2s]
  [4445/5163] cnp=7559328 · NOT_FOUND (no_results, rows=0, evaluated=0) [2s]
  [4446/5163] cnp=7559344 · NOT_FOUND (no_results, rows=0, evaluated=0) [2s]
  [4447/5163] cnp=7559674 · NOT_FOUND (no_results, rows=0, evaluated=0) [2s]
  [4448/5163] cnp=7559682 · NOT_FOUND (no_results, rows=0, evaluated=0) [2s]
  [4449/5163] cnp=7559690 · NOT_FOUND (no_results, rows=0, evaluated=0) [2s]
  [4450/5163] cnp=7559708 · NOT_FOUND (no_results, rows=0, evaluated=0) [2s]
    [checkpoint] saved · 4450/5163 · rate=0.18/s · eta=65m49s
  [4451/5163] cnp=7560870 · NOT_FOUND (no_results, rows=0, evaluated=0) [2s]
  [4452/5163] cnp=7561266 · NOT_FOUND (no_results, rows=0, evaluated=0) [2s]
  [4453/5163] cnp=7562181 · NOT_FOUND (no_results, rows=0, evaluated=0) [2s]
  [4454/5163] cnp=7562918 · NOT_FOUND (no_results, rows=0, evaluated=0) [2s]
  [4455/5163] cnp=7562926 · NOT_FOUND (no_results, rows=0, evaluated=0) [2s]
  [4456/5163] cnp=7562934 · NOT_FOUND (no_results, rows=0, evaluated=0) [2s]
  [4457/5163] cnp=7562942 · NOT_FOUND (no_results, rows=0, evaluated=0) [2s]
  [4458/5163] cnp=7562959 · NOT_FOUND (no_results, rows=0, evaluated=0) [2s]
  [4459/5163] cnp=7563759 · NOT_FOUND (no_results, rows=0, evaluated=0) [2s]
  [4460/5163] cnp=7564039 · NOT_FOUND (no_results, rows=0, evaluated=0) [2s]
    [checkpoint] saved · 4460/5163 · rate=0.18/s · eta=64m50s
  [4461/5163] cnp=7564377 · NOT_FOUND (no_results, rows=0, evaluated=0) [2s]
  [4462/5163] cnp=7572156 · NOT_FOUND (no_results, rows=0, evaluated=0) [2s]
  [4463/5163] cnp=7572198 · NOT_FOUND (no_results, rows=0, evaluated=0) [2s]
  [4464/5163] cnp=7572206 · NOT_FOUND (no_results, rows=0, evaluated=0) [2s]
  [4465/5163] cnp=7572214 · NOT_FOUND (no_results, rows=0, evaluated=0) [2s]
  [4466/5163] cnp=7572545 · NOT_FOUND (no_results, rows=0, evaluated=0) [2s]
    [session] rotation após 30 searches; cooldown 30000ms
  [4467/5163] cnp=7572685 · NOT_FOUND (no_results, rows=0, evaluated=0) [32s]
  [4468/5163] cnp=7574350 · NOT_FOUND (no_results, rows=0, evaluated=0) [2s]
  [4469/5163] cnp=7575043 · NOT_FOUND (no_results, rows=0, evaluated=0) [2s]
  [4470/5163] cnp=7575084 · NOT_FOUND (no_results, rows=0, evaluated=0) [2s]
    [checkpoint] saved · 4470/5163 · rate=0.18/s · eta=63m57s
  [4471/5163] cnp=7575332 · NOT_FOUND (no_results, rows=0, evaluated=0) [2s]
  [4472/5163] cnp=7575381 · NOT_FOUND (no_results, rows=0, evaluated=0) [2s]
  [4473/5163] cnp=7575456 · NOT_FOUND (no_results, rows=0, evaluated=0) [2s]
  [4474/5163] cnp=7575720 · NOT_FOUND (no_results, rows=0, evaluated=0) [2s]
  [4475/5163] cnp=7577478 · NOT_FOUND (no_results, rows=0, evaluated=0) [2s]
  [4476/5163] cnp=7577486 · NOT_FOUND (no_results, rows=0, evaluated=0) [2s]
  [4477/5163] cnp=7577494 · NOT_FOUND (no_results, rows=0, evaluated=0) [2s]
  [4478/5163] cnp=7577502 · NOT_FOUND (no_results, rows=0, evaluated=0) [2s]
  [4479/5163] cnp=7577510 · NOT_FOUND (no_results, rows=0, evaluated=0) [2s]
  [4480/5163] cnp=7577528 · NOT_FOUND (no_results, rows=0, evaluated=0) [2s]
    [checkpoint] saved · 4480/5163 · rate=0.18/s · eta=62m58s
  [4481/5163] cnp=7577536 · NOT_FOUND (no_results, rows=0, evaluated=0) [2s]
  [4482/5163] cnp=7577544 · NOT_FOUND (no_results, rows=0, evaluated=0) [2s]
  [4483/5163] cnp=7578666 · NOT_FOUND (no_results, rows=0, evaluated=0) [2s]
  [4484/5163] cnp=7578898 · NOT_FOUND (no_results, rows=0, evaluated=0) [2s]
  [4485/5163] cnp=7578930 · NOT_FOUND (no_results, rows=0, evaluated=0) [2s]
  [4486/5163] cnp=7578948 · NOT_FOUND (no_results, rows=0, evaluated=0) [2s]
  [4487/5163] cnp=7578955 · NOT_FOUND (no_results, rows=0, evaluated=0) [2s]
  [4488/5163] cnp=7578963 · NOT_FOUND (no_results, rows=0, evaluated=0) [2s]
  [4489/5163] cnp=7578971 · NOT_FOUND (no_results, rows=0, evaluated=0) [2s]
  [4490/5163] cnp=7580084 · NOT_FOUND (no_results, rows=0, evaluated=0) [2s]
    [checkpoint] saved · 4490/5163 · rate=0.18/s · eta=62m00s
  [4491/5163] cnp=7581389 · NOT_FOUND (no_results, rows=0, evaluated=0) [2s]
  [4492/5163] cnp=7583914 · NOT_FOUND (no_results, rows=0, evaluated=0) [2s]
  [4493/5163] cnp=7584789 · NOT_FOUND (no_results, rows=0, evaluated=0) [2s]
  [4494/5163] cnp=7584821 · NOT_FOUND (no_results, rows=0, evaluated=0) [2s]
  [4495/5163] cnp=7586875 · NOT_FOUND (no_results, rows=0, evaluated=0) [2s]
  [4496/5163] cnp=7586883 · NOT_FOUND (no_results, rows=0, evaluated=0) [2s]
    [session] rotation após 30 searches; cooldown 30000ms
  [4497/5163] cnp=7586966 · NOT_FOUND (no_results, rows=0, evaluated=0) [32s]
  [4498/5163] cnp=7586974 · NOT_FOUND (no_results, rows=0, evaluated=0) [2s]
  [4499/5163] cnp=7586982 · NOT_FOUND (no_results, rows=0, evaluated=0) [2s]
  [4500/5163] cnp=7587634 · NOT_FOUND (no_results, rows=0, evaluated=0) [2s]
    [checkpoint] saved · 4500/5163 · rate=0.18/s · eta=61m06s
  [4501/5163] cnp=7588160 · NOT_FOUND (no_results, rows=0, evaluated=0) [2s]
  [4502/5163] cnp=7588822 · NOT_FOUND (no_results, rows=0, evaluated=0) [2s]
  [4503/5163] cnp=7589952 · NOT_FOUND (no_results, rows=0, evaluated=0) [2s]
  [4504/5163] cnp=7594986 · NOT_FOUND (no_results, rows=0, evaluated=0) [2s]
  [4505/5163] cnp=7595561 · NOT_FOUND (no_results, rows=0, evaluated=0) [2s]
  [4506/5163] cnp=7595579 · NOT_FOUND (no_results, rows=0, evaluated=0) [2s]
  [4507/5163] cnp=7595587 · NOT_FOUND (no_results, rows=0, evaluated=0) [2s]
  [4508/5163] cnp=7597260 · NOT_FOUND (no_results, rows=0, evaluated=0) [2s]
  [4509/5163] cnp=7597302 · NOT_FOUND (no_results, rows=0, evaluated=0) [2s]
  [4510/5163] cnp=7597344 · NOT_FOUND (no_results, rows=0, evaluated=0) [2s]
    [checkpoint] saved · 4510/5163 · rate=0.18/s · eta=60m08s
  [4511/5163] cnp=7599512 · NOT_FOUND (no_results, rows=0, evaluated=0) [2s]
  [4512/5163] cnp=7602821 · NOT_FOUND (no_results, rows=0, evaluated=0) [2s]
  [4513/5163] cnp=7604827 · NOT_FOUND (no_results, rows=0, evaluated=0) [2s]
  [4514/5163] cnp=7605444 · NOT_FOUND (no_results, rows=0, evaluated=0) [2s]
  [4515/5163] cnp=7609917 · NOT_FOUND (no_results, rows=0, evaluated=0) [2s]
  [4516/5163] cnp=7614636 · NOT_FOUND (no_results, rows=0, evaluated=0) [2s]
  [4517/5163] cnp=7708412 · NOT_FOUND (no_results, rows=0, evaluated=0) [2s]
  [4518/5163] cnp=7731778 · NOT_FOUND (no_results, rows=0, evaluated=0) [2s]
  [4519/5163] cnp=7732537 · NOT_FOUND (no_results, rows=0, evaluated=0) [2s]
  [4520/5163] cnp=7732545 · NOT_FOUND (no_results, rows=0, evaluated=0) [2s]
    [checkpoint] saved · 4520/5163 · rate=0.18/s · eta=59m10s
  [4521/5163] cnp=7732677 · NOT_FOUND (no_results, rows=0, evaluated=0) [2s]
  [4522/5163] cnp=7732933 · NOT_FOUND (no_results, rows=0, evaluated=0) [2s]
  [4523/5163] cnp=7732941 · NOT_FOUND (no_results, rows=0, evaluated=0) [2s]
  [4524/5163] cnp=7732966 · NOT_FOUND (no_results, rows=0, evaluated=0) [2s]
  [4525/5163] cnp=7732974 · NOT_FOUND (no_results, rows=0, evaluated=0) [2s]
  [4526/5163] cnp=7733154 · NOT_FOUND (no_results, rows=0, evaluated=0) [2s]
    [session] rotation após 30 searches; cooldown 30000ms
  [4527/5163] cnp=7733220 · NOT_FOUND (no_results, rows=0, evaluated=0) [32s]
  [4528/5163] cnp=7733238 · NOT_FOUND (no_results, rows=0, evaluated=0) [2s]
  [4529/5163] cnp=7733246 · NOT_FOUND (no_results, rows=0, evaluated=0) [2s]
  [4530/5163] cnp=7733386 · NOT_FOUND (no_results, rows=0, evaluated=0) [2s]
    [checkpoint] saved · 4530/5163 · rate=0.18/s · eta=58m16s
  [4531/5163] cnp=7737882 · NOT_FOUND (no_results, rows=0, evaluated=0) [2s]
  [4532/5163] cnp=7738153 · NOT_FOUND (no_results, rows=0, evaluated=0) [2s]
  [4533/5163] cnp=7742403 · NOT_FOUND (no_results, rows=0, evaluated=0) [2s]
  [4534/5163] cnp=7742411 · NOT_FOUND (no_results, rows=0, evaluated=0) [2s]
  [4535/5163] cnp=7745208 · NOT_FOUND (no_results, rows=0, evaluated=0) [2s]
  [4536/5163] cnp=7747311 · NOT_FOUND (no_results, rows=0, evaluated=0) [2s]
  [4537/5163] cnp=7747469 · NOT_FOUND (no_results, rows=0, evaluated=0) [2s]
  [4538/5163] cnp=7747832 · NOT_FOUND (no_results, rows=0, evaluated=0) [2s]
  [4539/5163] cnp=7748152 · NOT_FOUND (no_results, rows=0, evaluated=0) [2s]
  [4540/5163] cnp=7748863 · NOT_FOUND (no_results, rows=0, evaluated=0) [2s]
    [checkpoint] saved · 4540/5163 · rate=0.18/s · eta=57m18s
  [4541/5163] cnp=7748889 · NOT_FOUND (no_results, rows=0, evaluated=0) [2s]
  [4542/5163] cnp=7748913 · NOT_FOUND (no_results, rows=0, evaluated=0) [2s]
  [4543/5163] cnp=7748939 · NOT_FOUND (no_results, rows=0, evaluated=0) [2s]
  [4544/5163] cnp=7748947 · NOT_FOUND (no_results, rows=0, evaluated=0) [2s]
  [4545/5163] cnp=7748954 · NOT_FOUND (no_results, rows=0, evaluated=0) [2s]
  [4546/5163] cnp=7748996 · NOT_FOUND (no_results, rows=0, evaluated=0) [2s]
  [4547/5163] cnp=7749036 · NOT_FOUND (no_results, rows=0, evaluated=0) [2s]
  [4548/5163] cnp=7749168 · NOT_FOUND (no_results, rows=0, evaluated=0) [2s]
  [4549/5163] cnp=7749374 · NOT_FOUND (no_results, rows=0, evaluated=0) [2s]
  [4550/5163] cnp=7749457 · NOT_FOUND (no_results, rows=0, evaluated=0) [2s]
    [checkpoint] saved · 4550/5163 · rate=0.18/s · eta=56m21s
  [4551/5163] cnp=7749481 · NOT_FOUND (no_results, rows=0, evaluated=0) [2s]
  [4552/5163] cnp=7749671 · NOT_FOUND (no_results, rows=0, evaluated=0) [2s]
  [4553/5163] cnp=7749754 · NOT_FOUND (no_results, rows=0, evaluated=0) [2s]
  [4554/5163] cnp=7749929 · NOT_FOUND (no_results, rows=0, evaluated=0) [2s]
  [4555/5163] cnp=7750679 · NOT_FOUND (no_results, rows=0, evaluated=0) [2s]
  [4556/5163] cnp=7751222 · NOT_FOUND (no_results, rows=0, evaluated=0) [2s]
    [session] rotation após 30 searches; cooldown 30000ms
  [4557/5163] cnp=7751248 · NOT_FOUND (no_results, rows=0, evaluated=0) [32s]
  [4558/5163] cnp=7751461 · NOT_FOUND (no_results, rows=0, evaluated=0) [2s]
  [4559/5163] cnp=7751479 · NOT_FOUND (no_results, rows=0, evaluated=0) [2s]
  [4560/5163] cnp=7752220 · NOT_FOUND (no_results, rows=0, evaluated=0) [2s]
    [checkpoint] saved · 4560/5163 · rate=0.18/s · eta=55m27s
    [session] refresh falhou (refresh HTTP 503); rota.
    [503] backoff 10000ms before retry 1/3 (cnp=7752501)
  [4561/5163] cnp=7752501 · NOT_FOUND (no_results, rows=0, evaluated=0) [12s]
  [4562/5163] cnp=7753269 · NOT_FOUND (no_results, rows=0, evaluated=0) [2s]
  [4563/5163] cnp=7753343 · NOT_FOUND (no_results, rows=0, evaluated=0) [2s]
  [4564/5163] cnp=7753350 · NOT_FOUND (no_results, rows=0, evaluated=0) [2s]
  [4565/5163] cnp=7753947 · NOT_FOUND (no_results, rows=0, evaluated=0) [2s]
  [4566/5163] cnp=7754473 · NOT_FOUND (no_results, rows=0, evaluated=0) [2s]
  [4567/5163] cnp=7755504 · NOT_FOUND (no_results, rows=0, evaluated=0) [2s]
  [4568/5163] cnp=7755611 · NOT_FOUND (no_results, rows=0, evaluated=0) [2s]
  [4569/5163] cnp=7755876 · NOT_FOUND (no_results, rows=0, evaluated=0) [2s]
  [4570/5163] cnp=7756999 · NOT_FOUND (no_results, rows=0, evaluated=0) [2s]
    [checkpoint] saved · 4570/5163 · rate=0.18/s · eta=54m30s
  [4571/5163] cnp=7761536 · NOT_FOUND (no_results, rows=0, evaluated=0) [2s]
  [4572/5163] cnp=7762633 · NOT_FOUND (no_results, rows=0, evaluated=0) [2s]
  [4573/5163] cnp=7767616 · NOT_FOUND (no_results, rows=0, evaluated=0) [2s]
  [4574/5163] cnp=7768226 · NOT_FOUND (no_results, rows=0, evaluated=0) [2s]
  [4575/5163] cnp=7768234 · NOT_FOUND (no_results, rows=0, evaluated=0) [2s]
  [4576/5163] cnp=7769539 · NOT_FOUND (no_results, rows=0, evaluated=0) [2s]
  [4577/5163] cnp=7771493 · NOT_FOUND (no_results, rows=0, evaluated=0) [2s]
  [4578/5163] cnp=7772301 · NOT_FOUND (no_results, rows=0, evaluated=0) [2s]
  [4579/5163] cnp=7775148 · NOT_FOUND (no_results, rows=0, evaluated=0) [2s]
  [4580/5163] cnp=7866947 · NOT_FOUND (no_results, rows=0, evaluated=0) [2s]
    [checkpoint] saved · 4580/5163 · rate=0.18/s · eta=53m33s
  [4581/5163] cnp=7866996 · NOT_FOUND (no_results, rows=0, evaluated=0) [2s]
  [4582/5163] cnp=7877852 · NOT_FOUND (no_results, rows=0, evaluated=0) [2s]
  [4583/5163] cnp=7894683 · NOT_FOUND (no_results, rows=0, evaluated=0) [2s]
  [4584/5163] cnp=7922153 · NOT_FOUND (no_results, rows=0, evaluated=0) [2s]
  [4585/5163] cnp=7922476 · NOT_FOUND (no_results, rows=0, evaluated=0) [2s]
  [4586/5163] cnp=7922518 · NOT_FOUND (no_results, rows=0, evaluated=0) [2s]
  [4587/5163] cnp=7922534 · NOT_FOUND (no_results, rows=0, evaluated=0) [2s]
  [4588/5163] cnp=7922542 · NOT_FOUND (no_results, rows=0, evaluated=0) [2s]
  [4589/5163] cnp=7941807 · NOT_FOUND (no_results, rows=0, evaluated=0) [2s]
  [4590/5163] cnp=7942839 · NOT_FOUND (no_results, rows=0, evaluated=0) [2s]
    [checkpoint] saved · 4590/5163 · rate=0.18/s · eta=52m35s
    [session] rotation após 30 searches; cooldown 30000ms
  [4591/5163] cnp=7981290 · NOT_FOUND (no_results, rows=0, evaluated=0) [32s]
  [4592/5163] cnp=7986638 · NOT_FOUND (no_results, rows=0, evaluated=0) [2s]
  [4593/5163] cnp=8027821 · NOT_FOUND (no_results, rows=0, evaluated=0) [2s]
  [4594/5163] cnp=8050807 · NOT_FOUND (no_results, rows=0, evaluated=0) [2s]
  [4595/5163] cnp=8050815 · NOT_FOUND (no_results, rows=0, evaluated=0) [2s]
  [4596/5163] cnp=8052936 · NOT_FOUND (no_results, rows=0, evaluated=0) [2s]
  [4597/5163] cnp=8064022 · NOT_FOUND (no_results, rows=0, evaluated=0) [2s]
  [4598/5163] cnp=8064030 · NOT_FOUND (no_results, rows=0, evaluated=0) [2s]
  [4599/5163] cnp=8064857 · NOT_FOUND (no_results, rows=0, evaluated=0) [2s]
  [4600/5163] cnp=8070409 · NOT_FOUND (no_results, rows=0, evaluated=0) [2s]
    [checkpoint] saved · 4600/5163 · rate=0.18/s · eta=51m42s
  [4601/5163] cnp=8089920 · NOT_FOUND (no_results, rows=0, evaluated=0) [2s]
  [4602/5163] cnp=8089938 · NOT_FOUND (no_results, rows=0, evaluated=0) [3s]
  [4603/5163] cnp=8101527 ✓ MATCHED "Valium" (N05BA01) +0 siblings (added=1) [8s, evaluated=2]
  [4604/5163] cnp=8101543 ✓ MATCHED "Valium" (N05BA01) +0 siblings (added=1) [8s, evaluated=2]
  [4605/5163] cnp=8103317 · NOT_FOUND (no_results, rows=0, evaluated=0) [2s]
  [4606/5163] cnp=8108621 · NOT_FOUND (no_results, rows=0, evaluated=0) [2s]
  [4607/5163] cnp=8113704 ✓ MATCHED "Lasix" (C03CA01) +0 siblings (added=1) [8s, evaluated=2]
  [4608/5163] cnp=8113837 ✓ MATCHED "Lasix" (C03CA01) +3 siblings (added=4) [8s, evaluated=2]
  [4609/5163] cnp=8113845 ✓ MATCHED "Lasix" (C03CA01) +3 siblings (added=0) [8s, evaluated=2]
  [4610/5163] cnp=8114314 ✓ MATCHED "Depo-Medrol" (H02AB04) +1 siblings (added=2) [10s, evaluated=3]
    [checkpoint] saved · 4610/5163 · rate=0.18/s · eta=50m49s
  [4611/5163] cnp=8116707 · NOT_FOUND (no_results, rows=0, evaluated=0) [2s]
  [4612/5163] cnp=8135327 ✓ MATCHED "Serenal" (N05BA04) +2 siblings (added=3) [8s, evaluated=2]
  [4613/5163] cnp=8135343 ✓ MATCHED "Serenal" (N05BA04) +2 siblings (added=3) [8s, evaluated=2]
  [4614/5163] cnp=8139261 · NOT_FOUND (no_results, rows=0, evaluated=0) [2s]
  [4615/5163] cnp=8144816 · NOT_FOUND (no_results, rows=0, evaluated=0) [2s]
  [4616/5163] cnp=8144923 · NOT_FOUND (no_results, rows=0, evaluated=0) [2s]
  [4617/5163] cnp=8158626 · NOT_FOUND (no_results, rows=0, evaluated=0) [2s]
  [4618/5163] cnp=8168047 · NOT_FOUND (no_results, rows=0, evaluated=0) [2s]
  [4619/5163] cnp=8168500 · NOT_FOUND (no_results, rows=0, evaluated=0) [2s]
  [4620/5163] cnp=8168518 · NOT_FOUND (no_results, rows=0, evaluated=0) [2s]
    [checkpoint] saved · 4620/5163 · rate=0.18/s · eta=49m53s
    [session] rotation após 30 searches; cooldown 30000ms
  [4621/5163] cnp=8168526 · NOT_FOUND (no_results, rows=0, evaluated=0) [32s]
  [4622/5163] cnp=8168534 · NOT_FOUND (no_results, rows=0, evaluated=0) [2s]
  [4623/5163] cnp=8169508 · NOT_FOUND (no_results, rows=0, evaluated=0) [2s]
  [4624/5163] cnp=8181602 · NOT_FOUND (no_results, rows=0, evaluated=0) [2s]
  [4625/5163] cnp=8184812 · NOT_FOUND (no_results, rows=0, evaluated=0) [2s]
  [4626/5163] cnp=8193417 · NOT_FOUND (no_results, rows=0, evaluated=0) [3s]
  [4627/5163] cnp=8193516 · NOT_FOUND (no_results, rows=0, evaluated=0) [2s]
  [4628/5163] cnp=8203026 · NOT_FOUND (no_results, rows=0, evaluated=0) [2s]
  [4629/5163] cnp=8216937 · NOT_FOUND (no_results, rows=0, evaluated=0) [2s]
  [4630/5163] cnp=8218305 · NOT_FOUND (no_results, rows=0, evaluated=0) [2s]
    [checkpoint] saved · 4630/5163 · rate=0.18/s · eta=49m00s
  [4631/5163] cnp=8218313 · NOT_FOUND (no_results, rows=0, evaluated=0) [2s]
  [4632/5163] cnp=8232827 · NOT_FOUND (no_results, rows=0, evaluated=0) [2s]
  [4633/5163] cnp=8242404 · NOT_FOUND (no_results, rows=0, evaluated=0) [2s]
  [4634/5163] cnp=8248930 · NOT_FOUND (no_results, rows=0, evaluated=0) [2s]
  [4635/5163] cnp=8250704 · NOT_FOUND (no_results, rows=0, evaluated=0) [2s]
  [4636/5163] cnp=8254060 · NOT_FOUND (no_results, rows=0, evaluated=0) [2s]
  [4637/5163] cnp=8254078 · NOT_FOUND (no_results, rows=0, evaluated=0) [2s]
  [4638/5163] cnp=8256727 · NOT_FOUND (no_results, rows=0, evaluated=0) [2s]
  [4639/5163] cnp=8259317 · NOT_FOUND (no_results, rows=0, evaluated=0) [2s]
  [4640/5163] cnp=8270173 · NOT_FOUND (no_results, rows=0, evaluated=0) [2s]
    [checkpoint] saved · 4640/5163 · rate=0.18/s · eta=48m02s
  [4641/5163] cnp=8275404 ✓ MATCHED "Lorenin" (N05BA06) +2 siblings (added=3) [8s, evaluated=2]
  [4642/5163] cnp=8275420 ✓ MATCHED "Lorenin" (N05BA06) +2 siblings (added=3) [8s, evaluated=2]
  [4643/5163] cnp=8282020 · NOT_FOUND (no_results, rows=0, evaluated=0) [2s]
  [4644/5163] cnp=8282038 · NOT_FOUND (no_results, rows=0, evaluated=0) [2s]
  [4645/5163] cnp=8287607 ✓ MATCHED "Cordarone" (C01BD01) +3 siblings (added=4) [8s, evaluated=2]
  [4646/5163] cnp=8293407 ✓ MATCHED "Dalacin C" (J01FF01) +3 siblings (added=4) [8s, evaluated=2]
  [4647/5163] cnp=8303800 · NOT_FOUND (no_results, rows=0, evaluated=0) [2s]
  [4648/5163] cnp=8303818 · NOT_FOUND (no_results, rows=0, evaluated=0) [2s]
  [4649/5163] cnp=8310227 · NOT_FOUND (no_results, rows=0, evaluated=0) [2s]
  [4650/5163] cnp=8314617 · NOT_FOUND (no_results, rows=0, evaluated=0) [2s]
    [checkpoint] saved · 4650/5163 · rate=0.18/s · eta=47m08s
    [session] rotation após 30 searches; cooldown 30000ms
  [4651/5163] cnp=8315226 ✓ MATCHED "Medrol" (H02AB04) +2 siblings (added=0) [40s, evaluated=3]
  [4652/5163] cnp=8323501 · NOT_FOUND (no_results, rows=0, evaluated=0) [2s]
    [session] refresh falhou (refresh HTTP 503); rota.
    [503] backoff 10000ms before retry 1/3 (cnp=8323519)
    [503] backoff 30000ms before retry 2/3 (cnp=8323519)
  [4653/5163] cnp=8323519 ✓ MATCHED "Hirudoid" (C05BA01) +1 siblings (added=2) [49s, evaluated=2]
  [4654/5163] cnp=8326223 · NOT_FOUND (no_results, rows=0, evaluated=0) [2s]
  [4655/5163] cnp=8344705 · NOT_FOUND (no_results, rows=0, evaluated=0) [2s]
  [4656/5163] cnp=8347914 · NOT_FOUND (no_results, rows=0, evaluated=0) [2s]
  [4657/5163] cnp=8352112 ✓ MATCHED "Clamoxyl" (J01CA04) +1 siblings (added=2) [10s, evaluated=3]
  [4658/5163] cnp=8352203 · NOT_FOUND (no_results, rows=0, evaluated=0) [2s]
  [4659/5163] cnp=8352211 · NOT_FOUND (no_results, rows=0, evaluated=0) [2s]
  [4660/5163] cnp=8354845 · NOT_FOUND (no_results, rows=0, evaluated=0) [2s]
    [checkpoint] saved · 4660/5163 · rate=0.18/s · eta=46m21s
  [4661/5163] cnp=8354951 ✓ MATCHED "Betaserc" (N07CA01) +1 siblings (added=2) [10s, evaluated=3]
  [4662/5163] cnp=8354969 ✓ MATCHED "Betaserc" (N07CA01) +1 siblings (added=0) [11s, evaluated=3]
  [4663/5163] cnp=8370585 · NOT_FOUND (no_results, rows=0, evaluated=0) [2s]
  [4664/5163] cnp=8372532 ✓ MATCHED "Sinemet 25/100" (N04BA02) +1 siblings (added=2) [8s, evaluated=2]
  [4665/5163] cnp=8372557 ✓ MATCHED "Sinemet 25/250" (N04BA02) +1 siblings (added=2) [8s, evaluated=2]
  [4666/5163] cnp=8372573 · NOT_FOUND (no_results, rows=0, evaluated=0) [2s]
  [4667/5163] cnp=8378919 · NOT_FOUND (no_results, rows=0, evaluated=0) [2s]
  [4668/5163] cnp=8395319 · NOT_FOUND (no_results, rows=0, evaluated=0) [2s]
  [4669/5163] cnp=8395905 · NOT_FOUND (no_results, rows=0, evaluated=0) [2s]
  [4670/5163] cnp=8395913 · NOT_FOUND (no_results, rows=0, evaluated=0) [2s]
    [checkpoint] saved · 4670/5163 · rate=0.18/s · eta=45m27s
  [4671/5163] cnp=8402933 · NOT_FOUND (no_results, rows=0, evaluated=0) [2s]
  [4672/5163] cnp=8412106 · NOT_FOUND (no_results, rows=0, evaluated=0) [2s]
  [4673/5163] cnp=8414409 ✓ MATCHED "Rivotril" (N03AE01) +1 siblings (added=2) [10s, evaluated=3]
  [4674/5163] cnp=8414425 ✓ MATCHED "Rivotril" (N03AE01) +0 siblings (added=1) [10s, evaluated=3]
  [4675/5163] cnp=8414508 · NOT_FOUND (no_results, rows=0, evaluated=0) [2s]
  [4676/5163] cnp=8421941 ✓ MATCHED "Indocid" (M01AB01) +1 siblings (added=2) [10s, evaluated=3]
  [4677/5163] cnp=8422212 · NOT_FOUND (no_results, rows=0, evaluated=0) [2s]
  [4678/5163] cnp=8423764 ✓ MATCHED "Lexotan" (N05BA08) +4 siblings (added=0) [10s, evaluated=3]
  [4679/5163] cnp=8430124 · NOT_FOUND (no_results, rows=0, evaluated=0) [2s]
  [4680/5163] cnp=8430223 · NOT_FOUND (no_results, rows=0, evaluated=0) [2s]
    [checkpoint] saved · 4680/5163 · rate=0.18/s · eta=44m33s
  [4681/5163] cnp=8434902 · NOT_FOUND (no_results, rows=0, evaluated=0) [2s]
  [4682/5163] cnp=8435107 · NOT_FOUND (no_results, rows=0, evaluated=0) [2s]
    [session] rotation após 30 searches; cooldown 30000ms
  [4683/5163] cnp=8435206 · NOT_FOUND (no_results, rows=0, evaluated=0) [32s]
  [4684/5163] cnp=8436816 · NOT_FOUND (no_results, rows=0, evaluated=0) [2s]
  [4685/5163] cnp=8438341 · NOT_FOUND (no_results, rows=0, evaluated=0) [2s]
  [4686/5163] cnp=8439711 · NOT_FOUND (no_results, rows=0, evaluated=0) [2s]
  [4687/5163] cnp=8445205 · NOT_FOUND (no_results, rows=0, evaluated=0) [2s]
  [4688/5163] cnp=8452912 · NOT_FOUND (no_results, rows=0, evaluated=0) [3s]
  [4689/5163] cnp=8463901 · NOT_FOUND (no_results, rows=0, evaluated=0) [2s]
  [4690/5163] cnp=8465708 · NOT_FOUND (no_results, rows=0, evaluated=0) [2s]
    [checkpoint] saved · 4690/5163 · rate=0.18/s · eta=43m39s
  [4691/5163] cnp=8466912 · NOT_FOUND (no_results, rows=0, evaluated=0) [2s]
  [4692/5163] cnp=8466920 · NOT_FOUND (no_results, rows=0, evaluated=0) [2s]
  [4693/5163] cnp=8467506 · NOT_FOUND (no_results, rows=0, evaluated=0) [2s]
  [4694/5163] cnp=8476010 · NOT_FOUND (no_results, rows=0, evaluated=0) [2s]
  [4695/5163] cnp=8485433 · NOT_FOUND (no_results, rows=0, evaluated=0) [2s]
  [4696/5163] cnp=8485441 · NOT_FOUND (no_results, rows=0, evaluated=0) [2s]
  [4697/5163] cnp=8485607 · NOT_FOUND (no_results, rows=0, evaluated=0) [2s]
  [4698/5163] cnp=8491423 · NOT_FOUND (no_results, rows=0, evaluated=0) [2s]
  [4699/5163] cnp=8491431 · NOT_FOUND (no_results, rows=0, evaluated=0) [2s]
  [4700/5163] cnp=8501916 · NOT_FOUND (no_results, rows=0, evaluated=0) [2s]
    [checkpoint] saved · 4700/5163 · rate=0.18/s · eta=42m42s
  [4701/5163] cnp=8507020 · NOT_FOUND (no_results, rows=0, evaluated=0) [2s]
  [4702/5163] cnp=8507038 · NOT_FOUND (no_results, rows=0, evaluated=0) [2s]
  [4703/5163] cnp=8507616 · NOT_FOUND (no_results, rows=0, evaluated=0) [2s]
  [4704/5163] cnp=8508432 · NOT_FOUND (no_results, rows=0, evaluated=0) [2s]
  [4705/5163] cnp=8520809 · NOT_FOUND (no_results, rows=0, evaluated=0) [2s]
    [503] backoff 10000ms before retry 1/3 (cnp=8520825)
  [4706/5163] cnp=8520825 · NOT_FOUND (no_results, rows=0, evaluated=0) [13s]
  [4707/5163] cnp=8529263 · NOT_FOUND (no_results, rows=0, evaluated=0) [2s]
  [4708/5163] cnp=8530733 · NOT_FOUND (no_results, rows=0, evaluated=0) [2s]
  [4709/5163] cnp=8532499 ✓ MATCHED "Etalpha" (A11CC03) +2 siblings (added=3) [10s, evaluated=3]
  [4710/5163] cnp=8532614 · NOT_FOUND (no_results, rows=0, evaluated=0) [2s]
    [checkpoint] saved · 4710/5163 · rate=0.18/s · eta=41m47s
  [4711/5163] cnp=8532630 · NOT_FOUND (no_results, rows=0, evaluated=0) [2s]
  [4712/5163] cnp=8533323 · NOT_FOUND (no_cnp_match, rows=4, evaluated=3) [10s]
  [4713/5163] cnp=8540013 · NOT_FOUND (no_cnp_match, rows=4, evaluated=3) [10s]
  [4714/5163] cnp=8557900 · NOT_FOUND (no_results, rows=0, evaluated=0) [2s]
  [4715/5163] cnp=8559633 · NOT_FOUND (no_results, rows=0, evaluated=0) [2s]
  [4716/5163] cnp=8559641 ✓ MATCHED "Triticum" (N06AX05) +1 siblings (added=2) [10s, evaluated=3]
  [4717/5163] cnp=8565002 ✓ MATCHED "Tramal" (N02AX02) +0 siblings (added=1) [10s, evaluated=3]
  [4718/5163] cnp=8565119 ✓ MATCHED "Tramal" (N02AX02) +1 siblings (added=2) [10s, evaluated=3]
  [4719/5163] cnp=8566307 · NOT_FOUND (no_results, rows=0, evaluated=0) [2s]
  [4720/5163] cnp=8567719 · NOT_FOUND (no_results, rows=0, evaluated=0) [2s]
    [checkpoint] saved · 4720/5163 · rate=0.18/s · eta=40m53s
  [4721/5163] cnp=8573014 · NOT_FOUND (no_results, rows=0, evaluated=0) [2s]
  [4722/5163] cnp=8573345 ✓ MATCHED "Xanax" (N05BA12) +4 siblings (added=0) [11s, evaluated=3]
  [4723/5163] cnp=8578005 · NOT_FOUND (no_results, rows=0, evaluated=0) [2s]
  [4724/5163] cnp=8578765 · NOT_FOUND (no_results, rows=0, evaluated=0) [2s]
  [4725/5163] cnp=8578773 · NOT_FOUND (no_cnp_match, rows=7, evaluated=3) [10s]
  [4726/5163] cnp=8583906 ✓ MATCHED "Zovirax" (J05AB01) +0 siblings (added=1) [10s, evaluated=3]
  [4727/5163] cnp=8583948 · NOT_FOUND (no_results, rows=0, evaluated=0) [2s]
  [4728/5163] cnp=8586719 · NOT_FOUND (no_results, rows=0, evaluated=0) [2s]
  [4729/5163] cnp=8587816 · NOT_FOUND (no_results, rows=0, evaluated=0) [2s]
  [4730/5163] cnp=8589804 · NOT_FOUND (no_results, rows=0, evaluated=0) [2s]
    [checkpoint] saved · 4730/5163 · rate=0.18/s · eta=39m59s
  [4731/5163] cnp=8589812 · NOT_FOUND (no_results, rows=0, evaluated=0) [2s]
  [4732/5163] cnp=8592527 · NOT_FOUND (no_results, rows=0, evaluated=0) [2s]
  [4733/5163] cnp=8595439 · NOT_FOUND (no_results, rows=0, evaluated=0) [2s]
  [4734/5163] cnp=8605907 · NOT_FOUND (no_results, rows=0, evaluated=0) [2s]
  [4735/5163] cnp=8605915 · NOT_FOUND (no_results, rows=0, evaluated=0) [2s]
    [session] rotation após 30 searches; cooldown 30000ms
  [4736/5163] cnp=8610949 · NOT_FOUND (no_results, rows=0, evaluated=0) [32s]
  [4737/5163] cnp=8612101 · NOT_FOUND (no_results, rows=0, evaluated=0) [2s]
  [4738/5163] cnp=8612119 · NOT_FOUND (no_results, rows=0, evaluated=0) [2s]
  [4739/5163] cnp=8615211 · NOT_FOUND (no_results, rows=0, evaluated=0) [2s]
  [4740/5163] cnp=8617522 · NOT_FOUND (no_results, rows=0, evaluated=0) [2s]
    [checkpoint] saved · 4740/5163 · rate=0.18/s · eta=39m04s
  [4741/5163] cnp=8617530 · NOT_FOUND (no_results, rows=0, evaluated=0) [2s]
  [4742/5163] cnp=8617563 · NOT_FOUND (no_results, rows=0, evaluated=0) [2s]
  [4743/5163] cnp=8617571 · NOT_FOUND (no_results, rows=0, evaluated=0) [2s]
  [4744/5163] cnp=8620401 · NOT_FOUND (no_results, rows=0, evaluated=0) [2s]
  [4745/5163] cnp=8623355 · NOT_FOUND (no_results, rows=0, evaluated=0) [2s]
  [4746/5163] cnp=8624403 ✓ MATCHED "Zovirax" (D06BB03) +2 siblings (added=3) [11s, evaluated=3]
  [4747/5163] cnp=8624411 · NOT_FOUND (no_results, rows=0, evaluated=0) [2s]
  [4748/5163] cnp=8626309 · NOT_FOUND (no_results, rows=0, evaluated=0) [2s]
  [4749/5163] cnp=8626408 · NOT_FOUND (no_results, rows=0, evaluated=0) [2s]
  [4750/5163] cnp=8626507 · NOT_FOUND (no_results, rows=0, evaluated=0) [2s]
    [checkpoint] saved · 4750/5163 · rate=0.18/s · eta=38m08s
  [4751/5163] cnp=8628628 · NOT_FOUND (no_cnp_match, rows=4, evaluated=3) [10s]
  [4752/5163] cnp=8628636 · NOT_FOUND (no_results, rows=0, evaluated=0) [2s]
  [4753/5163] cnp=8630707 · NOT_FOUND (no_results, rows=0, evaluated=0) [2s]
  [4754/5163] cnp=8630715 · NOT_FOUND (no_results, rows=0, evaluated=0) [2s]
  [4755/5163] cnp=8631119 · NOT_FOUND (no_results, rows=0, evaluated=0) [2s]
  [4756/5163] cnp=8633115 · NOT_FOUND (no_results, rows=0, evaluated=0) [2s]
  [4757/5163] cnp=8633636 · NOT_FOUND (no_cnp_match, rows=4, evaluated=3) [10s]
  [4758/5163] cnp=8635318 · NOT_FOUND (no_results, rows=0, evaluated=0) [2s]
  [4759/5163] cnp=8640508 · NOT_FOUND (no_results, rows=0, evaluated=0) [2s]
  [4760/5163] cnp=8641902 · NOT_FOUND (no_results, rows=0, evaluated=0) [2s]
    [checkpoint] saved · 4760/5163 · rate=0.18/s · eta=37m12s
  [4761/5163] cnp=8643544 · NOT_FOUND (no_results, rows=0, evaluated=0) [2s]
  [4762/5163] cnp=8643551 · NOT_FOUND (no_results, rows=0, evaluated=0) [2s]
  [4763/5163] cnp=8644815 ✓ MATCHED "Zentel" (P02CA03) +1 siblings (added=2) [8s, evaluated=2]
  [4764/5163] cnp=8644906 · NOT_FOUND (no_results, rows=0, evaluated=0) [2s]
  [4765/5163] cnp=8649129 · NOT_FOUND (no_results, rows=0, evaluated=0) [2s]
    [session] rotation após 30 searches; cooldown 30000ms
  [4766/5163] cnp=8657007 ✓ MATCHED "Rosilan" (H02AB13) +1 siblings (added=2) [40s, evaluated=3]
  [4767/5163] cnp=8657015 ✓ MATCHED "Rosilan" (H02AB13) +2 siblings (added=3) [10s, evaluated=3]
  [4768/5163] cnp=8657023 · NOT_FOUND (no_results, rows=0, evaluated=0) [2s]
  [4769/5163] cnp=8659219 · NOT_FOUND (no_results, rows=0, evaluated=0) [2s]
  [4770/5163] cnp=8660811 · NOT_FOUND (no_results, rows=0, evaluated=0) [2s]
    [checkpoint] saved · 4770/5163 · rate=0.18/s · eta=36m20s
  [4771/5163] cnp=8665604 · NOT_FOUND (no_results, rows=0, evaluated=0) [2s]
  [4772/5163] cnp=8667535 · NOT_FOUND (no_results, rows=0, evaluated=0) [2s]
  [4773/5163] cnp=8667543 · NOT_FOUND (no_results, rows=0, evaluated=0) [2s]
  [4774/5163] cnp=8668319 · NOT_FOUND (no_results, rows=0, evaluated=0) [2s]
  [4775/5163] cnp=8668400 · NOT_FOUND (no_results, rows=0, evaluated=0) [2s]
  [4776/5163] cnp=8674333 · NOT_FOUND (no_results, rows=0, evaluated=0) [2s]
  [4777/5163] cnp=8676817 · NOT_FOUND (no_results, rows=0, evaluated=0) [2s]
  [4778/5163] cnp=8677104 · NOT_FOUND (no_results, rows=0, evaluated=0) [2s]
  [4779/5163] cnp=8679308 · NOT_FOUND (no_results, rows=0, evaluated=0) [2s]
  [4780/5163] cnp=8682856 · NOT_FOUND (no_results, rows=0, evaluated=0) [2s]
    [checkpoint] saved · 4780/5163 · rate=0.18/s · eta=35m22s
  [4781/5163] cnp=8683102 · NOT_FOUND (no_results, rows=0, evaluated=0) [2s]
  [4782/5163] cnp=8684118 · NOT_FOUND (no_cnp_match, rows=4, evaluated=3) [10s]
  [4783/5163] cnp=8685206 ✓ MATCHED "Fucicort" (D07CC01) +2 siblings (added=3) [8s, evaluated=2]
  [4784/5163] cnp=8686915 · NOT_FOUND (no_results, rows=0, evaluated=0) [2s]
  [4785/5163] cnp=8689109 · NOT_FOUND (no_results, rows=0, evaluated=0) [2s]
  [4786/5163] cnp=8689117 · NOT_FOUND (no_results, rows=0, evaluated=0) [2s]
  [4787/5163] cnp=8692004 · NOT_FOUND (no_results, rows=0, evaluated=0) [2s]
  [4788/5163] cnp=8692012 · NOT_FOUND (no_results, rows=0, evaluated=0) [2s]
  [4789/5163] cnp=8692806 ✓ MATCHED "Diflucan" (J02AC01) +0 siblings (added=1) [10s, evaluated=3]
  [4790/5163] cnp=8692822 ✓ MATCHED "Diflucan 150" (J02AC01) +2 siblings (added=3) [10s, evaluated=3]
    [checkpoint] saved · 4790/5163 · rate=0.18/s · eta=34m28s
  [4791/5163] cnp=8692830 ✓ MATCHED "Diflucan 150" (J02AC01) +2 siblings (added=0) [10s, evaluated=3]
  [4792/5163] cnp=8699207 · NOT_FOUND (no_results, rows=0, evaluated=0) [2s]
  [4793/5163] cnp=8707208 · NOT_FOUND (no_results, rows=0, evaluated=0) [2s]
  [4794/5163] cnp=8707307 · NOT_FOUND (no_results, rows=0, evaluated=0) [2s]
  [4795/5163] cnp=8708214 · NOT_FOUND (no_results, rows=0, evaluated=0) [2s]
    [session] rotation após 30 searches; cooldown 30000ms
  [4796/5163] cnp=8709410 · NOT_FOUND (no_results, rows=0, evaluated=0) [32s]
  [4797/5163] cnp=8710210 · NOT_FOUND (no_results, rows=0, evaluated=0) [2s]
  [4798/5163] cnp=8710509 · NOT_FOUND (no_results, rows=0, evaluated=0) [2s]
  [4799/5163] cnp=8713115 · NOT_FOUND (no_results, rows=0, evaluated=0) [2s]
  [4800/5163] cnp=8719914 · NOT_FOUND (no_results, rows=0, evaluated=0) [2s]
    [checkpoint] saved · 4800/5163 · rate=0.18/s · eta=33m34s
  [4801/5163] cnp=8720805 · NOT_FOUND (no_results, rows=0, evaluated=0) [2s]
  [4802/5163] cnp=8720904 · NOT_FOUND (no_results, rows=0, evaluated=0) [2s]
  [4803/5163] cnp=8722314 · NOT_FOUND (no_results, rows=0, evaluated=0) [2s]
  [4804/5163] cnp=8722330 · NOT_FOUND (no_results, rows=0, evaluated=0) [2s]
  [4805/5163] cnp=8726018 · NOT_FOUND (no_results, rows=0, evaluated=0) [2s]
  [4806/5163] cnp=8731927 · NOT_FOUND (no_results, rows=0, evaluated=0) [2s]
  [4807/5163] cnp=8731935 · NOT_FOUND (no_results, rows=0, evaluated=0) [2s]
  [4808/5163] cnp=8736702 · NOT_FOUND (no_results, rows=0, evaluated=0) [2s]
  [4809/5163] cnp=8741017 · NOT_FOUND (no_results, rows=0, evaluated=0) [2s]
  [4810/5163] cnp=8750018 · NOT_FOUND (no_results, rows=0, evaluated=0) [2s]
    [checkpoint] saved · 4810/5163 · rate=0.18/s · eta=32m37s
  [4811/5163] cnp=8756304 · NOT_FOUND (no_results, rows=0, evaluated=0) [2s]
  [4812/5163] cnp=8756411 ✓ MATCHED "Neotigason" (D05BB02) +1 siblings (added=2) [8s, evaluated=2]
  [4813/5163] cnp=8756437 ✓ MATCHED "Neotigason" (D05BB02) +1 siblings (added=2) [9s, evaluated=2]
  [4814/5163] cnp=8757435 · NOT_FOUND (no_results, rows=0, evaluated=0) [2s]
  [4815/5163] cnp=8758904 · NOT_FOUND (no_results, rows=0, evaluated=0) [2s]
  [4816/5163] cnp=8759308 · NOT_FOUND (no_results, rows=0, evaluated=0) [2s]
  [4817/5163] cnp=8765701 · NOT_FOUND (no_results, rows=0, evaluated=0) [2s]
  [4818/5163] cnp=8768739 · NOT_FOUND (no_results, rows=0, evaluated=0) [2s]
  [4819/5163] cnp=8768812 · NOT_FOUND (no_cnp_match, rows=2, evaluated=2) [8s]
  [4820/5163] cnp=8776450 · NOT_FOUND (no_results, rows=0, evaluated=0) [2s]
    [checkpoint] saved · 4820/5163 · rate=0.18/s · eta=31m42s
  [4821/5163] cnp=8776476 · NOT_FOUND (no_results, rows=0, evaluated=0) [2s]
  [4822/5163] cnp=8776716 · NOT_FOUND (no_results, rows=0, evaluated=0) [2s]
  [4823/5163] cnp=8777102 · NOT_FOUND (no_results, rows=0, evaluated=0) [2s]
  [4824/5163] cnp=8777219 · NOT_FOUND (no_results, rows=0, evaluated=0) [2s]
  [4825/5163] cnp=8777300 · NOT_FOUND (no_cnp_match, rows=2, evaluated=2) [8s]
    [session] rotation após 30 searches; cooldown 30000ms
  [4826/5163] cnp=8777714 · NOT_FOUND (no_results, rows=0, evaluated=0) [32s]
  [4827/5163] cnp=8780502 · NOT_FOUND (no_results, rows=0, evaluated=0) [2s]
  [4828/5163] cnp=8780510 · NOT_FOUND (no_results, rows=0, evaluated=0) [2s]
  [4829/5163] cnp=8780700 · NOT_FOUND (no_results, rows=0, evaluated=0) [2s]
  [4830/5163] cnp=8782417 · NOT_FOUND (no_results, rows=0, evaluated=0) [2s]
    [checkpoint] saved · 4830/5163 · rate=0.18/s · eta=30m48s
  [4831/5163] cnp=8782516 · NOT_FOUND (no_results, rows=0, evaluated=0) [2s]
  [4832/5163] cnp=8786202 · NOT_FOUND (no_results, rows=0, evaluated=0) [2s]
  [4833/5163] cnp=8786210 · NOT_FOUND (no_results, rows=0, evaluated=0) [2s]
  [4834/5163] cnp=8786582 ✓ MATCHED "Triatec" (C09AA05) +2 siblings (added=3) [10s, evaluated=3]
  [4835/5163] cnp=8789826 · NOT_FOUND (no_results, rows=0, evaluated=0) [2s]
  [4836/5163] cnp=8789834 · NOT_FOUND (no_results, rows=0, evaluated=0) [2s]
  [4837/5163] cnp=8795815 ✓ MATCHED "Cyclo 3" (C05CA51) +1 siblings (added=2) [10s, evaluated=3]
  [4838/5163] cnp=8796201 · NOT_FOUND (no_results, rows=0, evaluated=0) [2s]
  [4839/5163] cnp=8796904 · NOT_FOUND (no_results, rows=0, evaluated=0) [2s]
  [4840/5163] cnp=8834101 · NOT_FOUND (no_results, rows=0, evaluated=0) [2s]
    [checkpoint] saved · 4840/5163 · rate=0.18/s · eta=29m52s
  [4841/5163] cnp=8883629 · NOT_FOUND (no_results, rows=0, evaluated=0) [2s]
  [4842/5163] cnp=8883637 · NOT_FOUND (no_results, rows=0, evaluated=0) [2s]
  [4843/5163] cnp=8888222 · NOT_FOUND (no_cnp_match, rows=4, evaluated=3) [10s]
  [4844/5163] cnp=8889600 · NOT_FOUND (no_results, rows=0, evaluated=0) [2s]
  [4845/5163] cnp=8890012 · NOT_FOUND (no_cnp_match, rows=4, evaluated=3) [10s]
  [4846/5163] cnp=8896423 · NOT_FOUND (no_results, rows=0, evaluated=0) [2s]
  [4847/5163] cnp=8900019 · NOT_FOUND (no_results, rows=0, evaluated=0) [2s]
  [4848/5163] cnp=8906404 ✓ MATCHED "Buscopan" (A03BB01) +0 siblings (added=1) [11s, evaluated=3]
  [4849/5163] cnp=8912410 · NOT_FOUND (no_results, rows=0, evaluated=0) [2s]
  [4850/5163] cnp=8913418 · NOT_FOUND (no_results, rows=0, evaluated=0) [2s]
    [checkpoint] saved · 4850/5163 · rate=0.18/s · eta=28m57s
  [4851/5163] cnp=8913426 · NOT_FOUND (no_results, rows=0, evaluated=0) [2s]
  [4852/5163] cnp=8916304 · NOT_FOUND (no_results, rows=0, evaluated=0) [2s]
  [4853/5163] cnp=8920710 ✓ MATCHED "Akineton" (N04AA02) +1 siblings (added=2) [10s, evaluated=3]
  [4854/5163] cnp=8922500 · NOT_FOUND (no_results, rows=0, evaluated=0) [2s]
  [4855/5163] cnp=8933036 ✓ MATCHED "Artane" (N04AA01) +1 siblings (added=2) [8s, evaluated=2]
    [session] rotation após 30 searches; cooldown 30000ms
  [4856/5163] cnp=8933051 ✓ MATCHED "Artane" (N04AA01) +1 siblings (added=2) [38s, evaluated=2]
  [4857/5163] cnp=8957704 · NOT_FOUND (no_results, rows=0, evaluated=0) [2s]
  [4858/5163] cnp=8993709 · NOT_FOUND (no_results, rows=0, evaluated=0) [2s]
  [4859/5163] cnp=8997320 · NOT_FOUND (no_cnp_match, rows=2, evaluated=2) [8s]
  [4860/5163] cnp=9001529 · NOT_FOUND (no_results, rows=0, evaluated=0) [2s]
    [checkpoint] saved · 4860/5163 · rate=0.18/s · eta=28m04s
  [4861/5163] cnp=9001537 · NOT_FOUND (no_results, rows=0, evaluated=0) [2s]
  [4862/5163] cnp=9005405 · NOT_FOUND (no_results, rows=0, evaluated=0) [2s]
  [4863/5163] cnp=9014407 · NOT_FOUND (no_results, rows=0, evaluated=0) [2s]
  [4864/5163] cnp=9014415 · NOT_FOUND (no_results, rows=0, evaluated=0) [2s]
  [4865/5163] cnp=9016477 · NOT_FOUND (no_results, rows=0, evaluated=0) [2s]
  [4866/5163] cnp=9037903 · NOT_FOUND (no_results, rows=0, evaluated=0) [2s]
  [4867/5163] cnp=9046714 ✓ MATCHED "Aldactone" (C03DA01) +1 siblings (added=2) [8s, evaluated=2]
  [4868/5163] cnp=9046755 ✓ MATCHED "Aldactone" (C03DA01) +3 siblings (added=4) [9s, evaluated=2]
  [4869/5163] cnp=9064873 · NOT_FOUND (no_results, rows=0, evaluated=0) [2s]
  [4870/5163] cnp=9076968 · NOT_FOUND (no_results, rows=0, evaluated=0) [2s]
    [checkpoint] saved · 4870/5163 · rate=0.18/s · eta=27m08s
  [4871/5163] cnp=9078642 · NOT_FOUND (no_results, rows=0, evaluated=0) [2s]
  [4872/5163] cnp=9084202 · NOT_FOUND (no_results, rows=0, evaluated=0) [2s]
  [4873/5163] cnp=9084210 · NOT_FOUND (no_results, rows=0, evaluated=0) [2s]
  [4874/5163] cnp=9085225 · NOT_FOUND (no_results, rows=0, evaluated=0) [2s]
  [4875/5163] cnp=9085233 ✓ MATCHED "Flindix" (C01DA08) +2 siblings (added=3) [10s, evaluated=3]
  [4876/5163] cnp=9093849 ✓ MATCHED "Bialzepam" (N05BA01) +2 siblings (added=3) [10s, evaluated=3]
  [4877/5163] cnp=9093856 ✓ MATCHED "Bialzepam" (N05BA01) +2 siblings (added=0) [10s, evaluated=3]
  [4878/5163] cnp=9101808 · NOT_FOUND (no_results, rows=0, evaluated=0) [2s]
  [4879/5163] cnp=9101824 · NOT_FOUND (no_results, rows=0, evaluated=0) [2s]
  [4880/5163] cnp=9104133 · NOT_FOUND (no_cnp_match, rows=3, evaluated=3) [10s]
    [checkpoint] saved · 4880/5163 · rate=0.18/s · eta=26m13s
  [4881/5163] cnp=9138222 ✓ MATCHED "Primperan" (A03FA01) +1 siblings (added=2) [10s, evaluated=3]
  [4882/5163] cnp=9138230 ✓ MATCHED "Primperan" (A03FA01) +1 siblings (added=0) [10s, evaluated=3]
  [4883/5163] cnp=9138305 · NOT_FOUND (no_results, rows=0, evaluated=0) [2s]
  [4884/5163] cnp=9138404 · NOT_FOUND (no_results, rows=0, evaluated=0) [2s]
  [4885/5163] cnp=9144006 · NOT_FOUND (no_results, rows=0, evaluated=0) [2s]
    [session] rotation após 30 searches; cooldown 30000ms
  [4886/5163] cnp=9144030 ✓ MATCHED "Tegretol" (N03AF01) +1 siblings (added=2) [40s, evaluated=3]
  [4887/5163] cnp=9144055 ✓ MATCHED "Tegretol" (N03AF01) +0 siblings (added=1) [10s, evaluated=3]
  [4888/5163] cnp=9144097 · NOT_FOUND (no_results, rows=0, evaluated=0) [2s]
  [4889/5163] cnp=9155333 · NOT_FOUND (no_results, rows=0, evaluated=0) [2s]
  [4890/5163] cnp=9193730 ✓ MATCHED "Zurim" (M04AA01) +1 siblings (added=2) [8s, evaluated=2]
    [checkpoint] saved · 4890/5163 · rate=0.18/s · eta=25m20s
  [4891/5163] cnp=9193755 ✓ MATCHED "Zurim" (M04AA01) +1 siblings (added=2) [8s, evaluated=2]
  [4892/5163] cnp=9194308 · NOT_FOUND (no_results, rows=0, evaluated=0) [2s]
  [4893/5163] cnp=9200626 · NOT_FOUND (no_cnp_match, rows=2, evaluated=2) [8s]
  [4894/5163] cnp=9202341 · NOT_FOUND (no_results, rows=0, evaluated=0) [2s]
  [4895/5163] cnp=9202549 · NOT_FOUND (no_results, rows=0, evaluated=0) [2s]
  [4896/5163] cnp=9215038 ✓ MATCHED "Zyloric" (M04AA01) +0 siblings (added=1) [8s, evaluated=2]
  [4897/5163] cnp=9215053 ✓ MATCHED "Zyloric" (M04AA01) +1 siblings (added=2) [8s, evaluated=2]
  [4898/5163] cnp=9222109 · NOT_FOUND (no_results, rows=0, evaluated=0) [2s]
  [4899/5163] cnp=9224501 · NOT_FOUND (no_results, rows=0, evaluated=0) [2s]
  [4900/5163] cnp=9232116 · NOT_FOUND (no_cnp_match, rows=2, evaluated=2) [8s]
    [checkpoint] saved · 4900/5163 · rate=0.18/s · eta=24m25s
  [4901/5163] cnp=9238402 · NOT_FOUND (no_results, rows=0, evaluated=0) [2s]
  [4902/5163] cnp=9241307 ✓ MATCHED "Dogmatil" (N05AL01) +1 siblings (added=2) [8s, evaluated=2]
  [4903/5163] cnp=9250126 ✓ MATCHED "Stugeron" (N07CA02) +1 siblings (added=2) [8s, evaluated=2]
  [4904/5163] cnp=9254813 ✓ MATCHED "Bisolvon" (R05CB02) +0 siblings (added=1) [10s, evaluated=3]
  [4905/5163] cnp=9257303 · NOT_FOUND (no_cnp_match, rows=3, evaluated=3) [11s]
  [4906/5163] cnp=9262592 · NOT_FOUND (no_results, rows=0, evaluated=0) [2s]
  [4907/5163] cnp=9263004 · NOT_FOUND (no_results, rows=0, evaluated=0) [2s]
  [4908/5163] cnp=9264010 · NOT_FOUND (no_results, rows=0, evaluated=0) [2s]
  [4909/5163] cnp=9264309 · NOT_FOUND (no_results, rows=0, evaluated=0) [2s]
    [503] backoff 10000ms before retry 1/3 (cnp=9267401)
    [503] backoff 30000ms before retry 2/3 (cnp=9267401)
  [4910/5163] cnp=9267401 · NOT_FOUND (no_results, rows=0, evaluated=0) [44s]
    [checkpoint] saved · 4910/5163 · rate=0.18/s · eta=23m32s
  [4911/5163] cnp=9272435 · NOT_FOUND (no_results, rows=0, evaluated=0) [2s]
  [4912/5163] cnp=9275602 · NOT_FOUND (no_results, rows=0, evaluated=0) [2s]
  [4913/5163] cnp=9276147 · NOT_FOUND (no_results, rows=0, evaluated=0) [2s]
  [4914/5163] cnp=9281626 · NOT_FOUND (no_results, rows=0, evaluated=0) [2s]
  [4915/5163] cnp=9286831 · NOT_FOUND (no_results, rows=0, evaluated=0) [2s]
  [4916/5163] cnp=9289231 · NOT_FOUND (no_results, rows=0, evaluated=0) [2s]
  [4917/5163] cnp=9295436 · NOT_FOUND (no_results, rows=0, evaluated=0) [2s]
  [4918/5163] cnp=9298265 ✓ MATCHED "Lorsedal" (N05BA06) +2 siblings (added=3) [11s, evaluated=3]
  [4919/5163] cnp=9298273 ✓ MATCHED "Lorsedal" (N05BA06) +2 siblings (added=3) [10s, evaluated=3]
  [4920/5163] cnp=9300012 · NOT_FOUND (no_results, rows=0, evaluated=0) [2s]
    [checkpoint] saved · 4920/5163 · rate=0.18/s · eta=22m36s
  [4921/5163] cnp=9301408 · NOT_FOUND (no_results, rows=0, evaluated=0) [2s]
  [4922/5163] cnp=9306365 · NOT_FOUND (no_results, rows=0, evaluated=0) [2s]
  [4923/5163] cnp=9310128 · NOT_FOUND (no_results, rows=0, evaluated=0) [2s]
  [4924/5163] cnp=9310136 · NOT_FOUND (no_results, rows=0, evaluated=0) [2s]
  [4925/5163] cnp=9317214 · NOT_FOUND (no_results, rows=0, evaluated=0) [2s]
  [4926/5163] cnp=9319830 ✓ MATCHED "Lioresal" (M03BX01) +1 siblings (added=2) [11s, evaluated=3]
  [4927/5163] cnp=9319855 ✓ MATCHED "Lioresal" (M03BX01) +0 siblings (added=1) [10s, evaluated=3]
  [4928/5163] cnp=9326702 · NOT_FOUND (no_cnp_match, rows=4, evaluated=3) [11s]
  [4929/5163] cnp=9350116 · NOT_FOUND (no_results, rows=0, evaluated=0) [2s]
  [4930/5163] cnp=9359703 ✓ MATCHED "Pantelmin" (P02CA01) +1 siblings (added=2) [8s, evaluated=2]
    [checkpoint] saved · 4930/5163 · rate=0.18/s · eta=21m41s
  [4931/5163] cnp=9363309 · NOT_FOUND (no_results, rows=0, evaluated=0) [2s]
  [4932/5163] cnp=9363507 · NOT_FOUND (no_results, rows=0, evaluated=0) [2s]
  [4933/5163] cnp=9363515 · NOT_FOUND (no_results, rows=0, evaluated=0) [2s]
  [4934/5163] cnp=9368027 · NOT_FOUND (no_cnp_match, rows=2, evaluated=2) [8s]
  [4935/5163] cnp=9368910 · NOT_FOUND (no_results, rows=0, evaluated=0) [2s]
  [4936/5163] cnp=9373449 · NOT_FOUND (no_results, rows=0, evaluated=0) [2s]
  [4937/5163] cnp=9375857 · NOT_FOUND (no_results, rows=0, evaluated=0) [2s]
  [4938/5163] cnp=9375865 · NOT_FOUND (no_results, rows=0, evaluated=0) [2s]
  [4939/5163] cnp=9375881 · NOT_FOUND (no_results, rows=0, evaluated=0) [2s]
    [session] rotation após 30 searches; cooldown 30000ms
  [4940/5163] cnp=9375915 · NOT_FOUND (no_results, rows=0, evaluated=0) [32s]
    [checkpoint] saved · 4940/5163 · rate=0.18/s · eta=20m46s
  [4941/5163] cnp=9376004 · NOT_FOUND (no_results, rows=0, evaluated=0) [2s]
  [4942/5163] cnp=9382424 · NOT_FOUND (no_results, rows=0, evaluated=0) [2s]
  [4943/5163] cnp=9382432 · NOT_FOUND (no_results, rows=0, evaluated=0) [2s]
  [4944/5163] cnp=9382457 · NOT_FOUND (no_results, rows=0, evaluated=0) [2s]
  [4945/5163] cnp=9385104 ✓ MATCHED "Imodium" (A07DA03) +1 siblings (added=2) [10s, evaluated=3]
  [4946/5163] cnp=9396010 · NOT_FOUND (no_results, rows=0, evaluated=0) [2s]
  [4947/5163] cnp=9396036 · NOT_FOUND (no_results, rows=0, evaluated=0) [2s]
  [4948/5163] cnp=9396101 · NOT_FOUND (no_results, rows=0, evaluated=0) [2s]
  [4949/5163] cnp=9396812 · NOT_FOUND (no_results, rows=0, evaluated=0) [2s]
  [4950/5163] cnp=9396853 · NOT_FOUND (no_results, rows=0, evaluated=0) [2s]
    [checkpoint] saved · 4950/5163 · rate=0.18/s · eta=19m50s
  [4951/5163] cnp=9396879 · NOT_FOUND (no_results, rows=0, evaluated=0) [2s]
  [4952/5163] cnp=9405902 · NOT_FOUND (no_results, rows=0, evaluated=0) [2s]
  [4953/5163] cnp=9416065 · NOT_FOUND (no_results, rows=0, evaluated=0) [2s]
  [4954/5163] cnp=9416081 · NOT_FOUND (no_results, rows=0, evaluated=0) [2s]
  [4955/5163] cnp=9418004 · NOT_FOUND (no_results, rows=0, evaluated=0) [2s]
  [4956/5163] cnp=9419309 · NOT_FOUND (no_results, rows=0, evaluated=0) [2s]
  [4957/5163] cnp=9419408 · NOT_FOUND (no_results, rows=0, evaluated=0) [2s]
  [4958/5163] cnp=9422501 ✓ MATCHED "Cefradur" (J01DB09) +2 siblings (added=3) [10s, evaluated=3]
  [4959/5163] cnp=9424036 · NOT_FOUND (no_results, rows=0, evaluated=0) [2s]
  [4960/5163] cnp=9427823 · NOT_FOUND (no_results, rows=0, evaluated=0) [2s]
    [checkpoint] saved · 4960/5163 · rate=0.18/s · eta=18m53s
  [4961/5163] cnp=9427831 · NOT_FOUND (no_results, rows=0, evaluated=0) [2s]
  [4962/5163] cnp=9427864 · NOT_FOUND (no_results, rows=0, evaluated=0) [2s]
  [4963/5163] cnp=9430736 · NOT_FOUND (no_cnp_match, rows=3, evaluated=3) [10s]
  [4964/5163] cnp=9434126 · NOT_FOUND (no_cnp_match, rows=3, evaluated=3) [10s]
  [4965/5163] cnp=9434423 ✓ MATCHED "Toloxim" (P02CA01) +1 siblings (added=2) [8s, evaluated=2]
  [4966/5163] cnp=9443424 · NOT_FOUND (no_results, rows=0, evaluated=0) [2s]
  [4967/5163] cnp=9447037 · NOT_FOUND (no_results, rows=0, evaluated=0) [2s]
  [4968/5163] cnp=9452144 ✓ MATCHED "Castilium" (N05BA09) +2 siblings (added=3) [8s, evaluated=2]
  [4969/5163] cnp=9454504 · NOT_FOUND (no_results, rows=0, evaluated=0) [2s]
    [session] rotation após 30 searches; cooldown 30000ms
  [4970/5163] cnp=9454611 · NOT_FOUND (no_results, rows=0, evaluated=0) [32s]
    [checkpoint] saved · 4970/5163 · rate=0.18/s · eta=17m59s
  [4971/5163] cnp=9457531 · NOT_FOUND (no_results, rows=0, evaluated=0) [2s]
  [4972/5163] cnp=9458323 · NOT_FOUND (no_results, rows=0, evaluated=0) [2s]
  [4973/5163] cnp=9465518 ✓ MATCHED "Ulcermin" (A02BX02) +2 siblings (added=3) [8s, evaluated=2]
  [4974/5163] cnp=9465526 ✓ MATCHED "Ulcermin" (A02BX02) +2 siblings (added=0) [8s, evaluated=2]
  [4975/5163] cnp=9466326 · NOT_FOUND (no_results, rows=0, evaluated=0) [2s]
  [4976/5163] cnp=9466334 · NOT_FOUND (no_results, rows=0, evaluated=0) [2s]
  [4977/5163] cnp=9467217 · NOT_FOUND (no_cnp_match, rows=2, evaluated=2) [8s]
  [4978/5163] cnp=9472126 · NOT_FOUND (no_cnp_match, rows=2, evaluated=2) [8s]
  [4979/5163] cnp=9472407 · NOT_FOUND (no_results, rows=0, evaluated=0) [2s]
  [4980/5163] cnp=9475905 · NOT_FOUND (no_results, rows=0, evaluated=0) [2s]
    [checkpoint] saved · 4980/5163 · rate=0.18/s · eta=17m03s
  [4981/5163] cnp=9475913 · NOT_FOUND (no_results, rows=0, evaluated=0) [2s]
  [4982/5163] cnp=9476408 · NOT_FOUND (no_results, rows=0, evaluated=0) [2s]
  [4983/5163] cnp=9477331 · NOT_FOUND (no_results, rows=0, evaluated=0) [2s]
  [4984/5163] cnp=9477349 · NOT_FOUND (no_results, rows=0, evaluated=0) [2s]
  [4985/5163] cnp=9478206 ✓ MATCHED "Parlodel" (G02CB01) +1 siblings (added=2) [10s, evaluated=3]
  [4986/5163] cnp=9478214 · NOT_FOUND (no_results, rows=0, evaluated=0) [2s]
  [4987/5163] cnp=9486514 · NOT_FOUND (no_results, rows=0, evaluated=0) [2s]
  [4988/5163] cnp=9488122 · NOT_FOUND (no_cnp_match, rows=3, evaluated=3) [10s]
  [4989/5163] cnp=9488130 · NOT_FOUND (no_results, rows=0, evaluated=0) [2s]
  [4990/5163] cnp=9489724 · NOT_FOUND (no_cnp_match, rows=3, evaluated=3) [10s]
    [checkpoint] saved · 4990/5163 · rate=0.18/s · eta=16m07s
  [4991/5163] cnp=9489732 · NOT_FOUND (no_cnp_match, rows=3, evaluated=3) [10s]
  [4992/5163] cnp=9492231 · NOT_FOUND (no_results, rows=0, evaluated=0) [2s]
  [4993/5163] cnp=9493106 · NOT_FOUND (no_results, rows=0, evaluated=0) [2s]
  [4994/5163] cnp=9493601 · NOT_FOUND (no_results, rows=0, evaluated=0) [2s]
  [4995/5163] cnp=9497032 ✓ MATCHED "Tiapridal" (N05AL03) +1 siblings (added=2) [8s, evaluated=2]
  [4996/5163] cnp=9505123 · NOT_FOUND (no_results, rows=0, evaluated=0) [2s]
  [4997/5163] cnp=9505164 · NOT_FOUND (no_results, rows=0, evaluated=0) [2s]
  [4998/5163] cnp=9507327 ✓ MATCHED "Lepicortinolo" (H02AB06) +1 siblings (added=2) [10s, evaluated=3]
  [4999/5163] cnp=9507343 ✓ MATCHED "Lepicortinolo" (H02AB06) +1 siblings (added=2) [10s, evaluated=3]
    [session] rotation após 30 searches; cooldown 30000ms
  [5000/5163] cnp=9507368 ✓ MATCHED "Lepicortinolo" (H02AB06) +1 siblings (added=0) [40s, evaluated=3]
    [checkpoint] saved · 5000/5163 · rate=0.18/s · eta=15m13s
  [5001/5163] cnp=9507376 ✓ MATCHED "Lepicortinolo" (H02AB06) +1 siblings (added=0) [10s, evaluated=3]
  [5002/5163] cnp=9512434 ✓ MATCHED "Nolotil" (N02BB) +2 siblings (added=3) [8s, evaluated=2]
  [5003/5163] cnp=9512814 · NOT_FOUND (no_results, rows=0, evaluated=0) [2s]
  [5004/5163] cnp=9512822 · NOT_FOUND (no_results, rows=0, evaluated=0) [2s]
  [5005/5163] cnp=9514802 ✓ MATCHED "Cinet" (A03FA03) +1 siblings (added=2) [10s, evaluated=3]
  [5006/5163] cnp=9514828 ✓ MATCHED "Cinet" (A03FA03) +1 siblings (added=0) [10s, evaluated=3]
  [5007/5163] cnp=9515841 · NOT_FOUND (no_cnp_match, rows=3, evaluated=3) [10s]
  [5008/5163] cnp=9521153 ✓ MATCHED "Cloxam" (N05BA22) +2 siblings (added=3) [8s, evaluated=2]
  [5009/5163] cnp=9524033 · NOT_FOUND (no_results, rows=0, evaluated=0) [2s]
  [5010/5163] cnp=9524215 · NOT_FOUND (no_results, rows=0, evaluated=0) [2s]
    [checkpoint] saved · 5010/5163 · rate=0.18/s · eta=14m18s
  [5011/5163] cnp=9529230 ✓ MATCHED "Broncho-Vaxom Adulto" (R07AX) +1 siblings (added=0) [10s, evaluated=3]
  [5012/5163] cnp=9531921 ✓ MATCHED "Reumoxican" (M01AC01) +3 siblings (added=0) [10s, evaluated=3]
  [5013/5163] cnp=9533513 · NOT_FOUND (no_results, rows=0, evaluated=0) [2s]
  [5014/5163] cnp=9540906 ✓ MATCHED "Cefradur" (J01DB09) +2 siblings (added=3) [10s, evaluated=3]
  [5015/5163] cnp=9543405 · NOT_FOUND (no_results, rows=0, evaluated=0) [2s]
  [5016/5163] cnp=9546838 · NOT_FOUND (no_cnp_match, rows=3, evaluated=3) [10s]
  [5017/5163] cnp=9557603 · NOT_FOUND (no_results, rows=0, evaluated=0) [2s]
  [5018/5163] cnp=9563254 · NOT_FOUND (no_cnp_match, rows=3, evaluated=3) [10s]
  [5019/5163] cnp=9567131 · NOT_FOUND (no_results, rows=0, evaluated=0) [2s]
  [5020/5163] cnp=9567248 · NOT_FOUND (no_cnp_match, rows=3, evaluated=3) [10s]
    [checkpoint] saved · 5020/5163 · rate=0.18/s · eta=13m23s
  [5021/5163] cnp=9568717 · NOT_FOUND (no_results, rows=0, evaluated=0) [2s]
  [5022/5163] cnp=9577700 ✓ MATCHED "Cipamox" (J01CA04) +1 siblings (added=2) [10s, evaluated=3]
  [5023/5163] cnp=9578914 · NOT_FOUND (no_results, rows=0, evaluated=0) [2s]
  [5024/5163] cnp=9579003 · NOT_FOUND (no_results, rows=0, evaluated=0) [2s]
  [5025/5163] cnp=9580407 · NOT_FOUND (no_results, rows=0, evaluated=0) [2s]
  [5026/5163] cnp=9584003 · NOT_FOUND (no_results, rows=0, evaluated=0) [2s]
  [5027/5163] cnp=9584011 · NOT_FOUND (no_results, rows=0, evaluated=0) [2s]
  [5028/5163] cnp=9585000 · NOT_FOUND (no_results, rows=0, evaluated=0) [2s]
  [5029/5163] cnp=9588822 · NOT_FOUND (no_results, rows=0, evaluated=0) [2s]
    [session] rotation após 30 searches; cooldown 30000ms
  [5030/5163] cnp=9589614 · NOT_FOUND (no_results, rows=0, evaluated=0) [32s]
    [checkpoint] saved · 5030/5163 · rate=0.18/s · eta=12m27s
  [5031/5163] cnp=9589622 · NOT_FOUND (no_results, rows=0, evaluated=0) [2s]
  [5032/5163] cnp=9596213 · NOT_FOUND (no_results, rows=0, evaluated=0) [2s]
  [5033/5163] cnp=9596254 · NOT_FOUND (no_results, rows=0, evaluated=0) [2s]
  [5034/5163] cnp=9599258 · NOT_FOUND (no_results, rows=0, evaluated=0) [2s]
  [5035/5163] cnp=9599621 · NOT_FOUND (no_results, rows=0, evaluated=0) [2s]
  [5036/5163] cnp=9610725 · NOT_FOUND (no_results, rows=0, evaluated=0) [2s]
  [5037/5163] cnp=9613406 ✓ MATCHED "Socian" (N05AL05) +2 siblings (added=3) [8s, evaluated=2]
  [5038/5163] cnp=9616904 · NOT_FOUND (no_cnp_match, rows=2, evaluated=2) [8s]
  [5039/5163] cnp=9621714 · NOT_FOUND (no_results, rows=0, evaluated=0) [2s]
  [5040/5163] cnp=9622704 · NOT_FOUND (no_results, rows=0, evaluated=0) [2s]
    [checkpoint] saved · 5040/5163 · rate=0.18/s · eta=11m31s
  [5041/5163] cnp=9622712 · NOT_FOUND (no_results, rows=0, evaluated=0) [2s]
  [5042/5163] cnp=9624304 · NOT_FOUND (no_results, rows=0, evaluated=0) [2s]
  [5043/5163] cnp=9624510 · NOT_FOUND (no_results, rows=0, evaluated=0) [2s]
  [5044/5163] cnp=9625814 · NOT_FOUND (no_results, rows=0, evaluated=0) [2s]
  [5045/5163] cnp=9626606 · NOT_FOUND (no_results, rows=0, evaluated=0) [2s]
  [5046/5163] cnp=9627307 · NOT_FOUND (no_results, rows=0, evaluated=0) [2s]
  [5047/5163] cnp=9627406 · NOT_FOUND (no_results, rows=0, evaluated=0) [2s]
  [5048/5163] cnp=9628727 · NOT_FOUND (no_results, rows=0, evaluated=0) [2s]
  [5049/5163] cnp=9629113 · NOT_FOUND (no_cnp_match, rows=2, evaluated=2) [8s]
    [session] refresh falhou (refresh HTTP 503); rota.
    [503] backoff 10000ms before retry 1/3 (cnp=9632018)
    [503] backoff 30000ms before retry 2/3 (cnp=9632018)
  [5050/5163] cnp=9632018 ✓ MATCHED "Ursofalk" (A05AA02) +1 siblings (added=2) [48s, evaluated=2]
    [checkpoint] saved · 5050/5163 · rate=0.18/s · eta=10m35s
  [5051/5163] cnp=9634808 · NOT_FOUND (no_results, rows=0, evaluated=0) [2s]
  [5052/5163] cnp=9639807 · NOT_FOUND (no_results, rows=0, evaluated=0) [2s]
  [5053/5163] cnp=9639930 · NOT_FOUND (no_results, rows=0, evaluated=0) [2s]
  [5054/5163] cnp=9641621 · NOT_FOUND (no_results, rows=0, evaluated=0) [2s]
  [5055/5163] cnp=9647008 · NOT_FOUND (no_results, rows=0, evaluated=0) [2s]
  [5056/5163] cnp=9647800 · NOT_FOUND (no_results, rows=0, evaluated=0) [2s]
  [5057/5163] cnp=9647909 · NOT_FOUND (no_results, rows=0, evaluated=0) [2s]
  [5058/5163] cnp=9660910 · NOT_FOUND (no_results, rows=0, evaluated=0) [2s]
  [5059/5163] cnp=9661637 · NOT_FOUND (no_results, rows=0, evaluated=0) [2s]
  [5060/5163] cnp=9666016 ✓ MATCHED "Buscalma 5" (N05BE01) +1 siblings (added=2) [8s, evaluated=2]
    [checkpoint] saved · 5060/5163 · rate=0.18/s · eta=9m39s
  [5061/5163] cnp=9666032 ✓ MATCHED "Buscalma 10" (N05BE01) +1 siblings (added=2) [8s, evaluated=2]
  [5062/5163] cnp=9672808 · NOT_FOUND (no_results, rows=0, evaluated=0) [2s]
  [5063/5163] cnp=9679704 · NOT_FOUND (no_results, rows=0, evaluated=0) [2s]
  [5064/5163] cnp=9679712 · NOT_FOUND (no_results, rows=0, evaluated=0) [2s]
  [5065/5163] cnp=9679720 · NOT_FOUND (no_results, rows=0, evaluated=0) [2s]
  [5066/5163] cnp=9680801 · NOT_FOUND (no_results, rows=0, evaluated=0) [2s]
  [5067/5163] cnp=9685602 · NOT_FOUND (no_results, rows=0, evaluated=0) [2s]
  [5068/5163] cnp=9685610 · NOT_FOUND (no_results, rows=0, evaluated=0) [2s]
  [5069/5163] cnp=9685701 · NOT_FOUND (no_results, rows=0, evaluated=0) [2s]
  [5070/5163] cnp=9685800 · NOT_FOUND (no_results, rows=0, evaluated=0) [2s]
    [checkpoint] saved · 5070/5163 · rate=0.18/s · eta=8m42s
  [5071/5163] cnp=9685818 · NOT_FOUND (no_results, rows=0, evaluated=0) [2s]
  [5072/5163] cnp=9686105 · NOT_FOUND (no_results, rows=0, evaluated=0) [2s]
  [5073/5163] cnp=9686725 · NOT_FOUND (no_results, rows=0, evaluated=0) [2s]
  [5074/5163] cnp=9688416 ✓ MATCHED "Venosmil" (C05CA05) +1 siblings (added=2) [10s, evaluated=3]
  [5075/5163] cnp=9689208 · NOT_FOUND (no_results, rows=0, evaluated=0) [2s]
  [5076/5163] cnp=9689513 · NOT_FOUND (no_results, rows=0, evaluated=0) [2s]
  [5077/5163] cnp=9698100 · NOT_FOUND (no_results, rows=0, evaluated=0) [2s]
  [5078/5163] cnp=9702407 · NOT_FOUND (no_cnp_match, rows=3, evaluated=3) [10s]
  [5079/5163] cnp=9705814 · NOT_FOUND (no_results, rows=0, evaluated=0) [2s]
    [session] rotation após 30 searches; cooldown 30000ms
  [5080/5163] cnp=9712109 · NOT_FOUND (no_results, rows=0, evaluated=0) [32s]
    [checkpoint] saved · 5080/5163 · rate=0.18/s · eta=7m46s
  [5081/5163] cnp=9717900 · NOT_FOUND (no_results, rows=0, evaluated=0) [2s]
  [5082/5163] cnp=9719807 · NOT_FOUND (no_results, rows=0, evaluated=0) [2s]
  [5083/5163] cnp=9722207 · NOT_FOUND (no_results, rows=0, evaluated=0) [2s]
  [5084/5163] cnp=9722215 · NOT_FOUND (no_results, rows=0, evaluated=0) [2s]
  [5085/5163] cnp=9722603 · NOT_FOUND (no_results, rows=0, evaluated=0) [2s]
  [5086/5163] cnp=9722611 · NOT_FOUND (no_results, rows=0, evaluated=0) [2s]
  [5087/5163] cnp=9725119 · NOT_FOUND (no_results, rows=0, evaluated=0) [2s]
  [5088/5163] cnp=9725200 · NOT_FOUND (no_results, rows=0, evaluated=0) [2s]
  [5089/5163] cnp=9727503 · NOT_FOUND (no_results, rows=0, evaluated=0) [2s]
  [5090/5163] cnp=9740514 · NOT_FOUND (no_results, rows=0, evaluated=0) [2s]
    [checkpoint] saved · 5090/5163 · rate=0.18/s · eta=6m50s
  [5091/5163] cnp=9742809 · NOT_FOUND (no_results, rows=0, evaluated=0) [2s]
  [5092/5163] cnp=9746008 · NOT_FOUND (no_results, rows=0, evaluated=0) [2s]
  [5093/5163] cnp=9751305 · NOT_FOUND (no_results, rows=0, evaluated=0) [2s]
  [5094/5163] cnp=9754119 · NOT_FOUND (no_results, rows=0, evaluated=0) [2s]
  [5095/5163] cnp=9758508 · NOT_FOUND (no_results, rows=0, evaluated=0) [2s]
  [5096/5163] cnp=9766105 · NOT_FOUND (no_results, rows=0, evaluated=0) [2s]
  [5097/5163] cnp=9767004 · NOT_FOUND (no_results, rows=0, evaluated=0) [2s]
  [5098/5163] cnp=9767103 · NOT_FOUND (no_results, rows=0, evaluated=0) [2s]
  [5099/5163] cnp=9767814 ✓ MATCHED "Ansiten 5" (N05BE01) +1 siblings (added=2) [8s, evaluated=2]
  [5100/5163] cnp=9767830 · NOT_FOUND (no_results, rows=0, evaluated=0) [2s]
    [checkpoint] saved · 5100/5163 · rate=0.18/s · eta=5m53s
  [5101/5163] cnp=9768424 · NOT_FOUND (no_cnp_match, rows=2, evaluated=2) [8s]
  [5102/5163] cnp=9769414 · NOT_FOUND (no_results, rows=0, evaluated=0) [2s]
  [5103/5163] cnp=9770214 · NOT_FOUND (no_cnp_match, rows=2, evaluated=2) [8s]
  [5104/5163] cnp=9774109 · NOT_FOUND (no_results, rows=0, evaluated=0) [2s]
  [5105/5163] cnp=9774208 · NOT_FOUND (no_results, rows=0, evaluated=0) [2s]
  [5106/5163] cnp=9776203 · NOT_FOUND (no_results, rows=0, evaluated=0) [2s]
  [5107/5163] cnp=9782102 · NOT_FOUND (no_results, rows=0, evaluated=0) [2s]
  [5108/5163] cnp=9789917 · NOT_FOUND (no_results, rows=0, evaluated=0) [2s]
  [5109/5163] cnp=9789933 · NOT_FOUND (no_results, rows=0, evaluated=0) [2s]
    [session] rotation após 30 searches; cooldown 30000ms
  [5110/5163] cnp=9790006 · NOT_FOUND (no_results, rows=0, evaluated=0) [32s]
    [checkpoint] saved · 5110/5163 · rate=0.18/s · eta=4m58s
  [5111/5163] cnp=9790014 · NOT_FOUND (no_results, rows=0, evaluated=0) [2s]
  [5112/5163] cnp=9790527 · NOT_FOUND (no_results, rows=0, evaluated=0) [2s]
  [5113/5163] cnp=9791939 · NOT_FOUND (no_results, rows=0, evaluated=0) [2s]
  [5114/5163] cnp=9796516 · NOT_FOUND (no_results, rows=0, evaluated=0) [2s]
  [5115/5163] cnp=9817700 · NOT_FOUND (no_results, rows=0, evaluated=0) [2s]
  [5116/5163] cnp=9833905 · NOT_FOUND (no_results, rows=0, evaluated=0) [2s]
  [5117/5163] cnp=9852707 · NOT_FOUND (no_results, rows=0, evaluated=0) [2s]
  [5118/5163] cnp=9854315 · NOT_FOUND (no_results, rows=0, evaluated=0) [2s]
  [5119/5163] cnp=9854711 · NOT_FOUND (no_results, rows=0, evaluated=0) [2s]
  [resolve cnp=9855015] candidato row=0 (ASP) falhou: click row HTTP 503
  [resolve cnp=9855015] candidato row=2 (Aspirina GR 100mg Comprimidos Gastrorresistentes) falhou: click row HTTP 503
  [resolve cnp=9855015] candidato row=6 (Aspirina C) falhou: click row HTTP 503
  [5120/5163] cnp=9855015 · NOT_FOUND (no_cnp_match, rows=10, evaluated=3) [9s]
    [checkpoint] saved · 5120/5163 · rate=0.18/s · eta=4m01s
    [session] refresh falhou (refresh HTTP 503); rota.
    [503] backoff 10000ms before retry 1/3 (cnp=9861310)
    [503] backoff 30000ms before retry 2/3 (cnp=9861310)
  [5121/5163] cnp=9861310 · NOT_FOUND (no_results, rows=0, evaluated=0) [42s]
  [5122/5163] cnp=9869404 · NOT_FOUND (no_results, rows=0, evaluated=0) [2s]
  [5123/5163] cnp=9869800 · NOT_FOUND (no_results, rows=0, evaluated=0) [2s]
  [5124/5163] cnp=9873505 · NOT_FOUND (no_results, rows=0, evaluated=0) [2s]
  [5125/5163] cnp=9877522 · NOT_FOUND (no_results, rows=0, evaluated=0) [2s]
  [5126/5163] cnp=9881706 · NOT_FOUND (no_results, rows=0, evaluated=0) [2s]
  [5127/5163] cnp=9883041 · NOT_FOUND (no_results, rows=0, evaluated=0) [2s]
  [5128/5163] cnp=9883306 · NOT_FOUND (no_results, rows=0, evaluated=0) [2s]
  [5129/5163] cnp=9888115 · NOT_FOUND (no_results, rows=0, evaluated=0) [2s]
  [5130/5163] cnp=9888701 · NOT_FOUND (no_results, rows=0, evaluated=0) [2s]
    [checkpoint] saved · 5130/5163 · rate=0.18/s · eta=3m05s
  [5131/5163] cnp=9893503 · NOT_FOUND (no_results, rows=0, evaluated=0) [2s]
  [5132/5163] cnp=9895631 · NOT_FOUND (no_results, rows=0, evaluated=0) [2s]
  [5133/5163] cnp=9895649 · NOT_FOUND (no_results, rows=0, evaluated=0) [2s]
  [5134/5163] cnp=9901116 · NOT_FOUND (no_results, rows=0, evaluated=0) [2s]
  [5135/5163] cnp=9901231 · NOT_FOUND (no_results, rows=0, evaluated=0) [2s]
  [5136/5163] cnp=9901710 · NOT_FOUND (no_results, rows=0, evaluated=0) [2s]
  [5137/5163] cnp=9901728 · NOT_FOUND (no_results, rows=0, evaluated=0) [2s]
  [5138/5163] cnp=9904532 · NOT_FOUND (no_results, rows=0, evaluated=0) [2s]
  [5139/5163] cnp=9904805 · NOT_FOUND (no_results, rows=0, evaluated=0) [2s]
  [5140/5163] cnp=9905109 · NOT_FOUND (no_results, rows=0, evaluated=0) [2s]
    [checkpoint] saved · 5140/5163 · rate=0.18/s · eta=2m09s
  [5141/5163] cnp=9908301 · NOT_FOUND (no_results, rows=0, evaluated=0) [2s]
  [5142/5163] cnp=9908319 · NOT_FOUND (no_results, rows=0, evaluated=0) [2s]
  [5143/5163] cnp=9908731 · NOT_FOUND (no_results, rows=0, evaluated=0) [2s]
  [5144/5163] cnp=9908756 · NOT_FOUND (no_results, rows=0, evaluated=0) [2s]
  [5145/5163] cnp=9909135 · NOT_FOUND (no_results, rows=0, evaluated=0) [2s]
  [5146/5163] cnp=9913723 · NOT_FOUND (no_results, rows=0, evaluated=0) [2s]
  [5147/5163] cnp=9917401 · NOT_FOUND (no_results, rows=0, evaluated=0) [2s]
  [5148/5163] cnp=9924621 · NOT_FOUND (no_results, rows=0, evaluated=0) [2s]
  [5149/5163] cnp=9925206 · NOT_FOUND (no_results, rows=0, evaluated=0) [2s]
  [5150/5163] cnp=9934604 · NOT_FOUND (no_results, rows=0, evaluated=0) [2s]
    [checkpoint] saved · 5150/5163 · rate=0.18/s · eta=1m13s
    [session] rotation após 30 searches; cooldown 30000ms
  [5151/5163] cnp=9935007 · NOT_FOUND (no_results, rows=0, evaluated=0) [32s]
  [5152/5163] cnp=9935916 · NOT_FOUND (no_results, rows=0, evaluated=0) [2s]
  [5153/5163] cnp=9946509 · NOT_FOUND (no_results, rows=0, evaluated=0) [2s]
  [5154/5163] cnp=9948307 · NOT_FOUND (no_results, rows=0, evaluated=0) [2s]
  [5155/5163] cnp=9948406 · NOT_FOUND (no_results, rows=0, evaluated=0) [2s]
  [5156/5163] cnp=9949610 · NOT_FOUND (no_results, rows=0, evaluated=0) [2s]
  [5157/5163] cnp=9977710 · NOT_FOUND (no_results, rows=0, evaluated=0) [2s]
  [5158/5163] cnp=9978205 · NOT_FOUND (no_results, rows=0, evaluated=0) [2s]
  [5159/5163] cnp=9980706 · NOT_FOUND (no_results, rows=0, evaluated=0) [2s]
  [5160/5163] cnp=9988022 · NOT_FOUND (no_results, rows=0, evaluated=0) [2s]
    [checkpoint] saved · 5160/5163 · rate=0.18/s · eta=16s
  [5161/5163] cnp=9989319 · NOT_FOUND (no_results, rows=0, evaluated=0) [2s]
  [5162/5163] cnp=9994913 · NOT_FOUND (no_results, rows=0, evaluated=0) [2s]
  [5163/5163] cnp=9998914 · NOT_FOUND (no_results, rows=0, evaluated=0) [2s]

══════════════════════════════════════════════════════════════════════════
SUMÁRIO
══════════════════════════════════════════════════════════════════════════
  processed:                  5163
  matched_strong:             404
  siblings auto-mapped:       749
  total mapped (file):        1153
  ambiguous:                  0
  not_found:                  5779
  failed:                     0
  HTTP 503 count:             130
  retries (backoff):          130
  sessions created:           215
  session rotations:          214
  avg searches/session:       24.1
  tempo total:                483m26s
  taxa efectiva:              0.18 CNPs/s (10.7/min)
  ETA para 6191 (cohort):     579m41s (extrapolado deste run)
  total notFound (file):      5766

  Exemplos matched (25):
    5091780  Differin 1 Mg/g Gel                            → "Differin                 "  D10AD03   +1 sib
    5102140  Pradaxa 75 Mg 60 Cápsula                       → "Pradaxa                  "  B01AE07   +3 sib
    5102207  Pradaxa, 110 mg x 60 cáps                      → "Pradaxa                  "  B01AE07   +3 sib
    5107677  LANSOPRAZOL ZENTIVA 15 MG X 56 CÁPS            → "Lansoprazol Zentiva
					"  A02BC03   +1 sib
    5108865  Coveram, 5 mg/ 10 mg x 30 comp                 → "Coveram                  "  C09BB04   +1 sib
    5108873  Coveram, 10 mg/5 mg x 30 comp                  → "Coveram                  "  C09BB04   +1 sib
    5108907  Coveram, 10 mg/10 mg x 30 comp                 → "Coveram                  "  C09BB04   +1 sib
    5112081  CIPROTERONA GENERIS 50 MG X 50 COMP            → "Ciproterona Generis 50 mg"  G03HA01   +5 sib
    5133087  Lyrica 25 Mg 14 Cápsula                        → "Lyrica                   "  N02BF02   +4 sib
    5133285  Lyrica, 25 mg x 56 cáps                        → "Lyrica                   "  N02BF02   +4 sib
    5133780  Lyrica, 50 mg x 56 cáps                        → "Lyrica                   "  N02BF02   +4 sib
    5134085  Lyrica, 75 mg x 14 cáps                        → "Lyrica                   "  N02BF02   +2 sib
    5134184  Lyrica, 75 mg x 56 cáps                        → "Lyrica                   "  N02BF02   +2 sib
    5134481  Lyrica, 100 mg x 84 cáps                       → "Lyrica                   "  N02BF02   +2 sib
    5134788  Lyrica, 150 mg x 56 cáps                       → "Lyrica                   "  N02BF02   +2 sib
    5135082  Lyrica, 200 mg x 84 cáps                       → "Lyrica                   "  N02BF02   +2 sib
    5161518  Somazina, 1000 mg/ 4 mL x 5 sol inj amp        → "Somazina                 "  N06BX06   +2 sib
    5177589  ATACAND 32 MG X 56 COMP                        → "Atacand 32 mg            "  C09CA06   +1 sib
    5187745  Hytacand, 32 mg/25 mg x 56 comp                → "Hytacand                 "  C09DA06   +0 sib
    5242813  Rivastigmina Tolife 1.5 Mg 28 Cápsula          → "Rivastigmina toLife
					"  N06DA03   +2 sib
    5267331  Urorec, 4 mg x 30 cáps                         → "Urorec                   "  G04CA04   +1 sib
    5267349  Urorec, 8 mg x 30 cáps                         → "Urorec                   "  G04CA04   +1 sib
    5267406  Silodyx, 8 mg x 30 cáps                        → "Silodyx                  "  G04CA04   +1 sib
    5276589  LANSOPRAZOL AUROVITAS 30 MG X 56 CÁPS          → "Lansoprazol Aurovitas
			"  A02BC03   +3 sib
    5285689  PRAVASTATINA ZENTIVA 40 MG X 60 COMPRIMIDOS    → "Pravastatina Zentiva
				"  C10AA03   +1 sib

  Exemplos not_found (25):
    5082607  Gemfibrozil Generis MG, 600 mg x 60 comp revest     no_results (rows=0, eval=0)
    5082680  Brufen, 200 mg x 20 gran eferv saq                  no_results (rows=0, eval=0)
    5084371  Avamys, 27,5 mcg/dose x 120 susp pulv nasal         no_results (rows=0, eval=0)
    5085212  Seroquel SR, 50 mg x 60 comp lib prol               no_results (rows=0, eval=0)
    5085238  SEROQUEL SR 200 MG 60 COMP. LIB. PROL.              no_results (rows=0, eval=0)
    5086301  Galantamina Generis 8 Mg 56 Comp. Revest. Por Pel.  no_results (rows=0, eval=0)
    5086343  Galantamina Generis 12 Mg 56 Comp. Revest. Por Pel  no_results (rows=0, eval=0)
    5087168  Tizanidina Teva 2 Mg 20 Comp.                       no_results (rows=0, eval=0)
    5087309  Calcitab D, 1500 mg+400 UI x 60 comp orodisp        no_results (rows=0, eval=0)
    5087952  Mirtazapina Aurobindo MG, 30 mg x 30 comp orodisp   no_results (rows=0, eval=0)
    5088919  Trazodona Generis 100 Mg 20 Comp.                   no_results (rows=0, eval=0)
    5088927  Trazodona Generis MG, 100 mg x 60 comp              no_results (rows=0, eval=0)
    5088976  Trazodona Generis 150 Mg 20 Comp.                   no_results (rows=0, eval=0)
    5089008  Trazodona Generis MG, 150 mg x 60 comp              no_results (rows=0, eval=0)
    5089222  Trazodona Ratiopharm MG, 100 mg x 60 comp           no_results (rows=0, eval=0)
    5089933  Indapamida Pharmakern MG, 1,5 mg x 30 comp lib pro  no_results (rows=0, eval=0)
    5090345  Fluvastatina Sandoz MG, 40 mg x 56 cáps             no_results (rows=0, eval=0)
    5090360  Paroxetina Aurobindo MG, 20 mg x 60 comp revest     no_results (rows=0, eval=0)
    5090535  Trazodona Ratiopharm MG, 150 mg x 20 comp           no_results (rows=0, eval=0)
    5090543  Trazodona Ratiopharm MG, 150 mg x 60 comp           no_results (rows=0, eval=0)
    5091889  Differin, 1 mg/g x 60 creme bisn                    no_results (rows=0, eval=0)
    5093323  Ácido Alendrónico Mepha MG, 70 mg x 4 comp          no_results (rows=0, eval=0)
    5093364  Letrozol Farmoz 2.5 Mg 30 Comp. Revest. Por Pel.    no_results (rows=0, eval=0)
    5093844  Irbesartan Ciclum MG, 75 mg x 28 comp               no_results (rows=0, eval=0)
    5093943  IRBESARTAN CICLUM 300 MG 28 COMP.                   no_results (rows=0, eval=0)

  Mapping file: C:\projetos\spharm-mt\scripts\data\infomed-cnp-medguid-mapping.json
══════════════════════════════════════════════════════════════════════════
