──────────────────────────────────────────────────────────────────────
Reprocessamento do catálogo (MEDICAMENTOS-priority)
──────────────────────────────────────────────────────────────────────
  dryRun:          false
  firstBatchOnly:  false
  batchSize:       150
  startFrom:       (nenhum)
  limit:           (sem limite)
  inclui não-med:  false
  skipRetail:      true
  onlyWithAtcOrDci:true
(node:12328) Warning: SECURITY WARNING: The SSL modes 'prefer', 'require', and 'verify-ca' are treated as aliases for 'verify-full'.
In the next major version (pg-connection-string v3.0.0 and pg v9.0.0), these modes will adopt standard libpq semantics, which have weaker security guarantees.

To prepare for this change:
- If you want the current behavior, explicitly use 'sslmode=verify-full'
- If you want libpq compatibility now, use 'uselibpqcompat=true&sslmode=require'

See https://www.postgresql.org/docs/current/libpq-ssl.html for libpq SSL mode definitions.
(Use `node --trace-warnings ...` to show where the warning was created)

  baseline:
    PASS 1 (med + Outros Medicamentos):  363
    PASS 2 (med com campos em falta):    1321
    "Outros Medicamentos" no início:     6120


══════════════════════════════════════════════════════════════════════
PASS 1 — MEDICAMENTO em "Outros Medicamentos" (com ATC ou DCI)
══════════════════════════════════════════════════════════════════════
[enrich] cnp=5006820 type=MEDICAMENTO typeConf=97% status=PARTIALLY_VERIFIED (downgrade de VERIFIED) needsReview=false queued=false fields=[—]
[enrich] cnp=5062500 type=MEDICAMENTO typeConf=97% status=PARTIALLY_VERIFIED (downgrade de VERIFIED) needsReview=false queued=false fields=[—]
[enrich] cnp=8920710 type=MEDICAMENTO typeConf=97% status=PARTIALLY_VERIFIED (downgrade de VERIFIED) needsReview=false queued=false fields=[—]
[enrich] cnp=9046714 type=MEDICAMENTO typeConf=97% status=PARTIALLY_VERIFIED (downgrade de VERIFIED) needsReview=false queued=false fields=[—]
[enrich] cnp=9046755 type=MEDICAMENTO typeConf=97% status=PARTIALLY_VERIFIED (downgrade de VERIFIED) needsReview=false queued=false fields=[—]
[enrich] cnp=5762554 type=MEDICAMENTO typeConf=97% status=PARTIALLY_VERIFIED (downgrade de VERIFIED) needsReview=false queued=false fields=[—]
[enrich] cnp=5763917 type=MEDICAMENTO typeConf=97% status=PARTIALLY_VERIFIED (downgrade de VERIFIED) needsReview=false queued=false fields=[—]
[enrich] cnp=5763875 type=MEDICAMENTO typeConf=97% status=PARTIALLY_VERIFIED (downgrade de VERIFIED) needsReview=false queued=false fields=[—]
[enrich] cnp=5763909 type=MEDICAMENTO typeConf=97% status=PARTIALLY_VERIFIED (downgrade de VERIFIED) needsReview=false queued=false fields=[—]
[enrich] cnp=2532794 type=MEDICAMENTO typeConf=97% status=PARTIALLY_VERIFIED (downgrade de VERIFIED) needsReview=false queued=false fields=[—]
[enrich] cnp=9289231 type=MEDICAMENTO typeConf=97% status=PARTIALLY_VERIFIED (downgrade de VERIFIED) needsReview=false queued=false fields=[—]
[enrich] cnp=4537098 type=MEDICAMENTO typeConf=97% status=PARTIALLY_VERIFIED (downgrade de VERIFIED) needsReview=false queued=false fields=[—]
[enrich] cnp=5712492 type=MEDICAMENTO typeConf=97% status=PARTIALLY_VERIFIED (downgrade de VERIFIED) needsReview=false queued=false fields=[—]
[enrich] cnp=5712591 type=MEDICAMENTO typeConf=97% status=PARTIALLY_VERIFIED (downgrade de VERIFIED) needsReview=false queued=false fields=[—]
[enrich] cnp=9767814 type=MEDICAMENTO typeConf=97% status=PARTIALLY_VERIFIED (downgrade de VERIFIED) needsReview=false queued=false fields=[—]
[enrich] cnp=8933036 type=MEDICAMENTO typeConf=97% status=PARTIALLY_VERIFIED (downgrade de VERIFIED) needsReview=false queued=false fields=[—]
[enrich] cnp=8933051 type=MEDICAMENTO typeConf=97% status=PARTIALLY_VERIFIED (downgrade de VERIFIED) needsReview=false queued=false fields=[—]
[enrich] cnp=9855015 type=MEDICAMENTO typeConf=97% status=PARTIALLY_VERIFIED (downgrade de VERIFIED) needsReview=false queued=false fields=[—]
[enrich] cnp=5798624 type=MEDICAMENTO typeConf=97% status=PARTIALLY_VERIFIED (downgrade de VERIFIED) needsReview=false queued=false fields=[—]
[enrich] cnp=5798657 type=MEDICAMENTO typeConf=97% status=PARTIALLY_VERIFIED (downgrade de VERIFIED) needsReview=false queued=false fields=[—]
[enrich] cnp=5744735 type=MEDICAMENTO typeConf=97% status=PARTIALLY_VERIFIED (downgrade de VERIFIED) needsReview=false queued=false fields=[—]
[enrich] cnp=5745336 type=MEDICAMENTO typeConf=97% status=PARTIALLY_VERIFIED (downgrade de VERIFIED) needsReview=false queued=false fields=[—]
[enrich] cnp=5738349 type=MEDICAMENTO typeConf=97% status=PARTIALLY_VERIFIED (downgrade de VERIFIED) needsReview=false queued=false fields=[—]
[enrich] cnp=5728803 type=MEDICAMENTO typeConf=97% status=PARTIALLY_VERIFIED (downgrade de VERIFIED) needsReview=false queued=false fields=[—]
[enrich] cnp=5852264 type=MEDICAMENTO typeConf=97% status=PARTIALLY_VERIFIED (downgrade de VERIFIED) needsReview=false queued=false fields=[—]
[enrich] cnp=5852306 type=MEDICAMENTO typeConf=97% status=PARTIALLY_VERIFIED (downgrade de VERIFIED) needsReview=false queued=false fields=[—]
[enrich] cnp=5852249 type=MEDICAMENTO typeConf=97% status=PARTIALLY_VERIFIED (downgrade de VERIFIED) needsReview=false queued=false fields=[—]
[enrich] cnp=5809181 type=MEDICAMENTO typeConf=97% status=PARTIALLY_VERIFIED (downgrade de VERIFIED) needsReview=false queued=false fields=[—]
[enrich] cnp=4601993 type=MEDICAMENTO typeConf=97% status=PARTIALLY_VERIFIED (downgrade de VERIFIED) needsReview=false queued=false fields=[—]
[enrich] cnp=5440987 type=MEDICAMENTO typeConf=97% status=PARTIALLY_VERIFIED (downgrade de VERIFIED) needsReview=false queued=false fields=[—]
[enrich] cnp=5397435 type=MEDICAMENTO typeConf=95% status=PARTIALLY_VERIFIED (downgrade de VERIFIED) needsReview=false queued=false fields=[—]
[enrich] cnp=8354969 type=MEDICAMENTO typeConf=97% status=PARTIALLY_VERIFIED (downgrade de VERIFIED) needsReview=false queued=false fields=[—]
[enrich] cnp=8354951 type=MEDICAMENTO typeConf=97% status=PARTIALLY_VERIFIED (downgrade de VERIFIED) needsReview=false queued=false fields=[—]
[enrich] cnp=5304381 type=MEDICAMENTO typeConf=97% status=PARTIALLY_VERIFIED (downgrade de VERIFIED) needsReview=false queued=false fields=[—]
[enrich] cnp=9093849 type=MEDICAMENTO typeConf=97% status=PARTIALLY_VERIFIED (downgrade de VERIFIED) needsReview=false queued=false fields=[—]
[enrich] cnp=9093856 type=MEDICAMENTO typeConf=97% status=PARTIALLY_VERIFIED (downgrade de VERIFIED) needsReview=false queued=false fields=[—]
[enrich] cnp=5839303 type=MEDICAMENTO typeConf=97% status=PARTIALLY_VERIFIED (downgrade de VERIFIED) needsReview=false queued=false fields=[—]
[enrich] cnp=5341508 type=MEDICAMENTO typeConf=97% status=PARTIALLY_VERIFIED (downgrade de VERIFIED) needsReview=false queued=false fields=[—]
[enrich] cnp=9254813 type=MEDICAMENTO typeConf=95% status=PARTIALLY_VERIFIED (downgrade de VERIFIED) needsReview=false queued=false fields=[—]
[enrich] cnp=9529230 type=MEDICAMENTO typeConf=97% status=PARTIALLY_VERIFIED (downgrade de VERIFIED) needsReview=false queued=false fields=[—]
[enrich] cnp=5366505 type=MEDICAMENTO typeConf=97% status=PARTIALLY_VERIFIED (downgrade de VERIFIED) needsReview=false queued=false fields=[—]
[enrich] cnp=9666032 type=MEDICAMENTO typeConf=97% status=PARTIALLY_VERIFIED (downgrade de VERIFIED) needsReview=false queued=false fields=[—]
[enrich] cnp=9666016 type=MEDICAMENTO typeConf=97% status=PARTIALLY_VERIFIED (downgrade de VERIFIED) needsReview=false queued=false fields=[—]
[enrich] cnp=5899166 type=MEDICAMENTO typeConf=97% status=VERIFIED needsReview=false queued=false fields=[fabricanteId]
[enrich] cnp=5879218 type=MEDICAMENTO typeConf=97% status=PARTIALLY_VERIFIED (downgrade de VERIFIED) needsReview=false queued=false fields=[—]
[enrich] cnp=5879143 type=MEDICAMENTO typeConf=97% status=PARTIALLY_VERIFIED (downgrade de VERIFIED) needsReview=false queued=false fields=[—]
[enrich] cnp=5783923 type=MEDICAMENTO typeConf=97% status=PARTIALLY_VERIFIED (downgrade de VERIFIED) needsReview=false queued=false fields=[—]
[enrich] cnp=4580494 type=MEDICAMENTO typeConf=97% status=PARTIALLY_VERIFIED (downgrade de VERIFIED) needsReview=false queued=false fields=[—]
[enrich] cnp=9452144 type=MEDICAMENTO typeConf=97% status=PARTIALLY_VERIFIED (downgrade de VERIFIED) needsReview=false queued=false fields=[—]
[enrich] cnp=4798989 type=MEDICAMENTO typeConf=97% status=PARTIALLY_VERIFIED (downgrade de VERIFIED) needsReview=false queued=false fields=[—]
[enrich] cnp=9540906 type=MEDICAMENTO typeConf=97% status=PARTIALLY_VERIFIED (downgrade de VERIFIED) needsReview=false queued=false fields=[—]
[enrich] cnp=9422501 type=MEDICAMENTO typeConf=97% status=PARTIALLY_VERIFIED (downgrade de VERIFIED) needsReview=false queued=false fields=[—]
[enrich] cnp=5587019 type=MEDICAMENTO typeConf=97% status=PARTIALLY_VERIFIED (downgrade de VERIFIED) needsReview=false queued=false fields=[—]
[enrich] cnp=5587126 type=MEDICAMENTO typeConf=97% status=PARTIALLY_VERIFIED (downgrade de VERIFIED) needsReview=false queued=false fields=[—]
[enrich] cnp=5587142 type=MEDICAMENTO typeConf=97% status=PARTIALLY_VERIFIED (downgrade de VERIFIED) needsReview=false queued=false fields=[—]
[enrich] cnp=9514828 type=MEDICAMENTO typeConf=97% status=PARTIALLY_VERIFIED (downgrade de VERIFIED) needsReview=false queued=false fields=[—]
[enrich] cnp=9514802 type=MEDICAMENTO typeConf=97% status=PARTIALLY_VERIFIED (downgrade de VERIFIED) needsReview=false queued=false fields=[—]
[enrich] cnp=9577700 type=MEDICAMENTO typeConf=97% status=PARTIALLY_VERIFIED (downgrade de VERIFIED) needsReview=false queued=false fields=[—]
[enrich] cnp=8352112 type=MEDICAMENTO typeConf=97% status=PARTIALLY_VERIFIED (downgrade de VERIFIED) needsReview=false queued=false fields=[—]
[enrich] cnp=5699087 type=MEDICAMENTO typeConf=97% status=PARTIALLY_VERIFIED (downgrade de VERIFIED) needsReview=false queued=false fields=[—]
[enrich] cnp=5359716 type=MEDICAMENTO typeConf=97% status=PARTIALLY_VERIFIED (downgrade de VERIFIED) needsReview=false queued=false fields=[—]
[enrich] cnp=5476858 type=MEDICAMENTO typeConf=97% status=PARTIALLY_VERIFIED (downgrade de VERIFIED) needsReview=false queued=false fields=[—]
[enrich] cnp=9521153 type=MEDICAMENTO typeConf=97% status=PARTIALLY_VERIFIED (downgrade de VERIFIED) needsReview=false queued=false fields=[—]
[enrich] cnp=5650734 type=MEDICAMENTO typeConf=97% status=PARTIALLY_VERIFIED (downgrade de VERIFIED) needsReview=false queued=false fields=[—]
[enrich] cnp=5741830 type=MEDICAMENTO typeConf=97% status=PARTIALLY_VERIFIED (downgrade de VERIFIED) needsReview=false queued=false fields=[—]
[enrich] cnp=5741848 type=MEDICAMENTO typeConf=97% status=PARTIALLY_VERIFIED (downgrade de VERIFIED) needsReview=false queued=false fields=[—]
[enrich] cnp=5741822 type=MEDICAMENTO typeConf=97% status=PARTIALLY_VERIFIED (downgrade de VERIFIED) needsReview=false queued=false fields=[—]
[enrich] cnp=8287607 type=MEDICAMENTO typeConf=97% status=PARTIALLY_VERIFIED (downgrade de VERIFIED) needsReview=false queued=false fields=[—]
[enrich] cnp=5108907 type=MEDICAMENTO typeConf=97% status=PARTIALLY_VERIFIED (downgrade de VERIFIED) needsReview=false queued=false fields=[—]
[enrich] cnp=5108873 type=MEDICAMENTO typeConf=97% status=PARTIALLY_VERIFIED (downgrade de VERIFIED) needsReview=false queued=false fields=[—]
[enrich] cnp=5108865 type=MEDICAMENTO typeConf=97% status=PARTIALLY_VERIFIED (downgrade de VERIFIED) needsReview=false queued=false fields=[—]
[enrich] cnp=8795815 type=MEDICAMENTO typeConf=95% status=PARTIALLY_VERIFIED (downgrade de VERIFIED) needsReview=false queued=false fields=[—]
[enrich] cnp=5839725 type=MEDICAMENTO typeConf=97% status=PARTIALLY_VERIFIED (downgrade de VERIFIED) needsReview=false queued=false fields=[—]
[enrich] cnp=5821202 type=MEDICAMENTO typeConf=97% status=PARTIALLY_VERIFIED (downgrade de VERIFIED) needsReview=false queued=false fields=[—]
[enrich] cnp=5821228 type=MEDICAMENTO typeConf=97% status=PARTIALLY_VERIFIED (downgrade de VERIFIED) needsReview=false queued=false fields=[—]
[enrich] cnp=8293407 type=MEDICAMENTO typeConf=97% status=PARTIALLY_VERIFIED (downgrade de VERIFIED) needsReview=false queued=false fields=[—]
[enrich] cnp=8114314 type=MEDICAMENTO typeConf=97% status=PARTIALLY_VERIFIED (downgrade de VERIFIED) needsReview=false queued=false fields=[—]
[enrich] cnp=5799333 type=MEDICAMENTO typeConf=97% status=PARTIALLY_VERIFIED (downgrade de VERIFIED) needsReview=false queued=false fields=[—]
[enrich] cnp=5091780 type=MEDICAMENTO typeConf=97% status=PARTIALLY_VERIFIED (downgrade de VERIFIED) needsReview=false queued=false fields=[—]
[enrich] cnp=8692806 type=MEDICAMENTO typeConf=97% status=PARTIALLY_VERIFIED (downgrade de VERIFIED) needsReview=false queued=false fields=[—]
[enrich] cnp=8692822 type=MEDICAMENTO typeConf=97% status=PARTIALLY_VERIFIED (downgrade de VERIFIED) needsReview=false queued=false fields=[—]
[enrich] cnp=8692830 type=MEDICAMENTO typeConf=97% status=PARTIALLY_VERIFIED (downgrade de VERIFIED) needsReview=false queued=false fields=[—]
[enrich] cnp=9241307 type=MEDICAMENTO typeConf=97% status=PARTIALLY_VERIFIED (downgrade de VERIFIED) needsReview=false queued=false fields=[—]
[enrich] cnp=5454897 type=MEDICAMENTO typeConf=97% status=PARTIALLY_VERIFIED (downgrade de VERIFIED) needsReview=false queued=false fields=[—]
[enrich] cnp=5638994 type=MEDICAMENTO typeConf=97% status=PARTIALLY_VERIFIED (downgrade de VERIFIED) needsReview=false queued=false fields=[—]
[enrich] cnp=5776406 type=MEDICAMENTO typeConf=97% status=PARTIALLY_VERIFIED (downgrade de VERIFIED) needsReview=false queued=false fields=[—]
[enrich] cnp=5674734 type=MEDICAMENTO typeConf=97% status=PARTIALLY_VERIFIED (downgrade de VERIFIED) needsReview=false queued=false fields=[—]
[enrich] cnp=5674718 type=MEDICAMENTO typeConf=97% status=PARTIALLY_VERIFIED (downgrade de VERIFIED) needsReview=false queued=false fields=[—]
[enrich] cnp=5674676 type=MEDICAMENTO typeConf=97% status=PARTIALLY_VERIFIED (downgrade de VERIFIED) needsReview=false queued=false fields=[—]
[enrich] cnp=2443588 type=MEDICAMENTO typeConf=97% status=PARTIALLY_VERIFIED (downgrade de VERIFIED) needsReview=false queued=false fields=[—]
[enrich] cnp=5571203 type=MEDICAMENTO typeConf=97% status=PARTIALLY_VERIFIED (downgrade de VERIFIED) needsReview=false queued=false fields=[—]
[enrich] cnp=5694773 type=MEDICAMENTO typeConf=97% status=PARTIALLY_VERIFIED (downgrade de VERIFIED) needsReview=false queued=false fields=[—]
[enrich] cnp=5800719 type=MEDICAMENTO typeConf=97% status=PARTIALLY_VERIFIED (downgrade de VERIFIED) needsReview=false queued=false fields=[—]
[enrich] cnp=5808100 type=MEDICAMENTO typeConf=97% status=PARTIALLY_VERIFIED (downgrade de VERIFIED) needsReview=false queued=false fields=[—]
[enrich] cnp=5808118 type=MEDICAMENTO typeConf=97% status=PARTIALLY_VERIFIED (downgrade de VERIFIED) needsReview=false queued=false fields=[—]
[enrich] cnp=3256385 type=MEDICAMENTO typeConf=97% status=PARTIALLY_VERIFIED (downgrade de VERIFIED) needsReview=false queued=false fields=[—]
[enrich] cnp=8532499 type=MEDICAMENTO typeConf=97% status=PARTIALLY_VERIFIED (downgrade de VERIFIED) needsReview=false queued=false fields=[—]
[enrich] cnp=5449137 type=MEDICAMENTO typeConf=95% status=PARTIALLY_VERIFIED (downgrade de VERIFIED) needsReview=false queued=false fields=[—]
[enrich] cnp=3735685 type=MEDICAMENTO typeConf=97% status=PARTIALLY_VERIFIED (downgrade de VERIFIED) needsReview=false queued=false fields=[—]
[enrich] cnp=3736089 type=MEDICAMENTO typeConf=97% status=PARTIALLY_VERIFIED (downgrade de VERIFIED) needsReview=false queued=false fields=[—]
[enrich] cnp=3742780 type=MEDICAMENTO typeConf=97% status=PARTIALLY_VERIFIED (downgrade de VERIFIED) needsReview=false queued=false fields=[—]
[enrich] cnp=3743689 type=MEDICAMENTO typeConf=97% status=PARTIALLY_VERIFIED (downgrade de VERIFIED) needsReview=false queued=false fields=[—]
[enrich] cnp=5902127 type=MEDICAMENTO typeConf=97% status=VERIFIED needsReview=false queued=false fields=[fabricanteId]
[enrich] cnp=5902119 type=MEDICAMENTO typeConf=97% status=VERIFIED needsReview=false queued=false fields=[fabricanteId]
[enrich] cnp=5874300 type=MEDICAMENTO typeConf=97% status=PARTIALLY_VERIFIED (downgrade de VERIFIED) needsReview=false queued=false fields=[—]
[enrich] cnp=9085233 type=MEDICAMENTO typeConf=97% status=PARTIALLY_VERIFIED (downgrade de VERIFIED) needsReview=false queued=false fields=[—]
[enrich] cnp=4666889 type=MEDICAMENTO typeConf=97% status=PARTIALLY_VERIFIED (downgrade de VERIFIED) needsReview=false queued=false fields=[—]
[enrich] cnp=4977096 type=MEDICAMENTO typeConf=97% status=PARTIALLY_VERIFIED (downgrade de VERIFIED) needsReview=false queued=false fields=[—]
[enrich] cnp=5661004 type=MEDICAMENTO typeConf=97% status=PARTIALLY_VERIFIED (downgrade de VERIFIED) needsReview=false queued=false fields=[—]
[enrich] cnp=5722038 type=MEDICAMENTO typeConf=97% status=PARTIALLY_VERIFIED (downgrade de VERIFIED) needsReview=false queued=false fields=[—]
[enrich] cnp=5301650 type=MEDICAMENTO typeConf=97% status=PARTIALLY_VERIFIED (downgrade de VERIFIED) needsReview=false queued=false fields=[—]
[enrich] cnp=5862214 type=MEDICAMENTO typeConf=97% status=PARTIALLY_VERIFIED (downgrade de VERIFIED) needsReview=false queued=false fields=[—]
[enrich] cnp=5566781 type=MEDICAMENTO typeConf=97% status=PARTIALLY_VERIFIED (downgrade de VERIFIED) needsReview=false queued=false fields=[—]
[enrich] cnp=8685206 type=MEDICAMENTO typeConf=97% status=PARTIALLY_VERIFIED (downgrade de VERIFIED) needsReview=false queued=false fields=[—]
[enrich] cnp=5800065 type=MEDICAMENTO typeConf=97% status=PARTIALLY_VERIFIED (downgrade de VERIFIED) needsReview=false queued=false fields=[—]
[enrich] cnp=8592527 type=MEDICAMENTO typeConf=97% status=PARTIALLY_VERIFIED (downgrade de VERIFIED) needsReview=false queued=false fields=[—]
[enrich] cnp=5839584 type=MEDICAMENTO typeConf=97% status=PARTIALLY_VERIFIED (downgrade de VERIFIED) needsReview=false queued=false fields=[—]
[enrich] cnp=5373576 type=MEDICAMENTO typeConf=97% status=PARTIALLY_VERIFIED (downgrade de VERIFIED) needsReview=false queued=false fields=[—]
[enrich] cnp=5373600 type=MEDICAMENTO typeConf=97% status=PARTIALLY_VERIFIED (downgrade de VERIFIED) needsReview=false queued=false fields=[—]
[enrich] cnp=5763602 type=MEDICAMENTO typeConf=97% status=PARTIALLY_VERIFIED (downgrade de VERIFIED) needsReview=false queued=false fields=[—]
[enrich] cnp=5750948 type=MEDICAMENTO typeConf=97% status=PARTIALLY_VERIFIED (downgrade de VERIFIED) needsReview=false queued=false fields=[—]
[enrich] cnp=8323519 type=MEDICAMENTO typeConf=95% status=PARTIALLY_VERIFIED (downgrade de VERIFIED) needsReview=false queued=false fields=[—]
[enrich] cnp=8323501 type=MEDICAMENTO typeConf=95% status=PARTIALLY_VERIFIED (downgrade de VERIFIED) needsReview=false queued=false fields=[—]
[enrich] cnp=5187745 type=MEDICAMENTO typeConf=97% status=PARTIALLY_VERIFIED (downgrade de VERIFIED) needsReview=false queued=false fields=[—]
[enrich] cnp=9385104 type=MEDICAMENTO typeConf=97% status=PARTIALLY_VERIFIED (downgrade de VERIFIED) needsReview=false queued=false fields=[—]
[enrich] cnp=5754882 type=MEDICAMENTO typeConf=97% status=PARTIALLY_VERIFIED (downgrade de VERIFIED) needsReview=false queued=false fields=[—]
[enrich] cnp=8421941 type=MEDICAMENTO typeConf=97% status=PARTIALLY_VERIFIED (downgrade de VERIFIED) needsReview=false queued=false fields=[—]
[enrich] cnp=8113704 type=MEDICAMENTO typeConf=97% status=PARTIALLY_VERIFIED (downgrade de VERIFIED) needsReview=false queued=false fields=[—]
[enrich] cnp=8113845 type=MEDICAMENTO typeConf=97% status=PARTIALLY_VERIFIED (downgrade de VERIFIED) needsReview=false queued=false fields=[—]
[enrich] cnp=8113837 type=MEDICAMENTO typeConf=97% status=PARTIALLY_VERIFIED (downgrade de VERIFIED) needsReview=false queued=false fields=[—]
[enrich] cnp=9507343 type=MEDICAMENTO typeConf=97% status=PARTIALLY_VERIFIED (downgrade de VERIFIED) needsReview=false queued=false fields=[—]
[enrich] cnp=9507376 type=MEDICAMENTO typeConf=97% status=PARTIALLY_VERIFIED (downgrade de VERIFIED) needsReview=false queued=false fields=[—]
[enrich] cnp=9507327 type=MEDICAMENTO typeConf=97% status=PARTIALLY_VERIFIED (downgrade de VERIFIED) needsReview=false queued=false fields=[—]
[enrich] cnp=9507368 type=MEDICAMENTO typeConf=97% status=PARTIALLY_VERIFIED (downgrade de VERIFIED) needsReview=false queued=false fields=[—]
[enrich] cnp=5346747 type=MEDICAMENTO typeConf=97% status=PARTIALLY_VERIFIED (downgrade de VERIFIED) needsReview=false queued=false fields=[—]
[enrich] cnp=8423764 type=MEDICAMENTO typeConf=97% status=PARTIALLY_VERIFIED (downgrade de VERIFIED) needsReview=false queued=false fields=[—]
[enrich] cnp=5470083 type=MEDICAMENTO typeConf=97% status=PARTIALLY_VERIFIED (downgrade de VERIFIED) needsReview=false queued=false fields=[—]
[enrich] cnp=5470182 type=MEDICAMENTO typeConf=97% status=PARTIALLY_VERIFIED (downgrade de VERIFIED) needsReview=false queued=false fields=[—]
[enrich] cnp=5470281 type=MEDICAMENTO typeConf=97% status=PARTIALLY_VERIFIED (downgrade de VERIFIED) needsReview=false queued=false fields=[—]
[enrich] cnp=9319830 type=MEDICAMENTO typeConf=97% status=PARTIALLY_VERIFIED (downgrade de VERIFIED) needsReview=false queued=false fields=[—]
[enrich] cnp=9319855 type=MEDICAMENTO typeConf=97% status=PARTIALLY_VERIFIED (downgrade de VERIFIED) needsReview=false queued=false fields=[—]
[enrich] cnp=5620364 type=MEDICAMENTO typeConf=97% status=PARTIALLY_VERIFIED (downgrade de VERIFIED) needsReview=false queued=false fields=[—]
[enrich] cnp=5620463 type=MEDICAMENTO typeConf=97% status=PARTIALLY_VERIFIED (downgrade de VERIFIED) needsReview=false queued=false fields=[—]
[enrich] cnp=5594510 type=MEDICAMENTO typeConf=97% status=PARTIALLY_VERIFIED (downgrade de VERIFIED) needsReview=false queued=false fields=[—]
[enrich] cnp=5565007 type=MEDICAMENTO typeConf=97% status=PARTIALLY_VERIFIED (downgrade de VERIFIED) needsReview=false queued=false fields=[—]
[enrich] cnp=4620183 type=MEDICAMENTO typeConf=97% status=PARTIALLY_VERIFIED (downgrade de VERIFIED) needsReview=false queued=false fields=[—]
[enrich] cnp=8275404 type=MEDICAMENTO typeConf=97% status=PARTIALLY_VERIFIED (downgrade de VERIFIED) needsReview=false queued=false fields=[—]
[enrich] cnp=8275420 type=MEDICAMENTO typeConf=97% status=PARTIALLY_VERIFIED (downgrade de VERIFIED) needsReview=false queued=false fields=[—]
[enrich] cnp=9298265 type=MEDICAMENTO typeConf=97% status=PARTIALLY_VERIFIED (downgrade de VERIFIED) needsReview=false queued=false fields=[—]
[enrich] cnp=9298273 type=MEDICAMENTO typeConf=97% status=PARTIALLY_VERIFIED (downgrade de VERIFIED) needsReview=false queued=false fields=[—]

— Batch 1 —
  processed=150 updated=118 unchanged=32 failed=0
  reclassN2=118 +atc=0 +dci=0 +img=0 still-outros=32
  signal: hasATC=150 hasDCI=150 hasAtcOrDci=150 hasNeither=0
  reclass por método: atc_prefix=118 atc(letra)=0 dci=0 keyword=0 outro=0
  ATENÇÃO: 32 produto(s) com ATC/DCI mas continuam em Outros Medicamentos — possível gap de regras no mapper.

  Amostra (primeiros 10):
    1. CNP=5006820 | Aciclovir Generis 800 Mg Comprimidos 800 Mg 35 Comp.
        nivel2: "Outros Medicamentos" == "Outros Medicamentos"
        ATC=J05AB01 | DCI=Aciclovir
        image: online.farmaciasreisbarata.pt/…/no-image-2048-a2addb12_1200x1200.gif → online.farmaciasreisbarata.pt/…/no-image-2048-a2addb12_1200x1200.gif
        image decision: unchanged — campo já preenchido na BD
        outcome: unchanged (cat: outros_missing_rule)
    2. CNP=5062500 | Adrovance, 70 mg + 5600 UI x 4 comp
        nivel2: "Outros Medicamentos" == "Outros Medicamentos"
        ATC=M05BB03 | DCI=Ácido alendrónico + Colecalciferol
        image: www.farmaciamymed24.pt/…/farmaceutica.jpg → www.farmaciamymed24.pt/…/farmaceutica.jpg
        image decision: unchanged — campo já preenchido na BD
        outcome: unchanged (cat: outros_missing_rule)
    3. CNP=8920710 | Akineton, 2 mg x 50 comp
        nivel2: "Outros Medicamentos" → "Sistema Nervoso"
        ATC=N04AA02 | DCI=Biperideno
        image: www.wbparts.com/…/logo-wb.png → www.wbparts.com/…/logo-wb.png
        mapping reason: atc_prefix: nivel1 via productType=MEDICAMENTO → MEDICAMENTOS; ATC prefix N04 (N04AA02) → Sistema Nervoso
        image decision: unchanged — campo já preenchido na BD
        outcome: updated (cat: improved)
    4. CNP=9046714 | Aldactone, 100 mg x 60 comp
        nivel2: "Outros Medicamentos" → "Cardiovascular"
        ATC=C03DA01 | DCI=Espironolactona
        image: — → —
        mapping reason: atc_prefix: nivel1 via productType=MEDICAMENTO → MEDICAMENTOS; ATC prefix C03 (C03DA01) → Cardiovascular
        image decision: skipped — nenhuma fonte devolveu valor
        outcome: updated (cat: improved)
    5. CNP=9046755 | Aldactone, 25 mg x 60 comp
        nivel2: "Outros Medicamentos" → "Cardiovascular"
        ATC=C03DA01 | DCI=Espironolactona
        image: — → —
        mapping reason: atc_prefix: nivel1 via productType=MEDICAMENTO → MEDICAMENTOS; ATC prefix C03 (C03DA01) → Cardiovascular
        image decision: skipped — nenhuma fonte devolveu valor
        outcome: updated (cat: improved)
    6. CNP=5762554 | Alopurinol Generis 100 Mg 60 Comp
        nivel2: "Outros Medicamentos" → "Analgésicos e Anti-inflamatórios"
        ATC=M04AA01 | DCI=Alopurinol
        image: — → —
        mapping reason: atc_prefix: nivel1 via productType=MEDICAMENTO → MEDICAMENTOS; ATC prefix M04 (M04AA01) → Analgésicos e Anti-inflamatórios
        image decision: skipped — nenhuma fonte devolveu valor
        outcome: updated (cat: improved)
    7. CNP=5763917 | Altensil 10 Mg + 16 Mg 28 Cápsula
        nivel2: "Outros Medicamentos" → "Cardiovascular"
        ATC=C09DB07 | DCI=Amlodipina + Candesartan
        image: www.farmaciamymed24.pt/…/farmaceutica.jpg → www.farmaciamymed24.pt/…/farmaceutica.jpg
        mapping reason: atc_prefix: nivel1 via productType=MEDICAMENTO → MEDICAMENTOS; ATC prefix C09 (C09DB07) → Cardiovascular
        image decision: unchanged — campo já preenchido na BD
        outcome: updated (cat: improved)
    8. CNP=5763875 | Altensil 10 Mg + 8 Mg 28 Cápsula
        nivel2: "Outros Medicamentos" → "Cardiovascular"
        ATC=C09DB07 | DCI=Amlodipina + Candesartan
        image: — → —
        mapping reason: atc_prefix: nivel1 via productType=MEDICAMENTO → MEDICAMENTOS; ATC prefix C09 (C09DB07) → Cardiovascular
        image decision: skipped — nenhuma fonte devolveu valor
        outcome: updated (cat: improved)
    9. CNP=5763909 | Altensil 5 Mg + 16 Mg 28 Cápsula
        nivel2: "Outros Medicamentos" → "Cardiovascular"
        ATC=C09DB07 | DCI=Amlodipina + Candesartan
        image: listacep.com/…/ogimage.jpg → listacep.com/…/ogimage.jpg
        mapping reason: atc_prefix: nivel1 via productType=MEDICAMENTO → MEDICAMENTOS; ATC prefix C09 (C09DB07) → Cardiovascular
        image decision: unchanged — campo já preenchido na BD
        outcome: updated (cat: improved)
   10. CNP=2532794 | Amoxicilina Labesfal, 500 mg x 16 cáps
        nivel2: "Outros Medicamentos" == "Outros Medicamentos"
        ATC=J01CA04 | DCI=Amoxicilina
        image: ssd-armaturenshop.de/…/kermi-2532794-zbat010-set-montageklei... → ssd-armaturenshop.de/…/kermi-2532794-zbat010-set-montageklei...
        image decision: unchanged — campo já preenchido na BD
        outcome: unchanged (cat: outros_missing_rule)
  progresso: 150/363 (~213 restantes neste pass)
[enrich] cnp=5758958 type=MEDICAMENTO typeConf=97% status=PARTIALLY_VERIFIED (downgrade de VERIFIED) needsReview=false queued=false fields=[—]
[enrich] cnp=5758966 type=MEDICAMENTO typeConf=97% status=PARTIALLY_VERIFIED (downgrade de VERIFIED) needsReview=false queued=false fields=[—]
[enrich] cnp=5758974 type=MEDICAMENTO typeConf=97% status=PARTIALLY_VERIFIED (downgrade de VERIFIED) needsReview=false queued=false fields=[—]
[enrich] cnp=2529584 type=MEDICAMENTO typeConf=97% status=PARTIALLY_VERIFIED (downgrade de VERIFIED) needsReview=false queued=false fields=[—]
[enrich] cnp=5133087 type=MEDICAMENTO typeConf=97% status=PARTIALLY_VERIFIED (downgrade de VERIFIED) needsReview=false queued=false fields=[—]
[enrich] cnp=5134481 type=MEDICAMENTO typeConf=97% status=PARTIALLY_VERIFIED (downgrade de VERIFIED) needsReview=false queued=false fields=[—]
[enrich] cnp=5134788 type=MEDICAMENTO typeConf=97% status=PARTIALLY_VERIFIED (downgrade de VERIFIED) needsReview=false queued=false fields=[—]
[enrich] cnp=5135082 type=MEDICAMENTO typeConf=97% status=PARTIALLY_VERIFIED (downgrade de VERIFIED) needsReview=false queued=false fields=[—]
[enrich] cnp=5133285 type=MEDICAMENTO typeConf=97% status=PARTIALLY_VERIFIED (downgrade de VERIFIED) needsReview=false queued=false fields=[—]
[enrich] cnp=5133780 type=MEDICAMENTO typeConf=97% status=PARTIALLY_VERIFIED (downgrade de VERIFIED) needsReview=false queued=false fields=[—]
[enrich] cnp=5134085 type=MEDICAMENTO typeConf=97% status=PARTIALLY_VERIFIED (downgrade de VERIFIED) needsReview=false queued=false fields=[—]
[enrich] cnp=5134184 type=MEDICAMENTO typeConf=97% status=PARTIALLY_VERIFIED (downgrade de VERIFIED) needsReview=false queued=false fields=[—]
[enrich] cnp=5733795 type=MEDICAMENTO typeConf=97% status=PARTIALLY_VERIFIED (downgrade de VERIFIED) needsReview=false queued=false fields=[—]
[enrich] cnp=5733894 type=MEDICAMENTO typeConf=97% status=PARTIALLY_VERIFIED (downgrade de VERIFIED) needsReview=false queued=false fields=[—]
[enrich] cnp=5733696 type=MEDICAMENTO typeConf=97% status=PARTIALLY_VERIFIED (downgrade de VERIFIED) needsReview=false queued=false fields=[—]
[enrich] cnp=5790381 type=MEDICAMENTO typeConf=97% status=PARTIALLY_VERIFIED (downgrade de VERIFIED) needsReview=false queued=false fields=[—]
[enrich] cnp=8315226 type=MEDICAMENTO typeConf=97% status=PARTIALLY_VERIFIED (downgrade de VERIFIED) needsReview=false queued=false fields=[—]
[enrich] cnp=5790282 type=MEDICAMENTO typeConf=97% status=PARTIALLY_VERIFIED (downgrade de VERIFIED) needsReview=false queued=false fields=[—]
[enrich] cnp=5755905 type=MEDICAMENTO typeConf=97% status=PARTIALLY_VERIFIED (downgrade de VERIFIED) needsReview=false queued=false fields=[—]
[enrich] cnp=5755350 type=MEDICAMENTO typeConf=97% status=PARTIALLY_VERIFIED (downgrade de VERIFIED) needsReview=false queued=false fields=[—]
[enrich] cnp=5588025 type=MEDICAMENTO typeConf=95% status=PARTIALLY_VERIFIED (downgrade de VERIFIED) needsReview=false queued=false fields=[—]
[enrich] cnp=5359567 type=MEDICAMENTO typeConf=95% status=PARTIALLY_VERIFIED (downgrade de VERIFIED) needsReview=false queued=false fields=[—]
[enrich] cnp=5830898 type=MEDICAMENTO typeConf=97% status=PARTIALLY_VERIFIED (downgrade de VERIFIED) needsReview=false queued=false fields=[—]
[enrich] cnp=5830799 type=MEDICAMENTO typeConf=97% status=PARTIALLY_VERIFIED (downgrade de VERIFIED) needsReview=false queued=false fields=[—]
[enrich] cnp=8756411 type=MEDICAMENTO typeConf=97% status=PARTIALLY_VERIFIED (downgrade de VERIFIED) needsReview=false queued=false fields=[—]
[enrich] cnp=8756437 type=MEDICAMENTO typeConf=97% status=PARTIALLY_VERIFIED (downgrade de VERIFIED) needsReview=false queued=false fields=[—]
[enrich] cnp=5815683 type=MEDICAMENTO typeConf=97% status=PARTIALLY_VERIFIED (downgrade de VERIFIED) needsReview=false queued=false fields=[—]
[enrich] cnp=5772918 type=MEDICAMENTO typeConf=97% status=PARTIALLY_VERIFIED (downgrade de VERIFIED) needsReview=false queued=false fields=[—]
[enrich] cnp=5726732 type=MEDICAMENTO typeConf=97% status=PARTIALLY_VERIFIED (downgrade de VERIFIED) needsReview=false queued=false fields=[—]
[enrich] cnp=9512434 type=MEDICAMENTO typeConf=97% status=PARTIALLY_VERIFIED (downgrade de VERIFIED) needsReview=false queued=false fields=[—]
[enrich] cnp=5829486 type=MEDICAMENTO typeConf=97% status=PARTIALLY_VERIFIED (downgrade de VERIFIED) needsReview=false queued=false fields=[—]
[enrich] cnp=5829585 type=MEDICAMENTO typeConf=97% status=PARTIALLY_VERIFIED (downgrade de VERIFIED) needsReview=false queued=false fields=[—]
[enrich] cnp=5686704 type=MEDICAMENTO typeConf=97% status=PARTIALLY_VERIFIED (downgrade de VERIFIED) needsReview=false queued=false fields=[—]
[enrich] cnp=5773148 type=MEDICAMENTO typeConf=97% status=PARTIALLY_VERIFIED (downgrade de VERIFIED) needsReview=false queued=false fields=[—]
[enrich] cnp=9359703 type=MEDICAMENTO typeConf=97% status=PARTIALLY_VERIFIED (downgrade de VERIFIED) needsReview=false queued=false fields=[—]
[enrich] cnp=9478206 type=MEDICAMENTO typeConf=97% status=PARTIALLY_VERIFIED (downgrade de VERIFIED) needsReview=false queued=false fields=[—]
[enrich] cnp=5693189 type=MEDICAMENTO typeConf=97% status=PARTIALLY_VERIFIED (downgrade de VERIFIED) needsReview=false queued=false fields=[—]
[enrich] cnp=5398037 type=MEDICAMENTO typeConf=97% status=PARTIALLY_VERIFIED (downgrade de VERIFIED) needsReview=false queued=false fields=[—]
[enrich] cnp=5102140 type=MEDICAMENTO typeConf=97% status=PARTIALLY_VERIFIED (downgrade de VERIFIED) needsReview=false queued=false fields=[—]
[enrich] cnp=5102207 type=MEDICAMENTO typeConf=97% status=PARTIALLY_VERIFIED (downgrade de VERIFIED) needsReview=false queued=false fields=[—]
[enrich] cnp=5637319 type=MEDICAMENTO typeConf=97% status=PARTIALLY_VERIFIED (downgrade de VERIFIED) needsReview=false queued=false fields=[—]
[enrich] cnp=5635644 type=MEDICAMENTO typeConf=97% status=PARTIALLY_VERIFIED (downgrade de VERIFIED) needsReview=false queued=false fields=[—]
[enrich] cnp=5637764 type=MEDICAMENTO typeConf=97% status=PARTIALLY_VERIFIED (downgrade de VERIFIED) needsReview=false queued=false fields=[—]
[enrich] cnp=5637806 type=MEDICAMENTO typeConf=97% status=PARTIALLY_VERIFIED (downgrade de VERIFIED) needsReview=false queued=false fields=[—]
[enrich] cnp=5631437 type=MEDICAMENTO typeConf=97% status=PARTIALLY_VERIFIED (downgrade de VERIFIED) needsReview=false queued=false fields=[—]
[enrich] cnp=5631049 type=MEDICAMENTO typeConf=97% status=PARTIALLY_VERIFIED (downgrade de VERIFIED) needsReview=false queued=false fields=[—]
[enrich] cnp=5631056 type=MEDICAMENTO typeConf=97% status=PARTIALLY_VERIFIED (downgrade de VERIFIED) needsReview=false queued=false fields=[—]
[enrich] cnp=5631122 type=MEDICAMENTO typeConf=97% status=PARTIALLY_VERIFIED (downgrade de VERIFIED) needsReview=false queued=false fields=[—]
[enrich] cnp=5631148 type=MEDICAMENTO typeConf=97% status=PARTIALLY_VERIFIED (downgrade de VERIFIED) needsReview=false queued=false fields=[—]
[enrich] cnp=5631155 type=MEDICAMENTO typeConf=97% status=PARTIALLY_VERIFIED (downgrade de VERIFIED) needsReview=false queued=false fields=[—]
[enrich] cnp=5635941 type=MEDICAMENTO typeConf=97% status=PARTIALLY_VERIFIED (downgrade de VERIFIED) needsReview=false queued=false fields=[—]
[enrich] cnp=5635974 type=MEDICAMENTO typeConf=97% status=PARTIALLY_VERIFIED (downgrade de VERIFIED) needsReview=false queued=false fields=[—]
[enrich] cnp=5635677 type=MEDICAMENTO typeConf=97% status=PARTIALLY_VERIFIED (downgrade de VERIFIED) needsReview=false queued=false fields=[—]
[enrich] cnp=5635842 type=MEDICAMENTO typeConf=97% status=PARTIALLY_VERIFIED (downgrade de VERIFIED) needsReview=false queued=false fields=[—]
[enrich] cnp=5635875 type=MEDICAMENTO typeConf=97% status=PARTIALLY_VERIFIED (downgrade de VERIFIED) needsReview=false queued=false fields=[—]
[enrich] cnp=5641253 type=MEDICAMENTO typeConf=97% status=PARTIALLY_VERIFIED (downgrade de VERIFIED) needsReview=false queued=false fields=[—]
[enrich] cnp=5675020 type=MEDICAMENTO typeConf=97% status=PARTIALLY_VERIFIED (downgrade de VERIFIED) needsReview=false queued=false fields=[—]
[enrich] cnp=5732136 type=MEDICAMENTO typeConf=97% status=PARTIALLY_VERIFIED (downgrade de VERIFIED) needsReview=false queued=false fields=[—]
[enrich] cnp=5675012 type=MEDICAMENTO typeConf=97% status=PARTIALLY_VERIFIED (downgrade de VERIFIED) needsReview=false queued=false fields=[—]
[enrich] cnp=5639349 type=MEDICAMENTO typeConf=97% status=PARTIALLY_VERIFIED (downgrade de VERIFIED) needsReview=false queued=false fields=[—]
[enrich] cnp=5639307 type=MEDICAMENTO typeConf=97% status=PARTIALLY_VERIFIED (downgrade de VERIFIED) needsReview=false queued=false fields=[—]
[enrich] cnp=5639372 type=MEDICAMENTO typeConf=97% status=PARTIALLY_VERIFIED (downgrade de VERIFIED) needsReview=false queued=false fields=[—]
[enrich] cnp=5640131 type=MEDICAMENTO typeConf=97% status=PARTIALLY_VERIFIED (downgrade de VERIFIED) needsReview=false queued=false fields=[—]
[enrich] cnp=5639323 type=MEDICAMENTO typeConf=97% status=PARTIALLY_VERIFIED (downgrade de VERIFIED) needsReview=false queued=false fields=[—]
[enrich] cnp=5660907 type=MEDICAMENTO typeConf=97% status=PARTIALLY_VERIFIED (downgrade de VERIFIED) needsReview=false queued=false fields=[—]
[enrich] cnp=9138222 type=MEDICAMENTO typeConf=97% status=PARTIALLY_VERIFIED (downgrade de VERIFIED) needsReview=false queued=false fields=[—]
[enrich] cnp=9138230 type=MEDICAMENTO typeConf=97% status=PARTIALLY_VERIFIED (downgrade de VERIFIED) needsReview=false queued=false fields=[—]
[enrich] cnp=5732474 type=MEDICAMENTO typeConf=97% status=PARTIALLY_VERIFIED (downgrade de VERIFIED) needsReview=false queued=false fields=[—]
[enrich] cnp=5732516 type=MEDICAMENTO typeConf=97% status=PARTIALLY_VERIFIED (downgrade de VERIFIED) needsReview=false queued=false fields=[—]
[enrich] cnp=5594452 type=MEDICAMENTO typeConf=97% status=PARTIALLY_VERIFIED (downgrade de VERIFIED) needsReview=false queued=false fields=[—]
[enrich] cnp=5799523 type=MEDICAMENTO typeConf=97% status=PARTIALLY_VERIFIED (downgrade de VERIFIED) needsReview=false queued=false fields=[—]
[enrich] cnp=9531921 type=MEDICAMENTO typeConf=97% status=PARTIALLY_VERIFIED (downgrade de VERIFIED) needsReview=false queued=false fields=[—]
[enrich] cnp=5558549 type=MEDICAMENTO typeConf=97% status=PARTIALLY_VERIFIED (downgrade de VERIFIED) needsReview=false queued=false fields=[—]
[enrich] cnp=5558630 type=MEDICAMENTO typeConf=97% status=PARTIALLY_VERIFIED (downgrade de VERIFIED) needsReview=false queued=false fields=[—]
[enrich] cnp=5558713 type=MEDICAMENTO typeConf=97% status=PARTIALLY_VERIFIED (downgrade de VERIFIED) needsReview=false queued=false fields=[—]
[enrich] cnp=5729637 type=MEDICAMENTO typeConf=97% status=PARTIALLY_VERIFIED (downgrade de VERIFIED) needsReview=false queued=false fields=[—]
[enrich] cnp=5729900 type=MEDICAMENTO typeConf=97% status=PARTIALLY_VERIFIED (downgrade de VERIFIED) needsReview=false queued=false fields=[—]
[enrich] cnp=5354741 type=MEDICAMENTO typeConf=97% status=PARTIALLY_VERIFIED (downgrade de VERIFIED) needsReview=false queued=false fields=[—]
[enrich] cnp=5462007 type=MEDICAMENTO typeConf=97% status=PARTIALLY_VERIFIED (downgrade de VERIFIED) needsReview=false queued=false fields=[—]
[enrich] cnp=5462049 type=MEDICAMENTO typeConf=97% status=PARTIALLY_VERIFIED (downgrade de VERIFIED) needsReview=false queued=false fields=[—]
[enrich] cnp=5242813 type=MEDICAMENTO typeConf=97% status=PARTIALLY_VERIFIED (downgrade de VERIFIED) needsReview=false queued=false fields=[—]
[enrich] cnp=8414409 type=MEDICAMENTO typeConf=97% status=PARTIALLY_VERIFIED (downgrade de VERIFIED) needsReview=false queued=false fields=[—]
[enrich] cnp=8414425 type=MEDICAMENTO typeConf=97% status=PARTIALLY_VERIFIED (downgrade de VERIFIED) needsReview=false queued=false fields=[—]
[enrich] cnp=8657015 type=MEDICAMENTO typeConf=97% status=PARTIALLY_VERIFIED (downgrade de VERIFIED) needsReview=false queued=false fields=[—]
[enrich] cnp=8657007 type=MEDICAMENTO typeConf=97% status=PARTIALLY_VERIFIED (downgrade de VERIFIED) needsReview=false queued=false fields=[—]
[enrich] cnp=5594619 type=MEDICAMENTO typeConf=97% status=PARTIALLY_VERIFIED (downgrade de VERIFIED) needsReview=false queued=false fields=[—]
[enrich] cnp=5565023 type=MEDICAMENTO typeConf=97% status=PARTIALLY_VERIFIED (downgrade de VERIFIED) needsReview=false queued=false fields=[—]
[enrich] cnp=8135327 type=MEDICAMENTO typeConf=97% status=PARTIALLY_VERIFIED (downgrade de VERIFIED) needsReview=false queued=false fields=[—]
[enrich] cnp=8135343 type=MEDICAMENTO typeConf=97% status=PARTIALLY_VERIFIED (downgrade de VERIFIED) needsReview=false queued=false fields=[—]
[enrich] cnp=5776265 type=MEDICAMENTO typeConf=97% status=PARTIALLY_VERIFIED (downgrade de VERIFIED) needsReview=false queued=false fields=[—]
[enrich] cnp=5769138 type=MEDICAMENTO typeConf=97% status=PARTIALLY_VERIFIED (downgrade de VERIFIED) needsReview=false queued=false fields=[—]
[enrich] cnp=5769146 type=MEDICAMENTO typeConf=97% status=PARTIALLY_VERIFIED (downgrade de VERIFIED) needsReview=false queued=false fields=[—]
[enrich] cnp=5769336 type=MEDICAMENTO typeConf=97% status=PARTIALLY_VERIFIED (downgrade de VERIFIED) needsReview=false queued=false fields=[—]
[enrich] cnp=5267406 type=MEDICAMENTO typeConf=97% status=PARTIALLY_VERIFIED (downgrade de VERIFIED) needsReview=false queued=false fields=[—]
[enrich] cnp=8372532 type=MEDICAMENTO typeConf=97% status=PARTIALLY_VERIFIED (downgrade de VERIFIED) needsReview=false queued=false fields=[—]
[enrich] cnp=8372557 type=MEDICAMENTO typeConf=97% status=PARTIALLY_VERIFIED (downgrade de VERIFIED) needsReview=false queued=false fields=[—]
[enrich] cnp=9613406 type=MEDICAMENTO typeConf=97% status=PARTIALLY_VERIFIED (downgrade de VERIFIED) needsReview=false queued=false fields=[—]
[enrich] cnp=5161518 type=MEDICAMENTO typeConf=97% status=PARTIALLY_VERIFIED (downgrade de VERIFIED) needsReview=false queued=false fields=[—]
[enrich] cnp=5672993 type=MEDICAMENTO typeConf=97% status=PARTIALLY_VERIFIED (downgrade de VERIFIED) needsReview=false queued=false fields=[—]
[enrich] cnp=9250126 type=MEDICAMENTO typeConf=97% status=PARTIALLY_VERIFIED (downgrade de VERIFIED) needsReview=false queued=false fields=[—]
[enrich] cnp=5481361 type=MEDICAMENTO typeConf=95% status=PARTIALLY_VERIFIED (downgrade de VERIFIED) needsReview=false queued=false fields=[—]
[enrich] cnp=8232827 type=MEDICAMENTO typeConf=95% status=PARTIALLY_VERIFIED (downgrade de VERIFIED) needsReview=false queued=false fields=[—]
[enrich] cnp=9144030 type=MEDICAMENTO typeConf=97% status=PARTIALLY_VERIFIED (downgrade de VERIFIED) needsReview=false queued=false fields=[—]
[enrich] cnp=9144055 type=MEDICAMENTO typeConf=97% status=PARTIALLY_VERIFIED (downgrade de VERIFIED) needsReview=false queued=false fields=[—]
[enrich] cnp=9497032 type=MEDICAMENTO typeConf=97% status=PARTIALLY_VERIFIED (downgrade de VERIFIED) needsReview=false queued=false fields=[—]
[enrich] cnp=5756689 type=MEDICAMENTO typeConf=97% status=PARTIALLY_VERIFIED (downgrade de VERIFIED) needsReview=false queued=false fields=[—]
[enrich] cnp=9434423 type=MEDICAMENTO typeConf=97% status=PARTIALLY_VERIFIED (downgrade de VERIFIED) needsReview=false queued=false fields=[—]
[enrich] cnp=5871413 type=MEDICAMENTO typeConf=97% status=PARTIALLY_VERIFIED (downgrade de VERIFIED) needsReview=false queued=false fields=[—]
[enrich] cnp=5871249 type=MEDICAMENTO typeConf=97% status=PARTIALLY_VERIFIED (downgrade de VERIFIED) needsReview=false queued=false fields=[—]
[enrich] cnp=8565002 type=MEDICAMENTO typeConf=97% status=PARTIALLY_VERIFIED (downgrade de VERIFIED) needsReview=false queued=false fields=[—]
[enrich] cnp=8565119 type=MEDICAMENTO typeConf=97% status=PARTIALLY_VERIFIED (downgrade de VERIFIED) needsReview=false queued=false fields=[—]
[enrich] cnp=5842497 type=MEDICAMENTO typeConf=97% status=PARTIALLY_VERIFIED (downgrade de VERIFIED) needsReview=false queued=false fields=[—]
[enrich] cnp=5842596 type=MEDICAMENTO typeConf=97% status=PARTIALLY_VERIFIED (downgrade de VERIFIED) needsReview=false queued=false fields=[—]
[enrich] cnp=5842398 type=MEDICAMENTO typeConf=97% status=PARTIALLY_VERIFIED (downgrade de VERIFIED) needsReview=false queued=false fields=[—]
[enrich] cnp=5907183 type=MEDICAMENTO typeConf=97% status=PARTIALLY_VERIFIED (downgrade de VERIFIED) needsReview=false queued=false fields=[—]
[enrich] cnp=8786582 type=MEDICAMENTO typeConf=97% status=PARTIALLY_VERIFIED (downgrade de VERIFIED) needsReview=false queued=false fields=[—]
[enrich] cnp=5627104 type=MEDICAMENTO typeConf=97% status=PARTIALLY_VERIFIED (downgrade de VERIFIED) needsReview=false queued=false fields=[—]
[enrich] cnp=8559633 type=MEDICAMENTO typeConf=97% status=PARTIALLY_VERIFIED (downgrade de VERIFIED) needsReview=false queued=false fields=[—]
[enrich] cnp=8559641 type=MEDICAMENTO typeConf=97% status=PARTIALLY_VERIFIED (downgrade de VERIFIED) needsReview=false queued=false fields=[—]
[enrich] cnp=5635503 type=MEDICAMENTO typeConf=97% status=PARTIALLY_VERIFIED (downgrade de VERIFIED) needsReview=false queued=false fields=[—]
[enrich] cnp=5338926 type=MEDICAMENTO typeConf=97% status=PARTIALLY_VERIFIED (downgrade de VERIFIED) needsReview=false queued=false fields=[—]
[enrich] cnp=5338967 type=MEDICAMENTO typeConf=97% status=PARTIALLY_VERIFIED (downgrade de VERIFIED) needsReview=false queued=false fields=[—]
[enrich] cnp=9465518 type=MEDICAMENTO typeConf=97% status=PARTIALLY_VERIFIED (downgrade de VERIFIED) needsReview=false queued=false fields=[—]
[enrich] cnp=9465526 type=MEDICAMENTO typeConf=97% status=PARTIALLY_VERIFIED (downgrade de VERIFIED) needsReview=false queued=false fields=[—]
[enrich] cnp=5267331 type=MEDICAMENTO typeConf=97% status=PARTIALLY_VERIFIED (downgrade de VERIFIED) needsReview=false queued=false fields=[—]
[enrich] cnp=5267349 type=MEDICAMENTO typeConf=97% status=PARTIALLY_VERIFIED (downgrade de VERIFIED) needsReview=false queued=false fields=[—]
[enrich] cnp=9632018 type=MEDICAMENTO typeConf=97% status=PARTIALLY_VERIFIED (downgrade de VERIFIED) needsReview=false queued=false fields=[—]
[enrich] cnp=8101543 type=MEDICAMENTO typeConf=97% status=PARTIALLY_VERIFIED (downgrade de VERIFIED) needsReview=false queued=false fields=[—]
[enrich] cnp=8101527 type=MEDICAMENTO typeConf=97% status=PARTIALLY_VERIFIED (downgrade de VERIFIED) needsReview=false queued=false fields=[—]
[enrich] cnp=9688416 type=MEDICAMENTO typeConf=95% status=PARTIALLY_VERIFIED (downgrade de VERIFIED) needsReview=false queued=false fields=[—]
[enrich] cnp=8573345 type=MEDICAMENTO typeConf=97% status=PARTIALLY_VERIFIED (downgrade de VERIFIED) needsReview=false queued=false fields=[—]
[enrich] cnp=5787692 type=MEDICAMENTO typeConf=97% status=PARTIALLY_VERIFIED (downgrade de VERIFIED) needsReview=false queued=false fields=[—]
[enrich] cnp=5787890 type=MEDICAMENTO typeConf=97% status=PARTIALLY_VERIFIED (downgrade de VERIFIED) needsReview=false queued=false fields=[—]
[enrich] cnp=5483359 type=MEDICAMENTO typeConf=97% status=PARTIALLY_VERIFIED (downgrade de VERIFIED) needsReview=false queued=false fields=[—]
[enrich] cnp=8644815 type=MEDICAMENTO typeConf=97% status=PARTIALLY_VERIFIED (downgrade de VERIFIED) needsReview=false queued=false fields=[—]
[enrich] cnp=5784541 type=MEDICAMENTO typeConf=97% status=PARTIALLY_VERIFIED (downgrade de VERIFIED) needsReview=false queued=false fields=[—]
[enrich] cnp=5784608 type=MEDICAMENTO typeConf=97% status=PARTIALLY_VERIFIED (downgrade de VERIFIED) needsReview=false queued=false fields=[—]
[enrich] cnp=5784566 type=MEDICAMENTO typeConf=97% status=PARTIALLY_VERIFIED (downgrade de VERIFIED) needsReview=false queued=false fields=[—]
[enrich] cnp=5605704 type=MEDICAMENTO typeConf=97% status=PARTIALLY_VERIFIED (downgrade de VERIFIED) needsReview=false queued=false fields=[—]
[enrich] cnp=5421235 type=MEDICAMENTO typeConf=97% status=PARTIALLY_VERIFIED (downgrade de VERIFIED) needsReview=false queued=false fields=[—]
[enrich] cnp=5421268 type=MEDICAMENTO typeConf=97% status=PARTIALLY_VERIFIED (downgrade de VERIFIED) needsReview=false queued=false fields=[—]
[enrich] cnp=5898580 type=MEDICAMENTO typeConf=97% status=PARTIALLY_VERIFIED (downgrade de VERIFIED) needsReview=false queued=false fields=[—]
[enrich] cnp=5540984 type=MEDICAMENTO typeConf=97% status=PARTIALLY_VERIFIED (downgrade de VERIFIED) needsReview=false queued=false fields=[—]
[enrich] cnp=5898788 type=MEDICAMENTO typeConf=97% status=PARTIALLY_VERIFIED (downgrade de VERIFIED) needsReview=false queued=false fields=[—]
[enrich] cnp=8583906 type=MEDICAMENTO typeConf=97% status=PARTIALLY_VERIFIED (downgrade de VERIFIED) needsReview=false queued=false fields=[—]
[enrich] cnp=8624411 type=MEDICAMENTO typeConf=97% status=PARTIALLY_VERIFIED (downgrade de VERIFIED) needsReview=false queued=false fields=[—]
[enrich] cnp=8624403 type=MEDICAMENTO typeConf=97% status=PARTIALLY_VERIFIED (downgrade de VERIFIED) needsReview=false queued=false fields=[—]
[enrich] cnp=9193730 type=MEDICAMENTO typeConf=97% status=PARTIALLY_VERIFIED (downgrade de VERIFIED) needsReview=false queued=false fields=[—]
[enrich] cnp=9193755 type=MEDICAMENTO typeConf=97% status=PARTIALLY_VERIFIED (downgrade de VERIFIED) needsReview=false queued=false fields=[—]
[enrich] cnp=5795810 type=MEDICAMENTO typeConf=97% status=PARTIALLY_VERIFIED (downgrade de VERIFIED) needsReview=false queued=false fields=[—]

— Batch 2 —
  processed=150 updated=140 unchanged=10 failed=0
  reclassN2=140 +atc=0 +dci=0 +img=0 still-outros=10
  signal: hasATC=150 hasDCI=150 hasAtcOrDci=150 hasNeither=0
  reclass por método: atc_prefix=137 atc(letra)=3 dci=0 keyword=0 outro=0
  ATENÇÃO: 10 produto(s) com ATC/DCI mas continuam em Outros Medicamentos — possível gap de regras no mapper.

  Amostra (primeiros 10):
    1. CNP=5758958 | Lovenox 20 Mg/0.2 Ml 10 Sol. Injetável
        nivel2: "Outros Medicamentos" → "Cardiovascular"
        ATC=B01AB05 | DCI=Enoxaparina sódica
        image: — → —
        mapping reason: atc_prefix: nivel1 via productType=MEDICAMENTO → MEDICAMENTOS; ATC prefix B01 (B01AB05) → Cardiovascular
        image decision: skipped — nenhuma fonte devolveu valor
        outcome: updated (cat: improved)
    2. CNP=5758966 | Lovenox 40 Mg/0.4 Ml 10 Sol. Injetável
        nivel2: "Outros Medicamentos" → "Cardiovascular"
        ATC=B01AB05 | DCI=Enoxaparina sódica
        image: — → —
        mapping reason: atc_prefix: nivel1 via productType=MEDICAMENTO → MEDICAMENTOS; ATC prefix B01 (B01AB05) → Cardiovascular
        image decision: skipped — nenhuma fonte devolveu valor
        outcome: updated (cat: improved)
    3. CNP=5758974 | Lovenox 60 Mg/0.6 Ml 10 Sol. Injetável
        nivel2: "Outros Medicamentos" → "Cardiovascular"
        ATC=B01AB05 | DCI=Enoxaparina sódica
        image: online.farmaciasreisbarata.pt/…/no-image-2048-a2addb12_1200x1200.gif → online.farmaciasreisbarata.pt/…/no-image-2048-a2addb12_1200x1200.gif
        mapping reason: atc_prefix: nivel1 via productType=MEDICAMENTO → MEDICAMENTOS; ATC prefix B01 (B01AB05) → Cardiovascular
        image decision: unchanged — campo já preenchido na BD
        outcome: updated (cat: improved)
    4. CNP=2529584 | Lovenox, 60 mg/0,6 mL x 2 sol inj SC amp
        nivel2: "Outros Medicamentos" → "Cardiovascular"
        ATC=B01AB05 | DCI=Enoxaparina sódica
        image: — → —
        mapping reason: atc_prefix: nivel1 via productType=MEDICAMENTO → MEDICAMENTOS; ATC prefix B01 (B01AB05) → Cardiovascular
        image decision: skipped — nenhuma fonte devolveu valor
        outcome: updated (cat: improved)
    5. CNP=5133087 | Lyrica 25 Mg 14 Cápsula
        nivel2: "Outros Medicamentos" → "Analgésicos e Anti-inflamatórios"
        ATC=N02BF02 | DCI=Pregabalina
        image: online.farmaciasreisbarata.pt/…/no-image-2048-a2addb12_1200x1200.gif → online.farmaciasreisbarata.pt/…/no-image-2048-a2addb12_1200x1200.gif
        mapping reason: atc_prefix: nivel1 via productType=MEDICAMENTO → MEDICAMENTOS; ATC prefix N02 (N02BF02) → Analgésicos e Anti-inflamatórios
        image decision: unchanged — campo já preenchido na BD
        outcome: updated (cat: improved)
    6. CNP=5134481 | Lyrica, 100 mg x 84 cáps
        nivel2: "Outros Medicamentos" → "Analgésicos e Anti-inflamatórios"
        ATC=N02BF02 | DCI=Pregabalina
        image: — → —
        mapping reason: atc_prefix: nivel1 via productType=MEDICAMENTO → MEDICAMENTOS; ATC prefix N02 (N02BF02) → Analgésicos e Anti-inflamatórios
        image decision: skipped — nenhuma fonte devolveu valor
        outcome: updated (cat: improved)
    7. CNP=5134788 | Lyrica, 150 mg x 56 cáps
        nivel2: "Outros Medicamentos" → "Analgésicos e Anti-inflamatórios"
        ATC=N02BF02 | DCI=Pregabalina
        image: www.picclickimg.com/…/11279414-echangeur-air-pour-BMW-X5-F1... → www.picclickimg.com/…/11279414-echangeur-air-pour-BMW-X5-F1...
        mapping reason: atc_prefix: nivel1 via productType=MEDICAMENTO → MEDICAMENTOS; ATC prefix N02 (N02BF02) → Analgésicos e Anti-inflamatórios
        image decision: unchanged — campo já preenchido na BD
        outcome: updated (cat: improved)
    8. CNP=5135082 | Lyrica, 200 mg x 84 cáps
        nivel2: "Outros Medicamentos" → "Analgésicos e Anti-inflamatórios"
        ATC=N02BF02 | DCI=Pregabalina
        image: bparts-eu.s3-eu-west-1.amazonaws.com/…/mnjfxohhx06io49iro8dbzulzr37xcy9.jpg → bparts-eu.s3-eu-west-1.amazonaws.com/…/mnjfxohhx06io49iro8dbzulzr37xcy9.jpg
        mapping reason: atc_prefix: nivel1 via productType=MEDICAMENTO → MEDICAMENTOS; ATC prefix N02 (N02BF02) → Analgésicos e Anti-inflamatórios
        image decision: unchanged — campo já preenchido na BD
        outcome: updated (cat: improved)
    9. CNP=5133285 | Lyrica, 25 mg x 56 cáps
        nivel2: "Outros Medicamentos" → "Analgésicos e Anti-inflamatórios"
        ATC=N02BF02 | DCI=Pregabalina
        image: — → —
        mapping reason: atc_prefix: nivel1 via productType=MEDICAMENTO → MEDICAMENTOS; ATC prefix N02 (N02BF02) → Analgésicos e Anti-inflamatórios
        image decision: skipped — nenhuma fonte devolveu valor
        outcome: updated (cat: improved)
   10. CNP=5133780 | Lyrica, 50 mg x 56 cáps
        nivel2: "Outros Medicamentos" → "Analgésicos e Anti-inflamatórios"
        ATC=N02BF02 | DCI=Pregabalina
        image: — → —
        mapping reason: atc_prefix: nivel1 via productType=MEDICAMENTO → MEDICAMENTOS; ATC prefix N02 (N02BF02) → Analgésicos e Anti-inflamatórios
        image decision: skipped — nenhuma fonte devolveu valor
        outcome: updated (cat: improved)
  progresso: 300/363 (~63 restantes neste pass)
[enrich] cnp=5796354 type=MEDICAMENTO typeConf=97% status=PARTIALLY_VERIFIED (downgrade de VERIFIED) needsReview=false queued=false fields=[—]
[enrich] cnp=5796347 type=MEDICAMENTO typeConf=97% status=PARTIALLY_VERIFIED (downgrade de VERIFIED) needsReview=false queued=false fields=[—]
[enrich] cnp=9215053 type=MEDICAMENTO typeConf=97% status=PARTIALLY_VERIFIED (downgrade de VERIFIED) needsReview=false queued=false fields=[—]
[enrich] cnp=9215038 type=MEDICAMENTO typeConf=97% status=PARTIALLY_VERIFIED (downgrade de VERIFIED) needsReview=false queued=false fields=[—]
[enrich] cnp=5755921 type=MEDICAMENTO typeConf=97% status=PARTIALLY_VERIFIED (downgrade de VERIFIED) needsReview=false queued=false fields=[—]
[enrich] cnp=4607784 type=MEDICAMENTO typeConf=97% status=PARTIALLY_VERIFIED (downgrade de VERIFIED) needsReview=false queued=false fields=[—]
[enrich] cnp=5709068 type=MEDICAMENTO typeConf=97% status=PARTIALLY_VERIFIED (downgrade de VERIFIED) needsReview=false queued=false fields=[—]
[enrich] cnp=5177589 type=MEDICAMENTO typeConf=97% status=PARTIALLY_VERIFIED (downgrade de VERIFIED) needsReview=false queued=false fields=[—]
[enrich] cnp=5739735 type=MEDICAMENTO typeConf=97% status=PARTIALLY_VERIFIED (downgrade de VERIFIED) needsReview=false queued=false fields=[—]
[enrich] cnp=5738315 type=MEDICAMENTO typeConf=97% status=PARTIALLY_VERIFIED (downgrade de VERIFIED) needsReview=false queued=false fields=[—]
[enrich] cnp=5738364 type=MEDICAMENTO typeConf=97% status=PARTIALLY_VERIFIED (downgrade de VERIFIED) needsReview=false queued=false fields=[—]
[enrich] cnp=5728829 type=MEDICAMENTO typeConf=97% status=PARTIALLY_VERIFIED (downgrade de VERIFIED) needsReview=false queued=false fields=[—]
[enrich] cnp=3095791 type=MEDICAMENTO typeConf=97% status=PARTIALLY_VERIFIED (downgrade de VERIFIED) needsReview=false queued=false fields=[—]
[enrich] cnp=5474218 type=MEDICAMENTO typeConf=97% status=PARTIALLY_VERIFIED (downgrade de VERIFIED) needsReview=false queued=false fields=[—]
[enrich] cnp=8906404 type=MEDICAMENTO typeConf=97% status=PARTIALLY_VERIFIED (downgrade de VERIFIED) needsReview=false queued=false fields=[—]
[enrich] cnp=5112081 type=MEDICAMENTO typeConf=97% status=PARTIALLY_VERIFIED (downgrade de VERIFIED) needsReview=false queued=false fields=[—]
[enrich] cnp=5850011 type=MEDICAMENTO typeConf=97% status=PARTIALLY_VERIFIED (downgrade de VERIFIED) needsReview=false queued=false fields=[—]
[enrich] cnp=5850029 type=MEDICAMENTO typeConf=97% status=PARTIALLY_VERIFIED (downgrade de VERIFIED) needsReview=false queued=false fields=[—]
[enrich] cnp=5839709 type=MEDICAMENTO typeConf=97% status=PARTIALLY_VERIFIED (downgrade de VERIFIED) needsReview=false queued=false fields=[—]
[enrich] cnp=5820824 type=MEDICAMENTO typeConf=97% status=PARTIALLY_VERIFIED (downgrade de VERIFIED) needsReview=false queued=false fields=[—]
[enrich] cnp=2377299 type=MEDICAMENTO typeConf=97% status=PARTIALLY_VERIFIED (downgrade de VERIFIED) needsReview=false queued=false fields=[—]
[enrich] cnp=5623913 type=MEDICAMENTO typeConf=97% status=PARTIALLY_VERIFIED (downgrade de VERIFIED) needsReview=false queued=false fields=[—]
[enrich] cnp=5825674 type=MEDICAMENTO typeConf=97% status=PARTIALLY_VERIFIED (downgrade de VERIFIED) needsReview=false queued=false fields=[—]
[enrich] cnp=5878590 type=MEDICAMENTO typeConf=97% status=PARTIALLY_VERIFIED (downgrade de VERIFIED) needsReview=false queued=false fields=[—]
[enrich] cnp=9085225 type=MEDICAMENTO typeConf=97% status=PARTIALLY_VERIFIED (downgrade de VERIFIED) needsReview=false queued=false fields=[—]
[enrich] cnp=2846194 type=MEDICAMENTO typeConf=97% status=PARTIALLY_VERIFIED (downgrade de VERIFIED) needsReview=false queued=false fields=[—]
[enrich] cnp=5856034 type=MEDICAMENTO typeConf=97% status=PARTIALLY_VERIFIED (downgrade de VERIFIED) needsReview=false queued=false fields=[—]
[enrich] cnp=2846798 type=MEDICAMENTO typeConf=97% status=PARTIALLY_VERIFIED (downgrade de VERIFIED) needsReview=false queued=false fields=[—]
[enrich] cnp=4849089 type=MEDICAMENTO typeConf=97% status=PARTIALLY_VERIFIED (downgrade de VERIFIED) needsReview=false queued=false fields=[—]
[enrich] cnp=5839683 type=MEDICAMENTO typeConf=97% status=PARTIALLY_VERIFIED (downgrade de VERIFIED) needsReview=false queued=false fields=[—]
[enrich] cnp=5839782 type=MEDICAMENTO typeConf=97% status=PARTIALLY_VERIFIED (downgrade de VERIFIED) needsReview=false queued=false fields=[—]
[enrich] cnp=5373642 type=MEDICAMENTO typeConf=97% status=PARTIALLY_VERIFIED (downgrade de VERIFIED) needsReview=false queued=false fields=[—]
[enrich] cnp=5722202 type=MEDICAMENTO typeConf=97% status=PARTIALLY_VERIFIED (downgrade de VERIFIED) needsReview=false queued=false fields=[—]
[enrich] cnp=5721287 type=MEDICAMENTO typeConf=97% status=PARTIALLY_VERIFIED (downgrade de VERIFIED) needsReview=false queued=false fields=[—]
[enrich] cnp=5754981 type=MEDICAMENTO typeConf=97% status=PARTIALLY_VERIFIED (downgrade de VERIFIED) needsReview=false queued=false fields=[—]
[enrich] cnp=5293980 type=MEDICAMENTO typeConf=97% status=PARTIALLY_VERIFIED (downgrade de VERIFIED) needsReview=false queued=false fields=[—]
[enrich] cnp=5276589 type=MEDICAMENTO typeConf=97% status=PARTIALLY_VERIFIED (downgrade de VERIFIED) needsReview=false queued=false fields=[—]
[enrich] cnp=5107677 type=MEDICAMENTO typeConf=97% status=PARTIALLY_VERIFIED (downgrade de VERIFIED) needsReview=false queued=false fields=[—]
[enrich] cnp=5759022 type=MEDICAMENTO typeConf=97% status=PARTIALLY_VERIFIED (downgrade de VERIFIED) needsReview=false queued=false fields=[—]
[enrich] cnp=9306365 type=MEDICAMENTO typeConf=97% status=PARTIALLY_VERIFIED (downgrade de VERIFIED) needsReview=false queued=false fields=[—]
[enrich] cnp=5453097 type=MEDICAMENTO typeConf=97% status=PARTIALLY_VERIFIED (downgrade de VERIFIED) needsReview=false queued=false fields=[—]
[enrich] cnp=5344494 type=MEDICAMENTO typeConf=97% status=PARTIALLY_VERIFIED (downgrade de VERIFIED) needsReview=false queued=false fields=[—]
[enrich] cnp=5773957 type=MEDICAMENTO typeConf=97% status=PARTIALLY_VERIFIED (downgrade de VERIFIED) needsReview=false queued=false fields=[—]
[enrich] cnp=9478214 type=MEDICAMENTO typeConf=97% status=PARTIALLY_VERIFIED (downgrade de VERIFIED) needsReview=false queued=false fields=[—]
[enrich] cnp=5285689 type=MEDICAMENTO typeConf=97% status=PARTIALLY_VERIFIED (downgrade de VERIFIED) needsReview=false queued=false fields=[—]
[enrich] cnp=5660857 type=MEDICAMENTO typeConf=97% status=PARTIALLY_VERIFIED (downgrade de VERIFIED) needsReview=false queued=false fields=[—]
[enrich] cnp=5660873 type=MEDICAMENTO typeConf=97% status=PARTIALLY_VERIFIED (downgrade de VERIFIED) needsReview=false queued=false fields=[—]
[enrich] cnp=5823919 type=MEDICAMENTO typeConf=97% status=PARTIALLY_VERIFIED (downgrade de VERIFIED) needsReview=false queued=false fields=[—]
[enrich] cnp=5423496 type=MEDICAMENTO typeConf=97% status=PARTIALLY_VERIFIED (downgrade de VERIFIED) needsReview=false queued=false fields=[—]
[enrich] cnp=5558473 type=MEDICAMENTO typeConf=97% status=PARTIALLY_VERIFIED (downgrade de VERIFIED) needsReview=false queued=false fields=[—]
[enrich] cnp=5558705 type=MEDICAMENTO typeConf=97% status=PARTIALLY_VERIFIED (downgrade de VERIFIED) needsReview=false queued=false fields=[—]
[enrich] cnp=5729926 type=MEDICAMENTO typeConf=97% status=PARTIALLY_VERIFIED (downgrade de VERIFIED) needsReview=false queued=false fields=[—]
[enrich] cnp=5773932 type=MEDICAMENTO typeConf=97% status=PARTIALLY_VERIFIED (downgrade de VERIFIED) needsReview=false queued=false fields=[—]
[enrich] cnp=5769310 type=MEDICAMENTO typeConf=97% status=PARTIALLY_VERIFIED (downgrade de VERIFIED) needsReview=false queued=false fields=[—]
[enrich] cnp=5882022 type=MEDICAMENTO typeConf=97% status=PARTIALLY_VERIFIED (downgrade de VERIFIED) needsReview=false queued=false fields=[—]
[enrich] cnp=5871306 type=MEDICAMENTO typeConf=97% status=PARTIALLY_VERIFIED (downgrade de VERIFIED) needsReview=false queued=false fields=[—]
[enrich] cnp=5723606 type=MEDICAMENTO typeConf=97% status=PARTIALLY_VERIFIED (downgrade de VERIFIED) needsReview=false queued=false fields=[—]
[enrich] cnp=5635727 type=MEDICAMENTO typeConf=97% status=PARTIALLY_VERIFIED (downgrade de VERIFIED) needsReview=false queued=false fields=[—]
[enrich] cnp=4579082 type=MEDICAMENTO typeConf=97% status=PARTIALLY_VERIFIED (downgrade de VERIFIED) needsReview=false queued=false fields=[—]
[enrich] cnp=5890314 type=MEDICAMENTO typeConf=97% status=PARTIALLY_VERIFIED (downgrade de VERIFIED) needsReview=false queued=false fields=[—]
[enrich] cnp=5836226 type=MEDICAMENTO typeConf=97% status=PARTIALLY_VERIFIED (downgrade de VERIFIED) needsReview=false queued=false fields=[—]
[enrich] cnp=5665112 type=MEDICAMENTO typeConf=97% status=PARTIALLY_VERIFIED (downgrade de VERIFIED) needsReview=false queued=false fields=[—]
[enrich] cnp=5867544 type=MEDICAMENTO typeConf=97% status=PARTIALLY_VERIFIED (downgrade de VERIFIED) needsReview=false queued=false fields=[—]

— Batch 3 —
  processed=63 updated=57 unchanged=6 failed=0
  reclassN2=57 +atc=0 +dci=0 +img=0 still-outros=6
  signal: hasATC=63 hasDCI=63 hasAtcOrDci=63 hasNeither=0
  reclass por método: atc_prefix=56 atc(letra)=1 dci=0 keyword=0 outro=0
  ATENÇÃO: 6 produto(s) com ATC/DCI mas continuam em Outros Medicamentos — possível gap de regras no mapper.

  Amostra (primeiros 10):
    1. CNP=5796354 | Zuvatek 20 Mg + 10 Mg 30 Cápsula
        nivel2: "Outros Medicamentos" → "Cardiovascular"
        ATC=C10BA06 | DCI=Rosuvastatina + Ezetimiba
        image: — → —
        mapping reason: atc_prefix: nivel1 via productType=MEDICAMENTO → MEDICAMENTOS; ATC prefix C10 (C10BA06) → Cardiovascular
        image decision: skipped — nenhuma fonte devolveu valor
        outcome: updated (cat: improved)
    2. CNP=5796347 | Zuvatek 5 Mg + 10 Mg 30 Cápsula
        nivel2: "Outros Medicamentos" → "Cardiovascular"
        ATC=C10BA06 | DCI=Rosuvastatina + Ezetimiba
        image: — → —
        mapping reason: atc_prefix: nivel1 via productType=MEDICAMENTO → MEDICAMENTOS; ATC prefix C10 (C10BA06) → Cardiovascular
        image decision: skipped — nenhuma fonte devolveu valor
        outcome: updated (cat: improved)
    3. CNP=9215053 | Zyloric, 100 mg x 60 comp
        nivel2: "Outros Medicamentos" → "Analgésicos e Anti-inflamatórios"
        ATC=M04AA01 | DCI=Alopurinol
        image: — → —
        mapping reason: atc_prefix: nivel1 via productType=MEDICAMENTO → MEDICAMENTOS; ATC prefix M04 (M04AA01) → Analgésicos e Anti-inflamatórios
        image decision: skipped — nenhuma fonte devolveu valor
        outcome: updated (cat: improved)
    4. CNP=9215038 | Zyloric, 300 mg x 60 comp
        nivel2: "Outros Medicamentos" → "Analgésicos e Anti-inflamatórios"
        ATC=M04AA01 | DCI=Alopurinol
        image: — → —
        mapping reason: atc_prefix: nivel1 via productType=MEDICAMENTO → MEDICAMENTOS; ATC prefix M04 (M04AA01) → Analgésicos e Anti-inflamatórios
        image decision: skipped — nenhuma fonte devolveu valor
        outcome: updated (cat: improved)
    5. CNP=5755921 | Mepranil 10 Mg + 10 Mg 28 Cápsula
        nivel2: "Outros Medicamentos" → "Cardiovascular"
        ATC=C09BB07 | DCI=Ramipril + Amlodipina
        image: — → —
        mapping reason: atc_prefix: nivel1 via productType=MEDICAMENTO → MEDICAMENTOS; ATC prefix C09 (C09BB07) → Cardiovascular
        image decision: skipped — nenhuma fonte devolveu valor
        outcome: updated (cat: improved)
    6. CNP=4607784 | ACICLOVIR GENERIS 800 MG X 25 COMP
        nivel2: "Outros Medicamentos" == "Outros Medicamentos"
        ATC=J05AB01 | DCI=Aciclovir
        image: — → —
        image decision: skipped — nenhuma fonte devolveu valor
        outcome: unchanged (cat: outros_missing_rule)
    7. CNP=5709068 | ASP, 100 mg x 30 comp
        nivel2: "Outros Medicamentos" → "Cardiovascular"
        ATC=B01AC06 | DCI=Ácido acetilsalicílico
        image: — → —
        mapping reason: atc_prefix: nivel1 via productType=MEDICAMENTO → MEDICAMENTOS; ATC prefix B01 (B01AC06) → Cardiovascular
        image decision: skipped — nenhuma fonte devolveu valor
        outcome: updated (cat: improved)
    8. CNP=5177589 | ATACAND 32 MG X 56 COMP
        nivel2: "Outros Medicamentos" → "Cardiovascular"
        ATC=C09CA06 | DCI=Candesartan
        image: — → —
        mapping reason: atc_prefix: nivel1 via productType=MEDICAMENTO → MEDICAMENTOS; ATC prefix C09 (C09CA06) → Cardiovascular
        image decision: skipped — nenhuma fonte devolveu valor
        outcome: updated (cat: improved)
    9. CNP=5739735 | Atomoxetina Generis 10 Mg 7 Cápsula
        nivel2: "Outros Medicamentos" → "Sistema Nervoso"
        ATC=N06BA09 | DCI=Atomoxetina
        image: — → —
        mapping reason: atc_prefix: nivel1 via productType=MEDICAMENTO → MEDICAMENTOS; ATC prefix N06 (N06BA09) → Sistema Nervoso
        image decision: skipped — nenhuma fonte devolveu valor
        outcome: updated (cat: improved)
   10. CNP=5738315 | Atomoxetina Generis 18 Mg 7 Cápsula
        nivel2: "Outros Medicamentos" → "Sistema Nervoso"
        ATC=N06BA09 | DCI=Atomoxetina
        image: — → —
        mapping reason: atc_prefix: nivel1 via productType=MEDICAMENTO → MEDICAMENTOS; ATC prefix N06 (N06BA09) → Sistema Nervoso
        image decision: skipped — nenhuma fonte devolveu valor
        outcome: updated (cat: improved)
  progresso: 363/363 (~0 restantes neste pass)

══════════════════════════════════════════════════════════════════════
PASS 2 — MEDICAMENTO com codigoATC/dci/imagemUrl em falta
══════════════════════════════════════════════════════════════════════
[enrich] cnp=6304774 type=MEDICAMENTO typeConf=75% status=PARTIALLY_VERIFIED (downgrade de VERIFIED) needsReview=false queued=false fields=[—]
[enrich] cnp=6340026 type=MEDICAMENTO typeConf=68% status=PARTIALLY_VERIFIED (downgrade de VERIFIED) needsReview=false queued=false fields=[—]
[enrich] cnp=5056387 type=MEDICAMENTO typeConf=97% status=PARTIALLY_VERIFIED (downgrade de VERIFIED) needsReview=false queued=false fields=[—]
[enrich] cnp=7356840 type=MEDICAMENTO typeConf=68% status=PARTIALLY_VERIFIED (downgrade de VERIFIED) needsReview=false queued=false fields=[—]
[enrich] cnp=7353623 type=MEDICAMENTO typeConf=68% status=PARTIALLY_VERIFIED (downgrade de VERIFIED) needsReview=false queued=false fields=[—]
[enrich] cnp=6046532 type=MEDICAMENTO typeConf=68% status=PARTIALLY_VERIFIED (downgrade de VERIFIED) needsReview=false queued=false fields=[—]
[enrich] cnp=7487041 type=MEDICAMENTO typeConf=68% status=PARTIALLY_VERIFIED needsReview=false queued=false fields=[—]
[enrich] cnp=7389775 type=MEDICAMENTO typeConf=90% status=PARTIALLY_VERIFIED (downgrade de VERIFIED) needsReview=false queued=false fields=[—]
[enrich] cnp=6933598 type=MEDICAMENTO typeConf=95% status=PARTIALLY_VERIFIED (downgrade de VERIFIED) needsReview=false queued=false fields=[—]
[enrich] cnp=7292367 type=MEDICAMENTO typeConf=90% status=PARTIALLY_VERIFIED (downgrade de VERIFIED) needsReview=false queued=false fields=[—]
[enrich] cnp=7292359 type=MEDICAMENTO typeConf=90% status=PARTIALLY_VERIFIED (downgrade de VERIFIED) needsReview=false queued=false fields=[—]
[enrich] cnp=5888664 type=MEDICAMENTO typeConf=68% status=PARTIALLY_VERIFIED (downgrade de VERIFIED) needsReview=false queued=false fields=[—]
[enrich] cnp=5888706 type=MEDICAMENTO typeConf=68% status=PARTIALLY_VERIFIED (downgrade de VERIFIED) needsReview=false queued=false fields=[—]
[enrich] cnp=9046714 type=MEDICAMENTO typeConf=97% status=PARTIALLY_VERIFIED (downgrade de VERIFIED) needsReview=false queued=false fields=[—]
[enrich] cnp=9046755 type=MEDICAMENTO typeConf=97% status=PARTIALLY_VERIFIED (downgrade de VERIFIED) needsReview=false queued=false fields=[—]
[enrich] cnp=5762554 type=MEDICAMENTO typeConf=97% status=PARTIALLY_VERIFIED (downgrade de VERIFIED) needsReview=false queued=false fields=[—]
[enrich] cnp=5857636 type=MEDICAMENTO typeConf=68% status=PARTIALLY_VERIFIED (downgrade de VERIFIED) needsReview=false queued=false fields=[—]
[enrich] cnp=5717095 type=MEDICAMENTO typeConf=90% status=PARTIALLY_VERIFIED (downgrade de VERIFIED) needsReview=false queued=false fields=[—]
[enrich] cnp=5717194 type=MEDICAMENTO typeConf=90% status=PARTIALLY_VERIFIED (downgrade de VERIFIED) needsReview=false queued=false fields=[—]
[enrich] cnp=5823448 type=MEDICAMENTO typeConf=68% status=PARTIALLY_VERIFIED (downgrade de VERIFIED) needsReview=false queued=false fields=[—]
[enrich] cnp=5823463 type=MEDICAMENTO typeConf=68% status=PARTIALLY_VERIFIED (downgrade de VERIFIED) needsReview=false queued=false fields=[—]
[enrich] cnp=2584381 type=MEDICAMENTO typeConf=68% status=PARTIALLY_VERIFIED (downgrade de VERIFIED) needsReview=false queued=false fields=[—]
[enrich] cnp=2583987 type=MEDICAMENTO typeConf=68% status=PARTIALLY_VERIFIED (downgrade de VERIFIED) needsReview=false queued=false fields=[—]
[enrich] cnp=2584084 type=MEDICAMENTO typeConf=68% status=PARTIALLY_VERIFIED (downgrade de VERIFIED) needsReview=false queued=false fields=[—]
[enrich] cnp=2584183 type=MEDICAMENTO typeConf=68% status=PARTIALLY_VERIFIED (downgrade de VERIFIED) needsReview=false queued=false fields=[—]
[enrich] cnp=5445689 type=MEDICAMENTO typeConf=68% status=PARTIALLY_VERIFIED (downgrade de VERIFIED) needsReview=false queued=false fields=[—]
[enrich] cnp=2584282 type=MEDICAMENTO typeConf=68% status=PARTIALLY_VERIFIED (downgrade de VERIFIED) needsReview=false queued=false fields=[—]
[enrich] cnp=5445986 type=MEDICAMENTO typeConf=68% status=PARTIALLY_VERIFIED (downgrade de VERIFIED) needsReview=false queued=false fields=[—]
[enrich] cnp=2584480 type=MEDICAMENTO typeConf=68% status=PARTIALLY_VERIFIED (downgrade de VERIFIED) needsReview=false queued=false fields=[—]
[enrich] cnp=5446380 type=MEDICAMENTO typeConf=68% status=PARTIALLY_VERIFIED (downgrade de VERIFIED) needsReview=false queued=false fields=[—]
[enrich] cnp=5446786 type=MEDICAMENTO typeConf=68% status=PARTIALLY_VERIFIED (downgrade de VERIFIED) needsReview=false queued=false fields=[—]
[enrich] cnp=5478094 type=MEDICAMENTO typeConf=90% status=PARTIALLY_VERIFIED (downgrade de VERIFIED) needsReview=false queued=false fields=[—]
[enrich] cnp=5478490 type=MEDICAMENTO typeConf=90% status=PARTIALLY_VERIFIED (downgrade de VERIFIED) needsReview=false queued=false fields=[—]
[enrich] cnp=9682310 type=MEDICAMENTO typeConf=68% status=PARTIALLY_VERIFIED (downgrade de VERIFIED) needsReview=false queued=false fields=[—]
[enrich] cnp=9682328 type=MEDICAMENTO typeConf=68% status=PARTIALLY_VERIFIED (downgrade de VERIFIED) needsReview=false queued=false fields=[—]
[enrich] cnp=5816590 type=MEDICAMENTO typeConf=68% status=PARTIALLY_VERIFIED (downgrade de VERIFIED) needsReview=false queued=false fields=[—]
[enrich] cnp=9682336 type=MEDICAMENTO typeConf=68% status=PARTIALLY_VERIFIED (downgrade de VERIFIED) needsReview=false queued=false fields=[—]
[enrich] cnp=5816699 type=MEDICAMENTO typeConf=68% status=PARTIALLY_VERIFIED (downgrade de VERIFIED) needsReview=false queued=false fields=[—]
[enrich] cnp=5577796 type=MEDICAMENTO typeConf=68% status=PARTIALLY_VERIFIED (downgrade de VERIFIED) needsReview=false queued=false fields=[—]
[enrich] cnp=5577895 type=MEDICAMENTO typeConf=68% status=PARTIALLY_VERIFIED (downgrade de VERIFIED) needsReview=false queued=false fields=[—]
[enrich] cnp=5577994 type=MEDICAMENTO typeConf=68% status=PARTIALLY_VERIFIED (downgrade de VERIFIED) needsReview=false queued=false fields=[—]
[enrich] cnp=4182689 type=MEDICAMENTO typeConf=90% status=PARTIALLY_VERIFIED (downgrade de VERIFIED) needsReview=false queued=false fields=[—]
[enrich] cnp=4182887 type=MEDICAMENTO typeConf=68% status=PARTIALLY_VERIFIED (downgrade de VERIFIED) needsReview=false queued=false fields=[—]
[enrich] cnp=4183786 type=MEDICAMENTO typeConf=68% status=PARTIALLY_VERIFIED (downgrade de VERIFIED) needsReview=false queued=false fields=[—]
[enrich] cnp=5081617 type=MEDICAMENTO typeConf=68% status=PARTIALLY_VERIFIED (downgrade de VERIFIED) needsReview=false queued=false fields=[—]
[enrich] cnp=4184685 type=MEDICAMENTO typeConf=68% status=PARTIALLY_VERIFIED (downgrade de VERIFIED) needsReview=false queued=false fields=[—]
[enrich] cnp=5087549 type=MEDICAMENTO typeConf=68% status=PARTIALLY_VERIFIED (downgrade de VERIFIED) needsReview=false queued=false fields=[—]
[enrich] cnp=5763875 type=MEDICAMENTO typeConf=97% status=PARTIALLY_VERIFIED (downgrade de VERIFIED) needsReview=false queued=false fields=[—]
[enrich] cnp=5610704 type=MEDICAMENTO typeConf=68% status=PARTIALLY_VERIFIED (downgrade de VERIFIED) needsReview=false queued=false fields=[—]
[enrich] cnp=5610654 type=MEDICAMENTO typeConf=68% status=PARTIALLY_VERIFIED (downgrade de VERIFIED) needsReview=false queued=false fields=[—]
[enrich] cnp=5747357 type=MEDICAMENTO typeConf=68% status=PARTIALLY_VERIFIED (downgrade de VERIFIED) needsReview=false queued=false fields=[—]
[enrich] cnp=5754023 type=MEDICAMENTO typeConf=68% status=PARTIALLY_VERIFIED (downgrade de VERIFIED) needsReview=false queued=false fields=[—]
[enrich] cnp=5722657 type=MEDICAMENTO typeConf=68% status=PARTIALLY_VERIFIED (downgrade de VERIFIED) needsReview=false queued=false fields=[—]
[enrich] cnp=5747811 type=MEDICAMENTO typeConf=68% status=PARTIALLY_VERIFIED (downgrade de VERIFIED) needsReview=false queued=false fields=[—]
[enrich] cnp=5718663 type=MEDICAMENTO typeConf=68% status=PARTIALLY_VERIFIED (downgrade de VERIFIED) needsReview=false queued=false fields=[—]
[enrich] cnp=5710108 type=MEDICAMENTO typeConf=68% status=PARTIALLY_VERIFIED (downgrade de VERIFIED) needsReview=false queued=false fields=[—]
[enrich] cnp=5867452 type=MEDICAMENTO typeConf=68% status=PARTIALLY_VERIFIED (downgrade de VERIFIED) needsReview=false queued=false fields=[—]
[enrich] cnp=5867445 type=MEDICAMENTO typeConf=68% status=PARTIALLY_VERIFIED (downgrade de VERIFIED) needsReview=false queued=false fields=[—]
[enrich] cnp=5691464 type=MEDICAMENTO typeConf=68% status=PARTIALLY_VERIFIED (downgrade de VERIFIED) needsReview=false queued=false fields=[—]
[enrich] cnp=5678263 type=MEDICAMENTO typeConf=68% status=PARTIALLY_VERIFIED (downgrade de VERIFIED) needsReview=false queued=false fields=[—]
[enrich] cnp=5680632 type=MEDICAMENTO typeConf=68% status=PARTIALLY_VERIFIED (downgrade de VERIFIED) needsReview=false queued=false fields=[—]
[enrich] cnp=5680624 type=MEDICAMENTO typeConf=68% status=PARTIALLY_VERIFIED (downgrade de VERIFIED) needsReview=false queued=false fields=[—]
[enrich] cnp=5661210 type=MEDICAMENTO typeConf=68% status=PARTIALLY_VERIFIED (downgrade de VERIFIED) needsReview=false queued=false fields=[—]
[enrich] cnp=4017083 type=MEDICAMENTO typeConf=68% status=PARTIALLY_VERIFIED (downgrade de VERIFIED) needsReview=false queued=false fields=[—]
[enrich] cnp=4780581 type=MEDICAMENTO typeConf=68% status=PARTIALLY_VERIFIED (downgrade de VERIFIED) needsReview=false queued=false fields=[—]
[enrich] cnp=5695770 type=MEDICAMENTO typeConf=68% status=PARTIALLY_VERIFIED (downgrade de VERIFIED) needsReview=false queued=false fields=[—]
[enrich] cnp=5004593 type=MEDICAMENTO typeConf=68% status=PARTIALLY_VERIFIED (downgrade de VERIFIED) needsReview=false queued=false fields=[—]
[enrich] cnp=5684691 type=MEDICAMENTO typeConf=90% status=PARTIALLY_VERIFIED (downgrade de VERIFIED) needsReview=false queued=false fields=[—]
[enrich] cnp=5684790 type=MEDICAMENTO typeConf=68% status=PARTIALLY_VERIFIED (downgrade de VERIFIED) needsReview=false queued=false fields=[—]
[enrich] cnp=5535687 type=MEDICAMENTO typeConf=90% status=PARTIALLY_VERIFIED (downgrade de VERIFIED) needsReview=false queued=false fields=[—]
[enrich] cnp=5536289 type=MEDICAMENTO typeConf=90% status=PARTIALLY_VERIFIED (downgrade de VERIFIED) needsReview=false queued=false fields=[—]
[enrich] cnp=5254412 type=MEDICAMENTO typeConf=68% status=PARTIALLY_VERIFIED (downgrade de VERIFIED) needsReview=false queued=false fields=[—]
[enrich] cnp=5254370 type=MEDICAMENTO typeConf=68% status=PARTIALLY_VERIFIED (downgrade de VERIFIED) needsReview=false queued=false fields=[—]
[enrich] cnp=5783402 type=MEDICAMENTO typeConf=68% status=PARTIALLY_VERIFIED (downgrade de VERIFIED) needsReview=false queued=false fields=[—]
[enrich] cnp=5302872 type=MEDICAMENTO typeConf=68% status=PARTIALLY_VERIFIED (downgrade de VERIFIED) needsReview=false queued=false fields=[—]
[enrich] cnp=5026745 type=MEDICAMENTO typeConf=68% status=PARTIALLY_VERIFIED (downgrade de VERIFIED) needsReview=false queued=false fields=[—]
[enrich] cnp=5000138 type=MEDICAMENTO typeConf=68% status=PARTIALLY_VERIFIED (downgrade de VERIFIED) needsReview=false queued=false fields=[—]
[enrich] cnp=5120225 type=MEDICAMENTO typeConf=68% status=PARTIALLY_VERIFIED (downgrade de VERIFIED) needsReview=false queued=false fields=[—]
[enrich] cnp=5004098 type=MEDICAMENTO typeConf=68% status=PARTIALLY_VERIFIED (downgrade de VERIFIED) needsReview=false queued=false fields=[—]
[enrich] cnp=5564729 type=MEDICAMENTO typeConf=68% status=PARTIALLY_VERIFIED (downgrade de VERIFIED) needsReview=false queued=false fields=[—]
[enrich] cnp=5833165 type=MEDICAMENTO typeConf=68% status=PARTIALLY_VERIFIED (downgrade de VERIFIED) needsReview=false queued=false fields=[—]
[enrich] cnp=5833850 type=MEDICAMENTO typeConf=68% status=PARTIALLY_VERIFIED (downgrade de VERIFIED) needsReview=false queued=false fields=[—]
[enrich] cnp=5564711 type=MEDICAMENTO typeConf=68% status=PARTIALLY_VERIFIED (downgrade de VERIFIED) needsReview=false queued=false fields=[—]
[enrich] cnp=5712492 type=MEDICAMENTO typeConf=97% status=PARTIALLY_VERIFIED (downgrade de VERIFIED) needsReview=false queued=false fields=[—]
[enrich] cnp=5712591 type=MEDICAMENTO typeConf=97% status=PARTIALLY_VERIFIED (downgrade de VERIFIED) needsReview=false queued=false fields=[—]
[enrich] cnp=5731005 type=MEDICAMENTO typeConf=68% status=PARTIALLY_VERIFIED (downgrade de VERIFIED) needsReview=false queued=false fields=[—]
[enrich] cnp=5818711 type=MEDICAMENTO typeConf=90% status=PARTIALLY_VERIFIED (downgrade de VERIFIED) needsReview=false queued=false fields=[—]
[enrich] cnp=7238568 type=MEDICAMENTO typeConf=68% status=PARTIALLY_VERIFIED (downgrade de VERIFIED) needsReview=false queued=false fields=[—]
[enrich] cnp=7357962 type=MEDICAMENTO typeConf=68% status=PARTIALLY_VERIFIED (downgrade de VERIFIED) needsReview=false queued=false fields=[—]
[enrich] cnp=7358069 type=MEDICAMENTO typeConf=68% status=PARTIALLY_VERIFIED (downgrade de VERIFIED) needsReview=false queued=false fields=[—]
[enrich] cnp=6342832 type=MEDICAMENTO typeConf=68% status=PARTIALLY_VERIFIED (downgrade de VERIFIED) needsReview=false queued=false fields=[—]
[enrich] cnp=6394262 type=MEDICAMENTO typeConf=75% status=PARTIALLY_VERIFIED (downgrade de VERIFIED) needsReview=false queued=false fields=[—]
[enrich] cnp=6044495 type=MEDICAMENTO typeConf=95% status=PARTIALLY_VERIFIED (downgrade de VERIFIED) needsReview=false queued=false fields=[—]
[enrich] cnp=8933036 type=MEDICAMENTO typeConf=97% status=PARTIALLY_VERIFIED (downgrade de VERIFIED) needsReview=false queued=false fields=[—]
[enrich] cnp=6289561 type=MEDICAMENTO typeConf=75% status=PARTIALLY_VERIFIED (downgrade de VERIFIED) needsReview=false queued=false fields=[—]
[enrich] cnp=7277897 type=MEDICAMENTO typeConf=75% status=PARTIALLY_VERIFIED (downgrade de VERIFIED) needsReview=false queued=false fields=[—]
[enrich] cnp=9855015 type=MEDICAMENTO typeConf=97% status=PARTIALLY_VERIFIED (downgrade de VERIFIED) needsReview=false queued=false fields=[—]
[enrich] cnp=5273289 type=MEDICAMENTO typeConf=95% status=PARTIALLY_VERIFIED (downgrade de VERIFIED) needsReview=false queued=false fields=[—]
[enrich] cnp=8683300 type=MEDICAMENTO typeConf=73% status=PARTIALLY_VERIFIED (downgrade de VERIFIED) needsReview=false queued=false fields=[—]
[enrich] cnp=5773965 type=MEDICAMENTO typeConf=90% status=PARTIALLY_VERIFIED (downgrade de VERIFIED) needsReview=false queued=false fields=[—]
[enrich] cnp=3045580 type=MEDICAMENTO typeConf=68% status=PARTIALLY_VERIFIED (downgrade de VERIFIED) needsReview=false queued=false fields=[—]
[enrich] cnp=5817960 type=MEDICAMENTO typeConf=68% status=PARTIALLY_VERIFIED (downgrade de VERIFIED) needsReview=false queued=false fields=[—]
[enrich] cnp=5588207 type=MEDICAMENTO typeConf=73% status=PARTIALLY_VERIFIED (downgrade de VERIFIED) needsReview=false queued=false fields=[—]
[enrich] cnp=5744735 type=MEDICAMENTO typeConf=97% status=PARTIALLY_VERIFIED (downgrade de VERIFIED) needsReview=false queued=false fields=[—]
[enrich] cnp=5745336 type=MEDICAMENTO typeConf=97% status=PARTIALLY_VERIFIED (downgrade de VERIFIED) needsReview=false queued=false fields=[—]
[enrich] cnp=2697381 type=MEDICAMENTO typeConf=97% status=PARTIALLY_VERIFIED (downgrade de VERIFIED) needsReview=false queued=false fields=[—]
[enrich] cnp=2695989 type=MEDICAMENTO typeConf=97% status=PARTIALLY_VERIFIED (downgrade de VERIFIED) needsReview=false queued=false fields=[—]
[enrich] cnp=5728803 type=MEDICAMENTO typeConf=97% status=PARTIALLY_VERIFIED (downgrade de VERIFIED) needsReview=false queued=false fields=[—]
[enrich] cnp=5852264 type=MEDICAMENTO typeConf=97% status=PARTIALLY_VERIFIED (downgrade de VERIFIED) needsReview=false queued=false fields=[—]
[enrich] cnp=5852249 type=MEDICAMENTO typeConf=97% status=PARTIALLY_VERIFIED (downgrade de VERIFIED) needsReview=false queued=false fields=[—]
[enrich] cnp=5841325 type=MEDICAMENTO typeConf=68% status=PARTIALLY_VERIFIED (downgrade de VERIFIED) needsReview=false queued=false fields=[—]
[enrich] cnp=5870910 type=MEDICAMENTO typeConf=68% status=PARTIALLY_VERIFIED (downgrade de VERIFIED) needsReview=false queued=false fields=[—]
[enrich] cnp=5870928 type=MEDICAMENTO typeConf=68% status=PARTIALLY_VERIFIED (downgrade de VERIFIED) needsReview=false queued=false fields=[—]
[enrich] cnp=5814520 type=MEDICAMENTO typeConf=68% status=PARTIALLY_VERIFIED (downgrade de VERIFIED) needsReview=false queued=false fields=[—]
[enrich] cnp=5814538 type=MEDICAMENTO typeConf=68% status=PARTIALLY_VERIFIED (downgrade de VERIFIED) needsReview=false queued=false fields=[—]
[enrich] cnp=5869748 type=MEDICAMENTO typeConf=68% status=PARTIALLY_VERIFIED (downgrade de VERIFIED) needsReview=false queued=false fields=[—]
[enrich] cnp=5869771 type=MEDICAMENTO typeConf=68% status=PARTIALLY_VERIFIED (downgrade de VERIFIED) needsReview=false queued=false fields=[—]
[enrich] cnp=5828215 type=MEDICAMENTO typeConf=68% status=PARTIALLY_VERIFIED (downgrade de VERIFIED) needsReview=false queued=false fields=[—]
[enrich] cnp=5828256 type=MEDICAMENTO typeConf=68% status=PARTIALLY_VERIFIED (downgrade de VERIFIED) needsReview=false queued=false fields=[—]
[enrich] cnp=5817671 type=MEDICAMENTO typeConf=68% status=PARTIALLY_VERIFIED (downgrade de VERIFIED) needsReview=false queued=false fields=[—]
[enrich] cnp=5817945 type=MEDICAMENTO typeConf=68% status=PARTIALLY_VERIFIED (downgrade de VERIFIED) needsReview=false queued=false fields=[—]
[enrich] cnp=5817754 type=MEDICAMENTO typeConf=68% status=PARTIALLY_VERIFIED (downgrade de VERIFIED) needsReview=false queued=false fields=[—]
[enrich] cnp=5842844 type=MEDICAMENTO typeConf=68% status=PARTIALLY_VERIFIED (downgrade de VERIFIED) needsReview=false queued=false fields=[—]
[enrich] cnp=5842869 type=MEDICAMENTO typeConf=68% status=PARTIALLY_VERIFIED (downgrade de VERIFIED) needsReview=false queued=false fields=[—]
[enrich] cnp=5842901 type=MEDICAMENTO typeConf=68% status=PARTIALLY_VERIFIED (downgrade de VERIFIED) needsReview=false queued=false fields=[—]
[enrich] cnp=5842919 type=MEDICAMENTO typeConf=68% status=PARTIALLY_VERIFIED (downgrade de VERIFIED) needsReview=false queued=false fields=[—]
[enrich] cnp=5814157 type=MEDICAMENTO typeConf=68% status=PARTIALLY_VERIFIED (downgrade de VERIFIED) needsReview=false queued=false fields=[—]
[enrich] cnp=5814173 type=MEDICAMENTO typeConf=68% status=PARTIALLY_VERIFIED (downgrade de VERIFIED) needsReview=false queued=false fields=[—]
[enrich] cnp=5814215 type=MEDICAMENTO typeConf=68% status=PARTIALLY_VERIFIED (downgrade de VERIFIED) needsReview=false queued=false fields=[—]
[enrich] cnp=5806955 type=MEDICAMENTO typeConf=68% status=PARTIALLY_VERIFIED (downgrade de VERIFIED) needsReview=false queued=false fields=[—]
[enrich] cnp=5806963 type=MEDICAMENTO typeConf=68% status=PARTIALLY_VERIFIED (downgrade de VERIFIED) needsReview=false queued=false fields=[—]
[enrich] cnp=5799838 type=MEDICAMENTO typeConf=68% status=PARTIALLY_VERIFIED (downgrade de VERIFIED) needsReview=false queued=false fields=[—]
[enrich] cnp=5260542 type=MEDICAMENTO typeConf=68% status=PARTIALLY_VERIFIED (downgrade de VERIFIED) needsReview=false queued=false fields=[—]
[enrich] cnp=5260559 type=MEDICAMENTO typeConf=68% status=PARTIALLY_VERIFIED (downgrade de VERIFIED) needsReview=false queued=false fields=[—]
[enrich] cnp=5260575 type=MEDICAMENTO typeConf=68% status=PARTIALLY_VERIFIED (downgrade de VERIFIED) needsReview=false queued=false fields=[—]
[enrich] cnp=5678735 type=MEDICAMENTO typeConf=68% status=PARTIALLY_VERIFIED (downgrade de VERIFIED) needsReview=false queued=false fields=[—]
[enrich] cnp=5678776 type=MEDICAMENTO typeConf=68% status=PARTIALLY_VERIFIED (downgrade de VERIFIED) needsReview=false queued=false fields=[—]
[enrich] cnp=5678800 type=MEDICAMENTO typeConf=68% status=PARTIALLY_VERIFIED (downgrade de VERIFIED) needsReview=false queued=false fields=[—]
[enrich] cnp=5069539 type=MEDICAMENTO typeConf=68% status=PARTIALLY_VERIFIED (downgrade de VERIFIED) needsReview=false queued=false fields=[—]
[enrich] cnp=5069422 type=MEDICAMENTO typeConf=68% status=PARTIALLY_VERIFIED (downgrade de VERIFIED) needsReview=false queued=false fields=[—]
[enrich] cnp=5069463 type=MEDICAMENTO typeConf=68% status=PARTIALLY_VERIFIED (downgrade de VERIFIED) needsReview=false queued=false fields=[—]
[enrich] cnp=5800115 type=MEDICAMENTO typeConf=68% status=PARTIALLY_VERIFIED (downgrade de VERIFIED) needsReview=false queued=false fields=[—]
[enrich] cnp=5261656 type=MEDICAMENTO typeConf=68% status=PARTIALLY_VERIFIED (downgrade de VERIFIED) needsReview=false queued=false fields=[—]
[enrich] cnp=5261722 type=MEDICAMENTO typeConf=68% status=PARTIALLY_VERIFIED (downgrade de VERIFIED) needsReview=false queued=false fields=[—]
[enrich] cnp=5261615 type=MEDICAMENTO typeConf=68% status=PARTIALLY_VERIFIED (downgrade de VERIFIED) needsReview=false queued=false fields=[—]
[enrich] cnp=5889456 type=MEDICAMENTO typeConf=68% status=PARTIALLY_VERIFIED needsReview=false queued=false fields=[—]
[enrich] cnp=5889506 type=MEDICAMENTO typeConf=68% status=PARTIALLY_VERIFIED (downgrade de VERIFIED) needsReview=false queued=false fields=[—]
[enrich] cnp=5889530 type=MEDICAMENTO typeConf=68% status=PARTIALLY_VERIFIED (downgrade de VERIFIED) needsReview=false queued=false fields=[—]
[enrich] cnp=5323324 type=MEDICAMENTO typeConf=68% status=PARTIALLY_VERIFIED (downgrade de VERIFIED) needsReview=false queued=false fields=[—]
[enrich] cnp=5323340 type=MEDICAMENTO typeConf=68% status=PARTIALLY_VERIFIED (downgrade de VERIFIED) needsReview=false queued=false fields=[—]

— Batch 1 —
  processed=150 updated=0 unchanged=150 failed=0
  reclassN2=0 +atc=0 +dci=0 +img=0 still-outros=0
  signal: hasATC=16 hasDCI=16 hasAtcOrDci=16 hasNeither=134
  reclass por método: atc_prefix=0 atc(letra)=0 dci=0 keyword=0 outro=0

  Amostra (primeiros 10):
    1. CNP=6304774 | A Cerumen Spray Auricular 40 Ml
        nivel2: "Otológicos" == "Otológicos"
        ATC=— | DCI=—
        image: — → —
        image decision: skipped — nenhuma fonte devolveu valor
        outcome: unchanged (cat: image_skipped)
    2. CNP=6340026 | Abelia Tris Edta Sol Otica 118ml
        nivel2: "Otológicos" == "Otológicos"
        ATC=— | DCI=—
        image: — → —
        image decision: skipped — nenhuma fonte devolveu valor
        outcome: unchanged (cat: image_skipped)
    3. CNP=5056387 | Abilify, 10 mg x 28 comp
        nivel2: "Sistema Nervoso" == "Sistema Nervoso"
        ATC=N05AX12 | DCI=Aripiprazol
        image: — → —
        image decision: skipped — nenhuma fonte devolveu valor
        outcome: unchanged (cat: image_skipped)
    4. CNP=7356840 | Absorvit Infantil Xar 150 Ml
        nivel2: "Outros Puericultura e Bebé" == "Outros Puericultura e Bebé"
        ATC=— | DCI=—
        image: — → —
        image decision: skipped — nenhuma fonte devolveu valor
        outcome: unchanged (cat: image_skipped)
    5. CNP=7353623 | Absorvit Infantil Xar 300 Ml
        nivel2: "Outros Puericultura e Bebé" == "Outros Puericultura e Bebé"
        ATC=— | DCI=—
        image: — → —
        image decision: skipped — nenhuma fonte devolveu valor
        outcome: unchanged (cat: image_skipped)
    6. CNP=6046532 | Advancis Digest Plus 30ml
        nivel2: "Sistema Digestivo" == "Sistema Digestivo"
        ATC=— | DCI=—
        image: — → —
        image decision: skipped — nenhuma fonte devolveu valor
        outcome: unchanged (cat: image_skipped)
    7. CNP=7487041 | Advancis digest reflux susp. oral saquetas 14*15ml
        nivel2: "Sistema Digestivo" == "Sistema Digestivo"
        ATC=— | DCI=—
        image: — → —
        image decision: skipped — nenhuma fonte devolveu valor
        outcome: unchanged (cat: image_skipped)
    8. CNP=7389775 | Advancis Easylax Infantil Xarope 150 Ml
        nivel2: "Constipação, Tosse e Gripe" == "Constipação, Tosse e Gripe"
        ATC=— | DCI=—
        image: — → —
        image decision: skipped — nenhuma fonte devolveu valor
        outcome: unchanged (cat: image_skipped)
    9. CNP=6933598 | Advancis Passival Infantil Xarope 150ml xar mL
        nivel2: "Constipação, Tosse e Gripe" == "Constipação, Tosse e Gripe"
        ATC=— | DCI=—
        image: — → —
        image decision: skipped — nenhuma fonte devolveu valor
        outcome: unchanged (cat: image_skipped)
   10. CNP=7292367 | Advancis TussiPlus Kids Xarope 140Ml
        nivel2: "Constipação, Tosse e Gripe" == "Constipação, Tosse e Gripe"
        ATC=— | DCI=—
        image: — → —
        image decision: skipped — nenhuma fonte devolveu valor
        outcome: unchanged (cat: image_skipped)
  progresso: 150/1321 (~1171 restantes neste pass)
[enrich] cnp=5323373 type=MEDICAMENTO typeConf=68% status=PARTIALLY_VERIFIED (downgrade de VERIFIED) needsReview=false queued=false fields=[—]
[enrich] cnp=5900105 type=MEDICAMENTO typeConf=68% status=PARTIALLY_VERIFIED needsReview=false queued=false fields=[—]
[enrich] cnp=5900113 type=MEDICAMENTO typeConf=68% status=PARTIALLY_VERIFIED needsReview=false queued=false fields=[—]
[enrich] cnp=5900121 type=MEDICAMENTO typeConf=68% status=PARTIALLY_VERIFIED needsReview=false queued=false fields=[—]
[enrich] cnp=5434923 type=MEDICAMENTO typeConf=68% status=PARTIALLY_VERIFIED (downgrade de VERIFIED) needsReview=false queued=false fields=[—]
[enrich] cnp=5434857 type=MEDICAMENTO typeConf=68% status=PARTIALLY_VERIFIED (downgrade de VERIFIED) needsReview=false queued=false fields=[—]
[enrich] cnp=5434873 type=MEDICAMENTO typeConf=68% status=PARTIALLY_VERIFIED (downgrade de VERIFIED) needsReview=false queued=false fields=[—]
[enrich] cnp=5069166 type=MEDICAMENTO typeConf=68% status=PARTIALLY_VERIFIED (downgrade de VERIFIED) needsReview=false queued=false fields=[—]
[enrich] cnp=5069224 type=MEDICAMENTO typeConf=68% status=PARTIALLY_VERIFIED (downgrade de VERIFIED) needsReview=false queued=false fields=[—]
[enrich] cnp=5069273 type=MEDICAMENTO typeConf=68% status=PARTIALLY_VERIFIED (downgrade de VERIFIED) needsReview=false queued=false fields=[—]
[enrich] cnp=5808811 type=MEDICAMENTO typeConf=68% status=PARTIALLY_VERIFIED (downgrade de VERIFIED) needsReview=false queued=false fields=[—]
[enrich] cnp=5808860 type=MEDICAMENTO typeConf=68% status=PARTIALLY_VERIFIED (downgrade de VERIFIED) needsReview=false queued=false fields=[—]
[enrich] cnp=5808969 type=MEDICAMENTO typeConf=68% status=PARTIALLY_VERIFIED (downgrade de VERIFIED) needsReview=false queued=false fields=[—]
[enrich] cnp=5889340 type=MEDICAMENTO typeConf=68% status=PARTIALLY_VERIFIED (downgrade de VERIFIED) needsReview=false queued=false fields=[—]
[enrich] cnp=5889373 type=MEDICAMENTO typeConf=68% status=PARTIALLY_VERIFIED (downgrade de VERIFIED) needsReview=false queued=false fields=[—]
[enrich] cnp=5889423 type=MEDICAMENTO typeConf=68% status=PARTIALLY_VERIFIED (downgrade de VERIFIED) needsReview=false queued=false fields=[—]
[enrich] cnp=5416649 type=MEDICAMENTO typeConf=68% status=PARTIALLY_VERIFIED (downgrade de VERIFIED) needsReview=false queued=false fields=[—]
[enrich] cnp=5416664 type=MEDICAMENTO typeConf=68% status=PARTIALLY_VERIFIED (downgrade de VERIFIED) needsReview=false queued=false fields=[—]
[enrich] cnp=5416714 type=MEDICAMENTO typeConf=68% status=PARTIALLY_VERIFIED (downgrade de VERIFIED) needsReview=false queued=false fields=[—]
[enrich] cnp=5061106 type=MEDICAMENTO typeConf=68% status=PARTIALLY_VERIFIED (downgrade de VERIFIED) needsReview=false queued=false fields=[—]
[enrich] cnp=5061130 type=MEDICAMENTO typeConf=68% status=PARTIALLY_VERIFIED (downgrade de VERIFIED) needsReview=false queued=false fields=[—]
[enrich] cnp=5061064 type=MEDICAMENTO typeConf=68% status=PARTIALLY_VERIFIED (downgrade de VERIFIED) needsReview=false queued=false fields=[—]
[enrich] cnp=5060769 type=MEDICAMENTO typeConf=68% status=PARTIALLY_VERIFIED (downgrade de VERIFIED) needsReview=false queued=false fields=[—]
[enrich] cnp=5889209 type=MEDICAMENTO typeConf=68% status=PARTIALLY_VERIFIED (downgrade de VERIFIED) needsReview=false queued=false fields=[—]
[enrich] cnp=5317037 type=MEDICAMENTO typeConf=68% status=PARTIALLY_VERIFIED (downgrade de VERIFIED) needsReview=false queued=false fields=[—]
[enrich] cnp=5889233 type=MEDICAMENTO typeConf=68% status=PARTIALLY_VERIFIED (downgrade de VERIFIED) needsReview=false queued=false fields=[—]
[enrich] cnp=5317052 type=MEDICAMENTO typeConf=68% status=PARTIALLY_VERIFIED (downgrade de VERIFIED) needsReview=false queued=false fields=[—]
[enrich] cnp=5889266 type=MEDICAMENTO typeConf=68% status=PARTIALLY_VERIFIED (downgrade de VERIFIED) needsReview=false queued=false fields=[—]
[enrich] cnp=5317102 type=MEDICAMENTO typeConf=68% status=PARTIALLY_VERIFIED (downgrade de VERIFIED) needsReview=false queued=false fields=[—]
[enrich] cnp=5889316 type=MEDICAMENTO typeConf=68% status=PARTIALLY_VERIFIED (downgrade de VERIFIED) needsReview=false queued=false fields=[—]
[enrich] cnp=5317136 type=MEDICAMENTO typeConf=68% status=PARTIALLY_VERIFIED (downgrade de VERIFIED) needsReview=false queued=false fields=[—]
[enrich] cnp=5863311 type=MEDICAMENTO typeConf=68% status=PARTIALLY_VERIFIED (downgrade de VERIFIED) needsReview=false queued=false fields=[—]
[enrich] cnp=5863337 type=MEDICAMENTO typeConf=68% status=PARTIALLY_VERIFIED (downgrade de VERIFIED) needsReview=false queued=false fields=[—]
[enrich] cnp=5419510 type=MEDICAMENTO typeConf=68% status=PARTIALLY_VERIFIED (downgrade de VERIFIED) needsReview=false queued=false fields=[—]
[enrich] cnp=5419528 type=MEDICAMENTO typeConf=68% status=PARTIALLY_VERIFIED (downgrade de VERIFIED) needsReview=false queued=false fields=[—]
[enrich] cnp=5419544 type=MEDICAMENTO typeConf=68% status=PARTIALLY_VERIFIED (downgrade de VERIFIED) needsReview=false queued=false fields=[—]
[enrich] cnp=5240833 type=MEDICAMENTO typeConf=68% status=PARTIALLY_VERIFIED (downgrade de VERIFIED) needsReview=false queued=false fields=[—]
[enrich] cnp=5240858 type=MEDICAMENTO typeConf=68% status=PARTIALLY_VERIFIED (downgrade de VERIFIED) needsReview=false queued=false fields=[—]
[enrich] cnp=5642863 type=MEDICAMENTO typeConf=68% status=PARTIALLY_VERIFIED (downgrade de VERIFIED) needsReview=false queued=false fields=[—]
[enrich] cnp=5642848 type=MEDICAMENTO typeConf=68% status=PARTIALLY_VERIFIED (downgrade de VERIFIED) needsReview=false queued=false fields=[—]
[enrich] cnp=5642830 type=MEDICAMENTO typeConf=68% status=PARTIALLY_VERIFIED (downgrade de VERIFIED) needsReview=false queued=false fields=[—]
[enrich] cnp=5642822 type=MEDICAMENTO typeConf=68% status=PARTIALLY_VERIFIED (downgrade de VERIFIED) needsReview=false queued=false fields=[—]
[enrich] cnp=5809181 type=MEDICAMENTO typeConf=97% status=PARTIALLY_VERIFIED (downgrade de VERIFIED) needsReview=false queued=false fields=[—]
[enrich] cnp=5858121 type=MEDICAMENTO typeConf=68% status=PARTIALLY_VERIFIED (downgrade de VERIFIED) needsReview=false queued=false fields=[—]
[enrich] cnp=5866801 type=MEDICAMENTO typeConf=68% status=PARTIALLY_VERIFIED (downgrade de VERIFIED) needsReview=false queued=false fields=[—]
[enrich] cnp=7432674 type=VETERINARIA typeConf=85% status=PARTIALLY_VERIFIED needsReview=false queued=false fields=[productType]
[enrich] cnp=7448399 type=MEDICAMENTO typeConf=68% status=PARTIALLY_VERIFIED (downgrade de VERIFIED) needsReview=false queued=false fields=[—]
[enrich] cnp=6385021 type=MEDICAMENTO typeConf=68% status=PARTIALLY_VERIFIED (downgrade de VERIFIED) needsReview=false queued=false fields=[—]
[enrich] cnp=6907915 type=MEDICAMENTO typeConf=68% status=PARTIALLY_VERIFIED (downgrade de VERIFIED) needsReview=false queued=false fields=[—]
[enrich] cnp=6385039 type=MEDICAMENTO typeConf=68% status=PARTIALLY_VERIFIED (downgrade de VERIFIED) needsReview=false queued=false fields=[—]
[enrich] cnp=6283929 type=MEDICAMENTO typeConf=75% status=PARTIALLY_VERIFIED (downgrade de VERIFIED) needsReview=false queued=false fields=[—]
[enrich] cnp=7078949 type=MEDICAMENTO typeConf=68% status=PARTIALLY_VERIFIED (downgrade de VERIFIED) needsReview=false queued=false fields=[—]
[enrich] cnp=2003093 type=MEDICAMENTO typeConf=75% status=PARTIALLY_VERIFIED (downgrade de VERIFIED) needsReview=false queued=false fields=[—]
[enrich] cnp=5855853 type=MEDICAMENTO typeConf=68% status=PARTIALLY_VERIFIED (downgrade de VERIFIED) needsReview=false queued=false fields=[—]
[enrich] cnp=7556142 type=MEDICAMENTO typeConf=68% status=PARTIALLY_VERIFIED needsReview=false queued=false fields=[—]
[enrich] cnp=5702907 type=MEDICAMENTO typeConf=73% status=PARTIALLY_VERIFIED (downgrade de VERIFIED) needsReview=false queued=false fields=[—]
[enrich] cnp=5894605 type=MEDICAMENTO typeConf=90% status=PARTIALLY_VERIFIED (downgrade de VERIFIED) needsReview=false queued=false fields=[—]
[enrich] cnp=5440987 type=MEDICAMENTO typeConf=97% status=PARTIALLY_VERIFIED (downgrade de VERIFIED) needsReview=false queued=false fields=[—]
[enrich] cnp=5397435 type=MEDICAMENTO typeConf=95% status=PARTIALLY_VERIFIED (downgrade de VERIFIED) needsReview=false queued=false fields=[—]
[enrich] cnp=6412536 type=MEDICAMENTO typeConf=68% status=PARTIALLY_VERIFIED (downgrade de VERIFIED) needsReview=false queued=false fields=[—]
[enrich] cnp=9435818 type=MEDICAMENTO typeConf=68% status=PARTIALLY_VERIFIED (downgrade de VERIFIED) needsReview=false queued=false fields=[—]
[enrich] cnp=9454710 type=MEDICAMENTO typeConf=75% status=PARTIALLY_VERIFIED (downgrade de VERIFIED) needsReview=false queued=false fields=[—]
[enrich] cnp=9454728 type=MEDICAMENTO typeConf=75% status=PARTIALLY_VERIFIED (downgrade de VERIFIED) needsReview=false queued=false fields=[—]
[enrich] cnp=8435701 type=MEDICAMENTO typeConf=68% status=PARTIALLY_VERIFIED (downgrade de VERIFIED) needsReview=false queued=false fields=[—]
[enrich] cnp=8436105 type=MEDICAMENTO typeConf=68% status=PARTIALLY_VERIFIED (downgrade de VERIFIED) needsReview=false queued=false fields=[—]
[enrich] cnp=8435719 type=MEDICAMENTO typeConf=68% status=PARTIALLY_VERIFIED (downgrade de VERIFIED) needsReview=false queued=false fields=[—]
[enrich] cnp=8436006 type=MEDICAMENTO typeConf=68% status=PARTIALLY_VERIFIED (downgrade de VERIFIED) needsReview=false queued=false fields=[—]
[enrich] cnp=9555615 type=MEDICAMENTO typeConf=68% status=PARTIALLY_VERIFIED (downgrade de VERIFIED) needsReview=false queued=false fields=[—]
[enrich] cnp=8436014 type=MEDICAMENTO typeConf=68% status=PARTIALLY_VERIFIED (downgrade de VERIFIED) needsReview=false queued=false fields=[—]
[enrich] cnp=4454781 type=MEDICAMENTO typeConf=68% status=PARTIALLY_VERIFIED (downgrade de VERIFIED) needsReview=false queued=false fields=[—]
[enrich] cnp=5648571 type=MEDICAMENTO typeConf=75% status=PARTIALLY_VERIFIED (downgrade de VERIFIED) needsReview=false queued=false fields=[—]
[enrich] cnp=5823471 type=MEDICAMENTO typeConf=75% status=PARTIALLY_VERIFIED (downgrade de VERIFIED) needsReview=false queued=false fields=[—]
[enrich] cnp=8354969 type=MEDICAMENTO typeConf=97% status=PARTIALLY_VERIFIED (downgrade de VERIFIED) needsReview=false queued=false fields=[—]
[enrich] cnp=8354951 type=MEDICAMENTO typeConf=97% status=PARTIALLY_VERIFIED (downgrade de VERIFIED) needsReview=false queued=false fields=[—]
[enrich] cnp=5304381 type=MEDICAMENTO typeConf=97% status=PARTIALLY_VERIFIED (downgrade de VERIFIED) needsReview=false queued=false fields=[—]
[enrich] cnp=7004226 type=MEDICAMENTO typeConf=68% status=PARTIALLY_VERIFIED (downgrade de VERIFIED) needsReview=false queued=false fields=[—]
[enrich] cnp=6555326 type=MEDICAMENTO typeConf=68% status=PARTIALLY_VERIFIED (downgrade de VERIFIED) needsReview=false queued=false fields=[—]
[enrich] cnp=9093849 type=MEDICAMENTO typeConf=97% status=PARTIALLY_VERIFIED (downgrade de VERIFIED) needsReview=false queued=false fields=[—]
[enrich] cnp=9093856 type=MEDICAMENTO typeConf=97% status=PARTIALLY_VERIFIED (downgrade de VERIFIED) needsReview=false queued=false fields=[—]
[enrich] cnp=9093864 type=MEDICAMENTO typeConf=97% status=PARTIALLY_VERIFIED (downgrade de VERIFIED) needsReview=false queued=false fields=[—]
[enrich] cnp=5839303 type=MEDICAMENTO typeConf=97% status=PARTIALLY_VERIFIED (downgrade de VERIFIED) needsReview=false queued=false fields=[—]
[enrich] cnp=5851209 type=MEDICAMENTO typeConf=68% status=PARTIALLY_VERIFIED (downgrade de VERIFIED) needsReview=false queued=false fields=[—]
[enrich] cnp=5843958 type=MEDICAMENTO typeConf=68% status=PARTIALLY_VERIFIED (downgrade de VERIFIED) needsReview=false queued=false fields=[—]
[enrich] cnp=5816525 type=MEDICAMENTO typeConf=68% status=PARTIALLY_VERIFIED (downgrade de VERIFIED) needsReview=false queued=false fields=[—]
[enrich] cnp=5816517 type=MEDICAMENTO typeConf=68% status=PARTIALLY_VERIFIED (downgrade de VERIFIED) needsReview=false queued=false fields=[—]
[enrich] cnp=5341508 type=MEDICAMENTO typeConf=97% status=PARTIALLY_VERIFIED (downgrade de VERIFIED) needsReview=false queued=false fields=[—]
[enrich] cnp=7098947 type=MEDICAMENTO typeConf=68% status=PARTIALLY_VERIFIED (downgrade de VERIFIED) needsReview=false queued=false fields=[—]
[enrich] cnp=6222752 type=MEDICAMENTO typeConf=68% status=PARTIALLY_VERIFIED (downgrade de VERIFIED) needsReview=false queued=false fields=[—]
[enrich] cnp=6456590 type=MEDICAMENTO typeConf=95% status=PARTIALLY_VERIFIED (downgrade de VERIFIED) needsReview=false queued=false fields=[—]
[enrich] cnp=7550111 type=MEDICAMENTO typeConf=90% status=PARTIALLY_VERIFIED needsReview=false queued=false fields=[—]
[enrich] cnp=3605995 type=MEDICAMENTO typeConf=73% status=PARTIALLY_VERIFIED (downgrade de VERIFIED) needsReview=false queued=false fields=[—]
[enrich] cnp=8283309 type=MEDICAMENTO typeConf=73% status=PARTIALLY_VERIFIED (downgrade de VERIFIED) needsReview=false queued=false fields=[—]
[enrich] cnp=5341649 type=MEDICAMENTO typeConf=68% status=PARTIALLY_VERIFIED (downgrade de VERIFIED) needsReview=false queued=false fields=[—]
[enrich] cnp=5341672 type=MEDICAMENTO typeConf=68% status=PARTIALLY_VERIFIED (downgrade de VERIFIED) needsReview=false queued=false fields=[—]
[enrich] cnp=5346150 type=MEDICAMENTO typeConf=68% status=PARTIALLY_VERIFIED (downgrade de VERIFIED) needsReview=false queued=false fields=[—]
[enrich] cnp=5201819 type=MEDICAMENTO typeConf=68% status=PARTIALLY_VERIFIED (downgrade de VERIFIED) needsReview=false queued=false fields=[—]
[enrich] cnp=5290598 type=MEDICAMENTO typeConf=90% status=PARTIALLY_VERIFIED (downgrade de VERIFIED) needsReview=false queued=false fields=[—]
[enrich] cnp=5586946 type=MEDICAMENTO typeConf=68% status=PARTIALLY_VERIFIED (downgrade de VERIFIED) needsReview=false queued=false fields=[—]
[enrich] cnp=5587027 type=MEDICAMENTO typeConf=68% status=PARTIALLY_VERIFIED (downgrade de VERIFIED) needsReview=false queued=false fields=[—]
[enrich] cnp=5602446 type=MEDICAMENTO typeConf=68% status=PARTIALLY_VERIFIED (downgrade de VERIFIED) needsReview=false queued=false fields=[—]
[enrich] cnp=5587076 type=MEDICAMENTO typeConf=68% status=PARTIALLY_VERIFIED (downgrade de VERIFIED) needsReview=false queued=false fields=[—]
[enrich] cnp=5352448 type=MEDICAMENTO typeConf=68% status=PARTIALLY_VERIFIED (downgrade de VERIFIED) needsReview=false queued=false fields=[—]
[enrich] cnp=5352414 type=MEDICAMENTO typeConf=68% status=PARTIALLY_VERIFIED (downgrade de VERIFIED) needsReview=false queued=false fields=[—]
[enrich] cnp=5303003 type=MEDICAMENTO typeConf=68% status=PARTIALLY_VERIFIED (downgrade de VERIFIED) needsReview=false queued=false fields=[—]
[enrich] cnp=5113881 type=MEDICAMENTO typeConf=68% status=PARTIALLY_VERIFIED (downgrade de VERIFIED) needsReview=false queued=false fields=[—]
[enrich] cnp=5065487 type=MEDICAMENTO typeConf=68% status=PARTIALLY_VERIFIED (downgrade de VERIFIED) needsReview=false queued=false fields=[—]
[enrich] cnp=5819115 type=MEDICAMENTO typeConf=68% status=PARTIALLY_VERIFIED (downgrade de VERIFIED) needsReview=false queued=false fields=[—]
[enrich] cnp=2700789 type=MEDICAMENTO typeConf=97% status=PARTIALLY_VERIFIED (downgrade de VERIFIED) needsReview=false queued=false fields=[—]
[enrich] cnp=2699684 type=MEDICAMENTO typeConf=97% status=PARTIALLY_VERIFIED (downgrade de VERIFIED) needsReview=false queued=false fields=[—]
[enrich] cnp=6440883 type=MEDICAMENTO typeConf=68% status=PARTIALLY_VERIFIED (downgrade de VERIFIED) needsReview=false queued=false fields=[—]
[enrich] cnp=2624484 type=MEDICAMENTO typeConf=90% status=PARTIALLY_VERIFIED (downgrade de VERIFIED) needsReview=false queued=false fields=[—]
[enrich] cnp=2624682 type=MEDICAMENTO typeConf=90% status=PARTIALLY_VERIFIED (downgrade de VERIFIED) needsReview=false queued=false fields=[—]
[enrich] cnp=4537791 type=MEDICAMENTO typeConf=97% status=PARTIALLY_VERIFIED (downgrade de VERIFIED) needsReview=false queued=false fields=[—]
[enrich] cnp=7536391 type=MEDICAMENTO typeConf=90% status=PARTIALLY_VERIFIED needsReview=false queued=false fields=[—]
[enrich] cnp=6237628 type=MEDICAMENTO typeConf=90% status=PARTIALLY_VERIFIED (downgrade de VERIFIED) needsReview=false queued=false fields=[—]
[enrich] cnp=9529230 type=MEDICAMENTO typeConf=97% status=PARTIALLY_VERIFIED (downgrade de VERIFIED) needsReview=false queued=false fields=[—]
[enrich] cnp=5366505 type=MEDICAMENTO typeConf=97% status=PARTIALLY_VERIFIED (downgrade de VERIFIED) needsReview=false queued=false fields=[—]
[enrich] cnp=9529214 type=MEDICAMENTO typeConf=68% status=PARTIALLY_VERIFIED (downgrade de VERIFIED) needsReview=false queued=false fields=[—]
[enrich] cnp=5704218 type=MEDICAMENTO typeConf=95% status=PARTIALLY_VERIFIED (downgrade de VERIFIED) needsReview=false queued=false fields=[—]
[enrich] cnp=9745828 type=MEDICAMENTO typeConf=73% status=PARTIALLY_VERIFIED (downgrade de VERIFIED) needsReview=false queued=false fields=[—]
[enrich] cnp=9545509 type=MEDICAMENTO typeConf=73% status=PARTIALLY_VERIFIED (downgrade de VERIFIED) needsReview=false queued=false fields=[—]
[enrich] cnp=9545418 type=MEDICAMENTO typeConf=73% status=PARTIALLY_VERIFIED (downgrade de VERIFIED) needsReview=false queued=false fields=[—]
[enrich] cnp=9545517 type=MEDICAMENTO typeConf=73% status=PARTIALLY_VERIFIED (downgrade de VERIFIED) needsReview=false queued=false fields=[—]
[enrich] cnp=5115480 type=MEDICAMENTO typeConf=68% status=PARTIALLY_VERIFIED (downgrade de VERIFIED) needsReview=false queued=false fields=[—]
[enrich] cnp=4454989 type=MEDICAMENTO typeConf=90% status=PARTIALLY_VERIFIED (downgrade de VERIFIED) needsReview=false queued=false fields=[—]
[enrich] cnp=5567383 type=MEDICAMENTO typeConf=90% status=PARTIALLY_VERIFIED (downgrade de VERIFIED) needsReview=false queued=false fields=[—]
[enrich] cnp=5865985 type=MEDICAMENTO typeConf=75% status=PARTIALLY_VERIFIED (downgrade de VERIFIED) needsReview=false queued=false fields=[—]
[enrich] cnp=2164697 type=MEDICAMENTO typeConf=68% status=PARTIALLY_VERIFIED (downgrade de VERIFIED) needsReview=false queued=false fields=[—]
[enrich] cnp=2354090 type=MEDICAMENTO typeConf=68% status=PARTIALLY_VERIFIED (downgrade de VERIFIED) needsReview=false queued=false fields=[—]
[enrich] cnp=9359141 type=MEDICAMENTO typeConf=68% status=PARTIALLY_VERIFIED (downgrade de VERIFIED) needsReview=false queued=false fields=[—]
[enrich] cnp=5879143 type=MEDICAMENTO typeConf=97% status=PARTIALLY_VERIFIED (downgrade de VERIFIED) needsReview=false queued=false fields=[—]
[enrich] cnp=5085683 type=MEDICAMENTO typeConf=68% status=PARTIALLY_VERIFIED (downgrade de VERIFIED) needsReview=false queued=false fields=[—]
[enrich] cnp=5423397 type=MEDICAMENTO typeConf=68% status=PARTIALLY_VERIFIED (downgrade de VERIFIED) needsReview=false queued=false fields=[—]
[enrich] cnp=3418597 type=MEDICAMENTO typeConf=68% status=PARTIALLY_VERIFIED (downgrade de VERIFIED) needsReview=false queued=false fields=[—]
[enrich] cnp=5735881 type=MEDICAMENTO typeConf=68% status=PARTIALLY_VERIFIED (downgrade de VERIFIED) needsReview=false queued=false fields=[—]
[enrich] cnp=3418795 type=MEDICAMENTO typeConf=68% status=PARTIALLY_VERIFIED (downgrade de VERIFIED) needsReview=false queued=false fields=[—]
[enrich] cnp=4831681 type=MEDICAMENTO typeConf=68% status=PARTIALLY_VERIFIED (downgrade de VERIFIED) needsReview=false queued=false fields=[—]
[enrich] cnp=4829289 type=MEDICAMENTO typeConf=68% status=PARTIALLY_VERIFIED (downgrade de VERIFIED) needsReview=false queued=false fields=[—]
[enrich] cnp=5726161 type=MEDICAMENTO typeConf=68% status=PARTIALLY_VERIFIED (downgrade de VERIFIED) needsReview=false queued=false fields=[—]
[enrich] cnp=4989786 type=MEDICAMENTO typeConf=68% status=PARTIALLY_VERIFIED (downgrade de VERIFIED) needsReview=false queued=false fields=[—]
[enrich] cnp=5187703 type=MEDICAMENTO typeConf=68% status=PARTIALLY_VERIFIED (downgrade de VERIFIED) needsReview=false queued=false fields=[—]
[enrich] cnp=5187661 type=MEDICAMENTO typeConf=68% status=PARTIALLY_VERIFIED (downgrade de VERIFIED) needsReview=false queued=false fields=[—]
[enrich] cnp=4407086 type=MEDICAMENTO typeConf=68% status=PARTIALLY_VERIFIED (downgrade de VERIFIED) needsReview=false queued=false fields=[—]
[enrich] cnp=4403689 type=MEDICAMENTO typeConf=68% status=PARTIALLY_VERIFIED (downgrade de VERIFIED) needsReview=false queued=false fields=[—]
[enrich] cnp=4580494 type=MEDICAMENTO typeConf=97% status=PARTIALLY_VERIFIED (downgrade de VERIFIED) needsReview=false queued=false fields=[—]
[enrich] cnp=9452102 type=MEDICAMENTO typeConf=97% status=PARTIALLY_VERIFIED (downgrade de VERIFIED) needsReview=false queued=false fields=[—]
[enrich] cnp=3196482 type=MEDICAMENTO typeConf=97% status=PARTIALLY_VERIFIED (downgrade de VERIFIED) needsReview=false queued=false fields=[—]
[enrich] cnp=3196888 type=MEDICAMENTO typeConf=97% status=PARTIALLY_VERIFIED (downgrade de VERIFIED) needsReview=false queued=false fields=[—]
[enrich] cnp=5587019 type=MEDICAMENTO typeConf=97% status=PARTIALLY_VERIFIED (downgrade de VERIFIED) needsReview=false queued=false fields=[—]
[enrich] cnp=5587126 type=MEDICAMENTO typeConf=97% status=PARTIALLY_VERIFIED (downgrade de VERIFIED) needsReview=false queued=false fields=[—]

— Batch 2 —
  processed=150 updated=1 unchanged=149 failed=0
  reclassN2=0 +atc=0 +dci=0 +img=0 still-outros=0
  signal: hasATC=23 hasDCI=23 hasAtcOrDci=23 hasNeither=127
  reclass por método: atc_prefix=0 atc(letra)=0 dci=0 keyword=0 outro=0

  Amostra (primeiros 10):
    1. CNP=5323373 | Atorvastatina Mepha MG, 40 mg x 28 comp revest
        nivel2: "Cardiovascular" == "Cardiovascular"
        ATC=— | DCI=—
        image: — → —
        image decision: skipped — nenhuma fonte devolveu valor
        outcome: unchanged (cat: image_skipped)
    2. CNP=5900105 | Atorvastatina Mylan 10 Mg 56 Comp. Revest. Por Pel.
        nivel2: "Cardiovascular" == "Cardiovascular"
        ATC=— | DCI=—
        image: — → —
        image decision: skipped — nenhuma fonte devolveu valor
        outcome: unchanged (cat: image_skipped)
    3. CNP=5900113 | Atorvastatina Mylan 20 Mg 28 Comp. Revest. Por Pel.
        nivel2: "Cardiovascular" == "Cardiovascular"
        ATC=— | DCI=—
        image: — → —
        image decision: skipped — nenhuma fonte devolveu valor
        outcome: unchanged (cat: image_skipped)
    4. CNP=5900121 | Atorvastatina Mylan 40 Mg 28 Comp. Revest. Por Pel
        nivel2: "Cardiovascular" == "Cardiovascular"
        ATC=— | DCI=—
        image: — → —
        image decision: skipped — nenhuma fonte devolveu valor
        outcome: unchanged (cat: image_skipped)
    5. CNP=5434923 | Atorvastatina Mylan 40 Mg 28 Comp. Revest. Por Pel.
        nivel2: "Cardiovascular" == "Cardiovascular"
        ATC=— | DCI=—
        image: — → —
        image decision: skipped — nenhuma fonte devolveu valor
        outcome: unchanged (cat: image_skipped)
    6. CNP=5434857 | Atorvastatina Mylan MG, 10 mg x 56 comp revest
        nivel2: "Cardiovascular" == "Cardiovascular"
        ATC=— | DCI=—
        image: — → —
        image decision: skipped — nenhuma fonte devolveu valor
        outcome: unchanged (cat: image_skipped)
    7. CNP=5434873 | Atorvastatina Mylan MG, 20 mg x 28 comp revest
        nivel2: "Cardiovascular" == "Cardiovascular"
        ATC=— | DCI=—
        image: — → —
        image decision: skipped — nenhuma fonte devolveu valor
        outcome: unchanged (cat: image_skipped)
    8. CNP=5069166 | Atorvastatina Ocram MG, 10 mg x 56 comp revest
        nivel2: "Cardiovascular" == "Cardiovascular"
        ATC=— | DCI=—
        image: — → —
        image decision: skipped — nenhuma fonte devolveu valor
        outcome: unchanged (cat: image_skipped)
    9. CNP=5069224 | Atorvastatina Ocram MG, 20 mg x 28 comp revest
        nivel2: "Cardiovascular" == "Cardiovascular"
        ATC=— | DCI=—
        image: — → —
        image decision: skipped — nenhuma fonte devolveu valor
        outcome: unchanged (cat: image_skipped)
   10. CNP=5069273 | Atorvastatina Ocram MG, 40 mg x 28 comp revest
        nivel2: "Cardiovascular" == "Cardiovascular"
        ATC=— | DCI=—
        image: — → —
        image decision: skipped — nenhuma fonte devolveu valor
        outcome: unchanged (cat: image_skipped)
  progresso: 300/1321 (~1021 restantes neste pass)
[enrich] cnp=4024782 type=MEDICAMENTO typeConf=73% status=PARTIALLY_VERIFIED (downgrade de VERIFIED) needsReview=false queued=false fields=[—]
[enrich] cnp=5458229 type=MEDICAMENTO typeConf=68% status=PARTIALLY_VERIFIED (downgrade de VERIFIED) needsReview=false queued=false fields=[—]
[enrich] cnp=5589312 type=MEDICAMENTO typeConf=68% status=PARTIALLY_VERIFIED (downgrade de VERIFIED) needsReview=false queued=false fields=[—]
[enrich] cnp=3725488 type=MEDICAMENTO typeConf=68% status=PARTIALLY_VERIFIED (downgrade de VERIFIED) needsReview=false queued=false fields=[—]
[enrich] cnp=7105932 type=MEDICAMENTO typeConf=68% status=PARTIALLY_VERIFIED (downgrade de VERIFIED) needsReview=false queued=false fields=[—]
[enrich] cnp=7259580 type=MEDICAMENTO typeConf=68% status=PARTIALLY_VERIFIED (downgrade de VERIFIED) needsReview=false queued=false fields=[—]
[enrich] cnp=9514828 type=MEDICAMENTO typeConf=97% status=PARTIALLY_VERIFIED (downgrade de VERIFIED) needsReview=false queued=false fields=[—]
[enrich] cnp=9479519 type=MEDICAMENTO typeConf=97% status=PARTIALLY_VERIFIED (downgrade de VERIFIED) needsReview=false queued=false fields=[—]
[enrich] cnp=5359716 type=MEDICAMENTO typeConf=97% status=PARTIALLY_VERIFIED (downgrade de VERIFIED) needsReview=false queued=false fields=[—]
[enrich] cnp=5650734 type=MEDICAMENTO typeConf=97% status=PARTIALLY_VERIFIED (downgrade de VERIFIED) needsReview=false queued=false fields=[—]
[enrich] cnp=7126714 type=MEDICAMENTO typeConf=68% status=PARTIALLY_VERIFIED (downgrade de VERIFIED) needsReview=false queued=false fields=[—]
[enrich] cnp=7398545 type=MEDICAMENTO typeConf=68% status=PARTIALLY_VERIFIED (downgrade de VERIFIED) needsReview=false queued=false fields=[—]
[enrich] cnp=5741830 type=MEDICAMENTO typeConf=97% status=PARTIALLY_VERIFIED (downgrade de VERIFIED) needsReview=false queued=false fields=[—]
[enrich] cnp=8287607 type=MEDICAMENTO typeConf=97% status=PARTIALLY_VERIFIED (downgrade de VERIFIED) needsReview=false queued=false fields=[—]
[enrich] cnp=7504449 type=MEDICAMENTO typeConf=68% status=PARTIALLY_VERIFIED (downgrade de VERIFIED) needsReview=false queued=false fields=[—]
[enrich] cnp=5108873 type=MEDICAMENTO typeConf=97% status=PARTIALLY_VERIFIED (downgrade de VERIFIED) needsReview=false queued=false fields=[—]
[enrich] cnp=5108865 type=MEDICAMENTO typeConf=97% status=PARTIALLY_VERIFIED (downgrade de VERIFIED) needsReview=false queued=false fields=[—]
[enrich] cnp=7471375 type=MEDICAMENTO typeConf=75% status=PARTIALLY_VERIFIED (downgrade de VERIFIED) needsReview=false queued=false fields=[—]
[enrich] cnp=7103184 type=MEDICAMENTO typeConf=68% status=PARTIALLY_VERIFIED (downgrade de VERIFIED) needsReview=false queued=false fields=[—]
[enrich] cnp=6043141 type=MEDICAMENTO typeConf=68% status=PARTIALLY_VERIFIED (downgrade de VERIFIED) needsReview=false queued=false fields=[—]
[enrich] cnp=7005173 type=MEDICAMENTO typeConf=68% status=PARTIALLY_VERIFIED (downgrade de VERIFIED) needsReview=false queued=false fields=[—]
[enrich] cnp=6326504 type=MEDICAMENTO typeConf=68% status=PARTIALLY_VERIFIED (downgrade de VERIFIED) needsReview=false queued=false fields=[—]
[enrich] cnp=8795815 type=MEDICAMENTO typeConf=95% status=PARTIALLY_VERIFIED (downgrade de VERIFIED) needsReview=false queued=false fields=[—]
[enrich] cnp=5839725 type=MEDICAMENTO typeConf=97% status=PARTIALLY_VERIFIED (downgrade de VERIFIED) needsReview=false queued=false fields=[—]
[enrich] cnp=5821202 type=MEDICAMENTO typeConf=97% status=PARTIALLY_VERIFIED (downgrade de VERIFIED) needsReview=false queued=false fields=[—]
[enrich] cnp=5821228 type=MEDICAMENTO typeConf=97% status=PARTIALLY_VERIFIED (downgrade de VERIFIED) needsReview=false queued=false fields=[—]
[enrich] cnp=5012174 type=MEDICAMENTO typeConf=95% status=PARTIALLY_VERIFIED (downgrade de VERIFIED) needsReview=false queued=false fields=[—]
[enrich] cnp=2311686 type=MEDICAMENTO typeConf=75% status=PARTIALLY_VERIFIED (downgrade de VERIFIED) needsReview=false queued=false fields=[—]
[enrich] cnp=7379636 type=MEDICAMENTO typeConf=95% status=PARTIALLY_VERIFIED (downgrade de VERIFIED) needsReview=false queued=false fields=[—]
[enrich] cnp=2360295 type=MEDICAMENTO typeConf=97% status=PARTIALLY_VERIFIED (downgrade de VERIFIED) needsReview=false queued=false fields=[—]
[enrich] cnp=5799333 type=MEDICAMENTO typeConf=97% status=PARTIALLY_VERIFIED (downgrade de VERIFIED) needsReview=false queued=false fields=[—]
[enrich] cnp=5580444 type=MEDICAMENTO typeConf=68% status=PARTIALLY_VERIFIED (downgrade de VERIFIED) needsReview=false queued=false fields=[—]
[enrich] cnp=5568803 type=MEDICAMENTO typeConf=68% status=PARTIALLY_VERIFIED (downgrade de VERIFIED) needsReview=false queued=false fields=[—]
[enrich] cnp=5472907 type=MEDICAMENTO typeConf=68% status=PARTIALLY_VERIFIED (downgrade de VERIFIED) needsReview=false queued=false fields=[—]
[enrich] cnp=5472915 type=MEDICAMENTO typeConf=68% status=PARTIALLY_VERIFIED (downgrade de VERIFIED) needsReview=false queued=false fields=[—]
[enrich] cnp=5415500 type=MEDICAMENTO typeConf=68% status=PARTIALLY_VERIFIED (downgrade de VERIFIED) needsReview=false queued=false fields=[—]
[enrich] cnp=5439872 type=MEDICAMENTO typeConf=68% status=PARTIALLY_VERIFIED (downgrade de VERIFIED) needsReview=false queued=false fields=[—]
[enrich] cnp=5558150 type=MEDICAMENTO typeConf=68% status=PARTIALLY_VERIFIED (downgrade de VERIFIED) needsReview=false queued=false fields=[—]
[enrich] cnp=7088146 type=MEDICAMENTO typeConf=68% status=PARTIALLY_VERIFIED (downgrade de VERIFIED) needsReview=false queued=false fields=[—]
[enrich] cnp=9504605 type=MEDICAMENTO typeConf=68% status=PARTIALLY_VERIFIED (downgrade de VERIFIED) needsReview=false queued=false fields=[—]
[enrich] cnp=4507596 type=MEDICAMENTO typeConf=68% status=PARTIALLY_VERIFIED (downgrade de VERIFIED) needsReview=false queued=false fields=[—]
[enrich] cnp=4507497 type=MEDICAMENTO typeConf=68% status=PARTIALLY_VERIFIED (downgrade de VERIFIED) needsReview=false queued=false fields=[—]
[enrich] cnp=5558051 type=MEDICAMENTO typeConf=68% status=PARTIALLY_VERIFIED (downgrade de VERIFIED) needsReview=false queued=false fields=[—]
[enrich] cnp=5558044 type=MEDICAMENTO typeConf=68% status=PARTIALLY_VERIFIED (downgrade de VERIFIED) needsReview=false queued=false fields=[—]
[enrich] cnp=5558069 type=MEDICAMENTO typeConf=68% status=PARTIALLY_VERIFIED (downgrade de VERIFIED) needsReview=false queued=false fields=[—]
[enrich] cnp=5558036 type=MEDICAMENTO typeConf=68% status=PARTIALLY_VERIFIED (downgrade de VERIFIED) needsReview=false queued=false fields=[—]
[enrich] cnp=4510582 type=MEDICAMENTO typeConf=90% status=PARTIALLY_VERIFIED (downgrade de VERIFIED) needsReview=false queued=false fields=[—]
[enrich] cnp=5833785 type=MEDICAMENTO typeConf=68% status=PARTIALLY_VERIFIED (downgrade de VERIFIED) needsReview=false queued=false fields=[—]
[enrich] cnp=5833686 type=MEDICAMENTO typeConf=68% status=PARTIALLY_VERIFIED (downgrade de VERIFIED) needsReview=false queued=false fields=[—]
[enrich] cnp=4632386 type=MEDICAMENTO typeConf=68% status=PARTIALLY_VERIFIED (downgrade de VERIFIED) needsReview=false queued=false fields=[—]
[enrich] cnp=3036084 type=MEDICAMENTO typeConf=68% status=PARTIALLY_VERIFIED (downgrade de VERIFIED) needsReview=false queued=false fields=[—]
[enrich] cnp=5794060 type=MEDICAMENTO typeConf=75% status=PARTIALLY_VERIFIED (downgrade de VERIFIED) needsReview=false queued=false fields=[—]
[enrich] cnp=5565031 type=MEDICAMENTO typeConf=80% status=PARTIALLY_VERIFIED (downgrade de VERIFIED) needsReview=false queued=false fields=[—]
[enrich] cnp=5518881 type=MEDICAMENTO typeConf=80% status=PARTIALLY_VERIFIED (downgrade de VERIFIED) needsReview=false queued=false fields=[—]
[enrich] cnp=4631180 type=MEDICAMENTO typeConf=90% status=PARTIALLY_VERIFIED (downgrade de VERIFIED) needsReview=false queued=false fields=[—]
[enrich] cnp=3203387 type=MEDICAMENTO typeConf=90% status=PARTIALLY_VERIFIED (downgrade de VERIFIED) needsReview=false queued=false fields=[—]
[enrich] cnp=5790159 type=MEDICAMENTO typeConf=68% status=PARTIALLY_VERIFIED (downgrade de VERIFIED) needsReview=false queued=false fields=[—]
[enrich] cnp=5790167 type=MEDICAMENTO typeConf=68% status=PARTIALLY_VERIFIED (downgrade de VERIFIED) needsReview=false queued=false fields=[—]
[enrich] cnp=2364495 type=MEDICAMENTO typeConf=68% status=PARTIALLY_VERIFIED (downgrade de VERIFIED) needsReview=false queued=false fields=[—]
[enrich] cnp=5488101 type=MEDICAMENTO typeConf=80% status=PARTIALLY_VERIFIED (downgrade de VERIFIED) needsReview=false queued=false fields=[—]
[enrich] cnp=5751961 type=MEDICAMENTO typeConf=75% status=PARTIALLY_VERIFIED (downgrade de VERIFIED) needsReview=false queued=false fields=[—]
[enrich] cnp=5752001 type=MEDICAMENTO typeConf=75% status=PARTIALLY_VERIFIED (downgrade de VERIFIED) needsReview=false queued=false fields=[—]
[enrich] cnp=4121281 type=MEDICAMENTO typeConf=68% status=PARTIALLY_VERIFIED (downgrade de VERIFIED) needsReview=false queued=false fields=[—]
[enrich] cnp=2354488 type=MEDICAMENTO typeConf=68% status=PARTIALLY_VERIFIED (downgrade de VERIFIED) needsReview=false queued=false fields=[—]
[enrich] cnp=5519087 type=MEDICAMENTO typeConf=80% status=PARTIALLY_VERIFIED (downgrade de VERIFIED) needsReview=false queued=false fields=[—]
[enrich] cnp=5091780 type=MEDICAMENTO typeConf=97% status=PARTIALLY_VERIFIED (downgrade de VERIFIED) needsReview=false queued=false fields=[—]
[enrich] cnp=2338481 type=MEDICAMENTO typeConf=90% status=PARTIALLY_VERIFIED (downgrade de VERIFIED) needsReview=false queued=false fields=[—]
[enrich] cnp=9241307 type=MEDICAMENTO typeConf=97% status=PARTIALLY_VERIFIED (downgrade de VERIFIED) needsReview=false queued=false fields=[—]
[enrich] cnp=5343991 type=MEDICAMENTO typeConf=68% status=PARTIALLY_VERIFIED (downgrade de VERIFIED) needsReview=false queued=false fields=[—]
[enrich] cnp=5344098 type=MEDICAMENTO typeConf=68% status=PARTIALLY_VERIFIED (downgrade de VERIFIED) needsReview=false queued=false fields=[—]
[enrich] cnp=5362181 type=MEDICAMENTO typeConf=68% status=PARTIALLY_VERIFIED (downgrade de VERIFIED) needsReview=false queued=false fields=[—]
[enrich] cnp=5362280 type=MEDICAMENTO typeConf=68% status=PARTIALLY_VERIFIED (downgrade de VERIFIED) needsReview=false queued=false fields=[—]
[enrich] cnp=6630038 type=MEDICAMENTO typeConf=75% status=PARTIALLY_VERIFIED (downgrade de VERIFIED) needsReview=false queued=false fields=[—]
[enrich] cnp=5649116 type=MEDICAMENTO typeConf=90% status=PARTIALLY_VERIFIED (downgrade de VERIFIED) needsReview=false queued=false fields=[—]
[enrich] cnp=6259945 type=MEDICAMENTO typeConf=75% status=PARTIALLY_VERIFIED (downgrade de VERIFIED) needsReview=false queued=false fields=[—]
[enrich] cnp=5767736 type=MEDICAMENTO typeConf=68% status=PARTIALLY_VERIFIED (downgrade de VERIFIED) needsReview=false queued=false fields=[—]
[enrich] cnp=5759865 type=MEDICAMENTO typeConf=90% status=PARTIALLY_VERIFIED (downgrade de VERIFIED) needsReview=false queued=false fields=[—]
[enrich] cnp=5781000 type=MEDICAMENTO typeConf=90% status=PARTIALLY_VERIFIED (downgrade de VERIFIED) needsReview=false queued=false fields=[—]
[enrich] cnp=5779277 type=MEDICAMENTO typeConf=68% status=PARTIALLY_VERIFIED (downgrade de VERIFIED) needsReview=false queued=false fields=[—]
[enrich] cnp=5779368 type=MEDICAMENTO typeConf=90% status=PARTIALLY_VERIFIED (downgrade de VERIFIED) needsReview=false queued=false fields=[—]
[enrich] cnp=5779947 type=MEDICAMENTO typeConf=90% status=PARTIALLY_VERIFIED (downgrade de VERIFIED) needsReview=false queued=false fields=[—]
[enrich] cnp=5638994 type=MEDICAMENTO typeConf=97% status=PARTIALLY_VERIFIED (downgrade de VERIFIED) needsReview=false queued=false fields=[—]
[enrich] cnp=5776406 type=MEDICAMENTO typeConf=97% status=PARTIALLY_VERIFIED (downgrade de VERIFIED) needsReview=false queued=false fields=[—]
[enrich] cnp=7115105 type=MEDICAMENTO typeConf=75% status=PARTIALLY_VERIFIED (downgrade de VERIFIED) needsReview=false queued=false fields=[—]
[enrich] cnp=6784116 type=MEDICAMENTO typeConf=68% status=PARTIALLY_VERIFIED (downgrade de VERIFIED) needsReview=false queued=false fields=[—]
[enrich] cnp=6887893 type=MEDICAMENTO typeConf=68% status=PARTIALLY_VERIFIED (downgrade de VERIFIED) needsReview=false queued=false fields=[—]
[enrich] cnp=6887190 type=MEDICAMENTO typeConf=68% status=PARTIALLY_VERIFIED (downgrade de VERIFIED) needsReview=false queued=false fields=[—]
[enrich] cnp=6405878 type=MEDICAMENTO typeConf=68% status=PARTIALLY_VERIFIED (downgrade de VERIFIED) needsReview=false queued=false fields=[—]
[enrich] cnp=6593772 type=MEDICAMENTO typeConf=68% status=PARTIALLY_VERIFIED (downgrade de VERIFIED) needsReview=false queued=false fields=[—]
[enrich] cnp=6643940 type=MEDICAMENTO typeConf=68% status=PARTIALLY_VERIFIED (downgrade de VERIFIED) needsReview=false queued=false fields=[—]
[enrich] cnp=6885509 type=MEDICAMENTO typeConf=68% status=PARTIALLY_VERIFIED (downgrade de VERIFIED) needsReview=false queued=false fields=[—]
[enrich] cnp=6017251 type=MEDICAMENTO typeConf=68% status=PARTIALLY_VERIFIED (downgrade de VERIFIED) needsReview=false queued=false fields=[—]
[enrich] cnp=6618975 type=MEDICAMENTO typeConf=68% status=PARTIALLY_VERIFIED (downgrade de VERIFIED) needsReview=false queued=false fields=[—]
[enrich] cnp=5674734 type=MEDICAMENTO typeConf=97% status=PARTIALLY_VERIFIED (downgrade de VERIFIED) needsReview=false queued=false fields=[—]
[enrich] cnp=3486792 type=MEDICAMENTO typeConf=68% status=PARTIALLY_VERIFIED (downgrade de VERIFIED) needsReview=false queued=false fields=[—]
[enrich] cnp=2197598 type=MEDICAMENTO typeConf=68% status=PARTIALLY_VERIFIED (downgrade de VERIFIED) needsReview=false queued=false fields=[—]
[enrich] cnp=3626884 type=MEDICAMENTO typeConf=68% status=PARTIALLY_VERIFIED (downgrade de VERIFIED) needsReview=false queued=false fields=[—]
[enrich] cnp=5654942 type=MEDICAMENTO typeConf=68% status=PARTIALLY_VERIFIED (downgrade de VERIFIED) needsReview=false queued=false fields=[—]
[enrich] cnp=5654975 type=MEDICAMENTO typeConf=68% status=PARTIALLY_VERIFIED (downgrade de VERIFIED) needsReview=false queued=false fields=[—]
[enrich] cnp=5685078 type=MEDICAMENTO typeConf=68% status=PARTIALLY_VERIFIED (downgrade de VERIFIED) needsReview=false queued=false fields=[—]
[enrich] cnp=5557277 type=MEDICAMENTO typeConf=68% status=PARTIALLY_VERIFIED (downgrade de VERIFIED) needsReview=false queued=false fields=[—]
[enrich] cnp=5557244 type=MEDICAMENTO typeConf=68% status=PARTIALLY_VERIFIED (downgrade de VERIFIED) needsReview=false queued=false fields=[—]
[enrich] cnp=5875554 type=MEDICAMENTO typeConf=68% status=PARTIALLY_VERIFIED (downgrade de VERIFIED) needsReview=false queued=false fields=[—]
[enrich] cnp=5635768 type=MEDICAMENTO typeConf=68% status=PARTIALLY_VERIFIED (downgrade de VERIFIED) needsReview=false queued=false fields=[—]
[enrich] cnp=5768056 type=MEDICAMENTO typeConf=68% status=PARTIALLY_VERIFIED (downgrade de VERIFIED) needsReview=false queued=false fields=[—]
[enrich] cnp=3431384 type=MEDICAMENTO typeConf=68% status=PARTIALLY_VERIFIED (downgrade de VERIFIED) needsReview=false queued=false fields=[—]
[enrich] cnp=3948080 type=MEDICAMENTO typeConf=68% status=PARTIALLY_VERIFIED (downgrade de VERIFIED) needsReview=false queued=false fields=[—]
[enrich] cnp=5517487 type=MEDICAMENTO typeConf=68% status=PARTIALLY_VERIFIED (downgrade de VERIFIED) needsReview=false queued=false fields=[—]
[enrich] cnp=5532882 type=MEDICAMENTO typeConf=68% status=PARTIALLY_VERIFIED (downgrade de VERIFIED) needsReview=false queued=false fields=[—]
[enrich] cnp=3357688 type=MEDICAMENTO typeConf=90% status=PARTIALLY_VERIFIED (downgrade de VERIFIED) needsReview=false queued=false fields=[—]
[enrich] cnp=3359585 type=MEDICAMENTO typeConf=68% status=PARTIALLY_VERIFIED (downgrade de VERIFIED) needsReview=false queued=false fields=[—]
[enrich] cnp=3218286 type=MEDICAMENTO typeConf=68% status=PARTIALLY_VERIFIED (downgrade de VERIFIED) needsReview=false queued=false fields=[—]
[enrich] cnp=5800719 type=MEDICAMENTO typeConf=97% status=PARTIALLY_VERIFIED (downgrade de VERIFIED) needsReview=false queued=false fields=[—]
[enrich] cnp=7293266 type=MEDICAMENTO typeConf=75% status=PARTIALLY_VERIFIED (downgrade de VERIFIED) needsReview=false queued=false fields=[—]
[enrich] cnp=5469812 type=MEDICAMENTO typeConf=68% status=PARTIALLY_VERIFIED (downgrade de VERIFIED) needsReview=false queued=false fields=[—]
[enrich] cnp=5470018 type=MEDICAMENTO typeConf=68% status=PARTIALLY_VERIFIED (downgrade de VERIFIED) needsReview=false queued=false fields=[—]
[enrich] cnp=5594320 type=MEDICAMENTO typeConf=68% status=PARTIALLY_VERIFIED (downgrade de VERIFIED) needsReview=false queued=false fields=[—]
[enrich] cnp=5451943 type=MEDICAMENTO typeConf=68% status=PARTIALLY_VERIFIED (downgrade de VERIFIED) needsReview=false queued=false fields=[—]
[enrich] cnp=5450556 type=MEDICAMENTO typeConf=68% status=PARTIALLY_VERIFIED (downgrade de VERIFIED) needsReview=false queued=false fields=[—]
[enrich] cnp=5451810 type=MEDICAMENTO typeConf=68% status=PARTIALLY_VERIFIED (downgrade de VERIFIED) needsReview=false queued=false fields=[—]
[enrich] cnp=5673744 type=MEDICAMENTO typeConf=68% status=PARTIALLY_VERIFIED (downgrade de VERIFIED) needsReview=false queued=false fields=[—]
[enrich] cnp=5473244 type=MEDICAMENTO typeConf=68% status=PARTIALLY_VERIFIED (downgrade de VERIFIED) needsReview=false queued=false fields=[—]
[enrich] cnp=5673801 type=MEDICAMENTO typeConf=68% status=PARTIALLY_VERIFIED (downgrade de VERIFIED) needsReview=false queued=false fields=[—]
[enrich] cnp=5473442 type=MEDICAMENTO typeConf=68% status=PARTIALLY_VERIFIED (downgrade de VERIFIED) needsReview=false queued=false fields=[—]
[enrich] cnp=5719422 type=MEDICAMENTO typeConf=68% status=PARTIALLY_VERIFIED (downgrade de VERIFIED) needsReview=false queued=false fields=[—]
[enrich] cnp=5719505 type=MEDICAMENTO typeConf=68% status=PARTIALLY_VERIFIED (downgrade de VERIFIED) needsReview=false queued=false fields=[—]
[enrich] cnp=5469663 type=MEDICAMENTO typeConf=68% status=PARTIALLY_VERIFIED (downgrade de VERIFIED) needsReview=false queued=false fields=[—]
[enrich] cnp=5469721 type=MEDICAMENTO typeConf=68% status=PARTIALLY_VERIFIED (downgrade de VERIFIED) needsReview=false queued=false fields=[—]
[enrich] cnp=5224761 type=MEDICAMENTO typeConf=68% status=PARTIALLY_VERIFIED (downgrade de VERIFIED) needsReview=false queued=false fields=[—]
[enrich] cnp=5224829 type=MEDICAMENTO typeConf=68% status=PARTIALLY_VERIFIED (downgrade de VERIFIED) needsReview=false queued=false fields=[—]
[enrich] cnp=5224910 type=MEDICAMENTO typeConf=68% status=PARTIALLY_VERIFIED (downgrade de VERIFIED) needsReview=false queued=false fields=[—]
[enrich] cnp=5237961 type=MEDICAMENTO typeConf=68% status=PARTIALLY_VERIFIED (downgrade de VERIFIED) needsReview=false queued=false fields=[—]
[enrich] cnp=5134333 type=MEDICAMENTO typeConf=68% status=PARTIALLY_VERIFIED (downgrade de VERIFIED) needsReview=false queued=false fields=[—]
[enrich] cnp=5606116 type=MEDICAMENTO typeConf=68% status=PARTIALLY_VERIFIED (downgrade de VERIFIED) needsReview=false queued=false fields=[—]
[enrich] cnp=5606041 type=MEDICAMENTO typeConf=68% status=PARTIALLY_VERIFIED (downgrade de VERIFIED) needsReview=false queued=false fields=[—]
[enrich] cnp=5183652 type=MEDICAMENTO typeConf=68% status=PARTIALLY_VERIFIED (downgrade de VERIFIED) needsReview=false queued=false fields=[—]
[enrich] cnp=5183736 type=MEDICAMENTO typeConf=68% status=PARTIALLY_VERIFIED (downgrade de VERIFIED) needsReview=false queued=false fields=[—]
[enrich] cnp=5451539 type=MEDICAMENTO typeConf=68% status=PARTIALLY_VERIFIED (downgrade de VERIFIED) needsReview=false queued=false fields=[—]
[enrich] cnp=5451570 type=MEDICAMENTO typeConf=68% status=PARTIALLY_VERIFIED (downgrade de VERIFIED) needsReview=false queued=false fields=[—]
[enrich] cnp=5583265 type=MEDICAMENTO typeConf=68% status=PARTIALLY_VERIFIED (downgrade de VERIFIED) needsReview=false queued=false fields=[—]
[enrich] cnp=5384920 type=MEDICAMENTO typeConf=68% status=PARTIALLY_VERIFIED (downgrade de VERIFIED) needsReview=false queued=false fields=[—]
[enrich] cnp=5384938 type=MEDICAMENTO typeConf=68% status=PARTIALLY_VERIFIED (downgrade de VERIFIED) needsReview=false queued=false fields=[—]
[enrich] cnp=5751425 type=MEDICAMENTO typeConf=90% status=PARTIALLY_VERIFIED (downgrade de VERIFIED) needsReview=false queued=false fields=[—]
[enrich] cnp=5724166 type=MEDICAMENTO typeConf=68% status=PARTIALLY_VERIFIED (downgrade de VERIFIED) needsReview=false queued=false fields=[—]
[enrich] cnp=5265772 type=MEDICAMENTO typeConf=68% status=PARTIALLY_VERIFIED (downgrade de VERIFIED) needsReview=false queued=false fields=[—]
[enrich] cnp=5266549 type=MEDICAMENTO typeConf=68% status=PARTIALLY_VERIFIED (downgrade de VERIFIED) needsReview=false queued=false fields=[—]
[enrich] cnp=5286307 type=MEDICAMENTO typeConf=90% status=PARTIALLY_VERIFIED (downgrade de VERIFIED) needsReview=false queued=false fields=[—]
[enrich] cnp=5289442 type=MEDICAMENTO typeConf=90% status=PARTIALLY_VERIFIED (downgrade de VERIFIED) needsReview=false queued=false fields=[—]
[enrich] cnp=5289517 type=MEDICAMENTO typeConf=68% status=PARTIALLY_VERIFIED (downgrade de VERIFIED) needsReview=false queued=false fields=[—]
[enrich] cnp=5289657 type=MEDICAMENTO typeConf=68% status=PARTIALLY_VERIFIED (downgrade de VERIFIED) needsReview=false queued=false fields=[—]

— Batch 3 —
  processed=150 updated=0 unchanged=150 failed=0
  reclassN2=0 +atc=0 +dci=0 +img=0 still-outros=0
  signal: hasATC=21 hasDCI=21 hasAtcOrDci=21 hasNeither=129
  reclass por método: atc_prefix=0 atc(letra)=0 dci=0 keyword=0 outro=0

  Amostra (primeiros 10):
    1. CNP=4024782 | Cetirizina Allertek MG, 10 mg x 20 comp revest
        nivel2: "Alergias" == "Alergias"
        ATC=— | DCI=—
        image: — → —
        image decision: skipped — nenhuma fonte devolveu valor
        outcome: unchanged (cat: image_skipped)
    2. CNP=5458229 | Cetirizina Alter Genéricos 10 Mg 20 Comp. Revest. Por Pel.
        nivel2: "Alergias" == "Alergias"
        ATC=— | DCI=—
        image: — → —
        image decision: skipped — nenhuma fonte devolveu valor
        outcome: unchanged (cat: image_skipped)
    3. CNP=5589312 | Cetirizina Aurobindo 10 Mg 20 Comp. Revest. Por Pel.
        nivel2: "Alergias" == "Alergias"
        ATC=— | DCI=—
        image: — → —
        image decision: skipped — nenhuma fonte devolveu valor
        outcome: unchanged (cat: image_skipped)
    4. CNP=3725488 | Cetirizina Mylan 10 mg Comp Revestido MG, 10 mg x 20 comp re
        nivel2: "Alergias" == "Alergias"
        ATC=— | DCI=—
        image: — → —
        image decision: skipped — nenhuma fonte devolveu valor
        outcome: unchanged (cat: image_skipped)
    5. CNP=7105932 | Ch.Bib00081211300000 Natural Feeling Vidro 150 ml
        nivel2: "Outros Saúde Natural" == "Outros Saúde Natural"
        ATC=— | DCI=—
        image: — → —
        image decision: skipped — nenhuma fonte devolveu valor
        outcome: unchanged (cat: image_skipped)
    6. CNP=7259580 | Ch.Mos11597000090 Naturalz Roll-On 60Ml
        nivel2: "Outros Saúde Natural" == "Outros Saúde Natural"
        ATC=— | DCI=—
        image: — → —
        image decision: skipped — nenhuma fonte devolveu valor
        outcome: unchanged (cat: image_skipped)
    7. CNP=9514828 | Cinet, 10 mg x 10 comp
        nivel2: "Sistema Digestivo" == "Sistema Digestivo"
        ATC=A03FA03 | DCI=Domperidona
        image: — → —
        image decision: skipped — nenhuma fonte devolveu valor
        outcome: unchanged (cat: image_skipped)
    8. CNP=9479519 | Clonix, 300 mg x 40 cáps
        nivel2: "Analgésicos e Anti-inflamatórios" == "Analgésicos e Anti-inflamatórios"
        ATC=N02B | DCI=Clonixina
        image: — → —
        image decision: skipped — nenhuma fonte devolveu valor
        outcome: unchanged (cat: image_skipped)
    9. CNP=5359716 | Clotrimazol Basi 10 Mg/g Creme 20g
        nivel2: "Dermatológicos" == "Dermatológicos"
        ATC=D01AC01 | DCI=Clotrimazol
        image: — → —
        image decision: skipped — nenhuma fonte devolveu valor
        outcome: unchanged (cat: image_skipped)
   10. CNP=5650734 | Co-amlessa 4 Mg + 1.25 Mg + 5 Mg 30 Comp.
        nivel2: "Cardiovascular" == "Cardiovascular"
        ATC=C09BX01 | DCI=Perindopril + Indapamida + Amlodipina
        image: — → —
        image decision: skipped — nenhuma fonte devolveu valor
        outcome: unchanged (cat: image_skipped)
  progresso: 450/1321 (~871 restantes neste pass)
[enrich] cnp=5702055 type=MEDICAMENTO typeConf=90% status=PARTIALLY_VERIFIED (downgrade de VERIFIED) needsReview=false queued=false fields=[—]
[enrich] cnp=5320601 type=MEDICAMENTO typeConf=68% status=PARTIALLY_VERIFIED (downgrade de VERIFIED) needsReview=false queued=false fields=[—]
[enrich] cnp=5320627 type=MEDICAMENTO typeConf=68% status=PARTIALLY_VERIFIED (downgrade de VERIFIED) needsReview=false queued=false fields=[—]
[enrich] cnp=5351358 type=MEDICAMENTO typeConf=68% status=PARTIALLY_VERIFIED (downgrade de VERIFIED) needsReview=false queued=false fields=[—]
[enrich] cnp=5351432 type=MEDICAMENTO typeConf=68% status=PARTIALLY_VERIFIED (downgrade de VERIFIED) needsReview=false queued=false fields=[—]
[enrich] cnp=5407044 type=MEDICAMENTO typeConf=90% status=PARTIALLY_VERIFIED (downgrade de VERIFIED) needsReview=false queued=false fields=[—]
[enrich] cnp=5294251 type=MEDICAMENTO typeConf=68% status=PARTIALLY_VERIFIED (downgrade de VERIFIED) needsReview=false queued=false fields=[—]
[enrich] cnp=5808100 type=MEDICAMENTO typeConf=97% status=PARTIALLY_VERIFIED (downgrade de VERIFIED) needsReview=false queued=false fields=[—]
[enrich] cnp=5808118 type=MEDICAMENTO typeConf=97% status=PARTIALLY_VERIFIED (downgrade de VERIFIED) needsReview=false queued=false fields=[—]
[enrich] cnp=6253401 type=MEDICAMENTO typeConf=68% status=PARTIALLY_VERIFIED (downgrade de VERIFIED) needsReview=false queued=false fields=[—]
[enrich] cnp=5902127 type=MEDICAMENTO typeConf=97% status=PARTIALLY_VERIFIED (downgrade de VERIFIED) needsReview=false queued=false fields=[—]
[enrich] cnp=5874300 type=MEDICAMENTO typeConf=97% status=PARTIALLY_VERIFIED (downgrade de VERIFIED) needsReview=false queued=false fields=[—]
[enrich] cnp=4367785 type=MEDICAMENTO typeConf=97% status=PARTIALLY_VERIFIED (downgrade de VERIFIED) needsReview=false queued=false fields=[—]
[enrich] cnp=3401981 type=MEDICAMENTO typeConf=97% status=PARTIALLY_VERIFIED (downgrade de VERIFIED) needsReview=false queued=false fields=[—]
[enrich] cnp=6023713 type=MEDICAMENTO typeConf=68% status=PARTIALLY_VERIFIED (downgrade de VERIFIED) needsReview=false queued=false fields=[—]
[enrich] cnp=5433867 type=MEDICAMENTO typeConf=68% status=PARTIALLY_VERIFIED (downgrade de VERIFIED) needsReview=false queued=false fields=[—]
[enrich] cnp=5682406 type=MEDICAMENTO typeConf=68% status=PARTIALLY_VERIFIED (downgrade de VERIFIED) needsReview=false queued=false fields=[—]
[enrich] cnp=5369590 type=MEDICAMENTO typeConf=68% status=PARTIALLY_VERIFIED (downgrade de VERIFIED) needsReview=false queued=false fields=[—]
[enrich] cnp=5814462 type=MEDICAMENTO typeConf=68% status=PARTIALLY_VERIFIED (downgrade de VERIFIED) needsReview=false queued=false fields=[—]
[enrich] cnp=5357181 type=MEDICAMENTO typeConf=68% status=PARTIALLY_VERIFIED (downgrade de VERIFIED) needsReview=false queued=false fields=[—]
[enrich] cnp=2908895 type=MEDICAMENTO typeConf=68% status=PARTIALLY_VERIFIED (downgrade de VERIFIED) needsReview=false queued=false fields=[—]
[enrich] cnp=5037031 type=MEDICAMENTO typeConf=68% status=PARTIALLY_VERIFIED (downgrade de VERIFIED) needsReview=false queued=false fields=[—]
[enrich] cnp=2908598 type=MEDICAMENTO typeConf=68% status=PARTIALLY_VERIFIED (downgrade de VERIFIED) needsReview=false queued=false fields=[—]
[enrich] cnp=5370812 type=MEDICAMENTO typeConf=68% status=PARTIALLY_VERIFIED (downgrade de VERIFIED) needsReview=false queued=false fields=[—]
[enrich] cnp=5909080 type=MEDICAMENTO typeConf=68% status=PARTIALLY_VERIFIED (downgrade de VERIFIED) needsReview=false queued=false fields=[—]
[enrich] cnp=5367214 type=MEDICAMENTO typeConf=68% status=PARTIALLY_VERIFIED (downgrade de VERIFIED) needsReview=false queued=false fields=[—]
[enrich] cnp=5527288 type=MEDICAMENTO typeConf=68% status=PARTIALLY_VERIFIED (downgrade de VERIFIED) needsReview=false queued=false fields=[—]
[enrich] cnp=5128764 type=MEDICAMENTO typeConf=68% status=PARTIALLY_VERIFIED (downgrade de VERIFIED) needsReview=false queued=false fields=[—]
[enrich] cnp=5742986 type=MEDICAMENTO typeConf=68% status=PARTIALLY_VERIFIED (downgrade de VERIFIED) needsReview=false queued=false fields=[—]
[enrich] cnp=2625283 type=MEDICAMENTO typeConf=90% status=PARTIALLY_VERIFIED (downgrade de VERIFIED) needsReview=false queued=false fields=[—]
[enrich] cnp=2625481 type=MEDICAMENTO typeConf=90% status=PARTIALLY_VERIFIED (downgrade de VERIFIED) needsReview=false queued=false fields=[—]
[enrich] cnp=2224582 type=MEDICAMENTO typeConf=90% status=PARTIALLY_VERIFIED (downgrade de VERIFIED) needsReview=false queued=false fields=[—]
[enrich] cnp=2224681 type=MEDICAMENTO typeConf=90% status=PARTIALLY_VERIFIED (downgrade de VERIFIED) needsReview=false queued=false fields=[—]
[enrich] cnp=2224384 type=MEDICAMENTO typeConf=90% status=PARTIALLY_VERIFIED (downgrade de VERIFIED) needsReview=false queued=false fields=[—]
[enrich] cnp=4279493 type=MEDICAMENTO typeConf=90% status=PARTIALLY_VERIFIED (downgrade de VERIFIED) needsReview=false queued=false fields=[—]
[enrich] cnp=3431095 type=MEDICAMENTO typeConf=68% status=PARTIALLY_VERIFIED (downgrade de VERIFIED) needsReview=false queued=false fields=[—]
[enrich] cnp=4279196 type=MEDICAMENTO typeConf=90% status=PARTIALLY_VERIFIED (downgrade de VERIFIED) needsReview=false queued=false fields=[—]
[enrich] cnp=5730304 type=MEDICAMENTO typeConf=90% status=PARTIALLY_VERIFIED (downgrade de VERIFIED) needsReview=false queued=false fields=[—]
[enrich] cnp=3653987 type=MEDICAMENTO typeConf=68% status=PARTIALLY_VERIFIED (downgrade de VERIFIED) needsReview=false queued=false fields=[—]
[enrich] cnp=4582284 type=MEDICAMENTO typeConf=68% status=PARTIALLY_VERIFIED (downgrade de VERIFIED) needsReview=false queued=false fields=[—]
[enrich] cnp=4008983 type=MEDICAMENTO typeConf=68% status=PARTIALLY_VERIFIED (downgrade de VERIFIED) needsReview=false queued=false fields=[—]
[enrich] cnp=2149391 type=MEDICAMENTO typeConf=68% status=PARTIALLY_VERIFIED (downgrade de VERIFIED) needsReview=false queued=false fields=[—]
[enrich] cnp=5860069 type=MEDICAMENTO typeConf=90% status=PARTIALLY_VERIFIED (downgrade de VERIFIED) needsReview=false queued=false fields=[—]
[enrich] cnp=3632189 type=MEDICAMENTO typeConf=90% status=PARTIALLY_VERIFIED (downgrade de VERIFIED) needsReview=false queued=false fields=[—]
[enrich] cnp=5223086 type=MEDICAMENTO typeConf=90% status=PARTIALLY_VERIFIED (downgrade de VERIFIED) needsReview=false queued=false fields=[—]
[enrich] cnp=5223284 type=MEDICAMENTO typeConf=90% status=PARTIALLY_VERIFIED (downgrade de VERIFIED) needsReview=false queued=false fields=[—]
[enrich] cnp=2175792 type=MEDICAMENTO typeConf=68% status=PARTIALLY_VERIFIED (downgrade de VERIFIED) needsReview=false queued=false fields=[—]
[enrich] cnp=3416898 type=MEDICAMENTO typeConf=68% status=PARTIALLY_VERIFIED (downgrade de VERIFIED) needsReview=false queued=false fields=[—]
[enrich] cnp=5807805 type=MEDICAMENTO typeConf=68% status=PARTIALLY_VERIFIED (downgrade de VERIFIED) needsReview=false queued=false fields=[—]
[enrich] cnp=5807813 type=MEDICAMENTO typeConf=68% status=PARTIALLY_VERIFIED (downgrade de VERIFIED) needsReview=false queued=false fields=[—]
[enrich] cnp=5010616 type=MEDICAMENTO typeConf=68% status=PARTIALLY_VERIFIED (downgrade de VERIFIED) needsReview=false queued=false fields=[—]
[enrich] cnp=4185989 type=MEDICAMENTO typeConf=68% status=PARTIALLY_VERIFIED (downgrade de VERIFIED) needsReview=false queued=false fields=[—]
[enrich] cnp=5711684 type=MEDICAMENTO typeConf=90% status=PARTIALLY_VERIFIED (downgrade de VERIFIED) needsReview=false queued=false fields=[—]
[enrich] cnp=5509484 type=MEDICAMENTO typeConf=68% status=PARTIALLY_VERIFIED (downgrade de VERIFIED) needsReview=false queued=false fields=[—]
[enrich] cnp=5509286 type=MEDICAMENTO typeConf=90% status=PARTIALLY_VERIFIED (downgrade de VERIFIED) needsReview=false queued=false fields=[—]
[enrich] cnp=7064485 type=MEDICAMENTO typeConf=75% status=PARTIALLY_VERIFIED (downgrade de VERIFIED) needsReview=false queued=false fields=[—]
[enrich] cnp=7421941 type=MEDICAMENTO typeConf=75% status=PARTIALLY_VERIFIED (downgrade de VERIFIED) needsReview=false queued=false fields=[—]
[enrich] cnp=7257493 type=MEDICAMENTO typeConf=68% status=PARTIALLY_VERIFIED (downgrade de VERIFIED) needsReview=false queued=false fields=[—]
[enrich] cnp=7257527 type=MEDICAMENTO typeConf=68% status=PARTIALLY_VERIFIED (downgrade de VERIFIED) needsReview=false queued=false fields=[—]
[enrich] cnp=7257501 type=MEDICAMENTO typeConf=68% status=PARTIALLY_VERIFIED (downgrade de VERIFIED) needsReview=false queued=false fields=[—]
[enrich] cnp=7257519 type=MEDICAMENTO typeConf=68% status=PARTIALLY_VERIFIED (downgrade de VERIFIED) needsReview=false queued=false fields=[—]
[enrich] cnp=8685206 type=MEDICAMENTO typeConf=97% status=PARTIALLY_VERIFIED (downgrade de VERIFIED) needsReview=false queued=false fields=[—]
[enrich] cnp=5800065 type=MEDICAMENTO typeConf=97% status=PARTIALLY_VERIFIED (downgrade de VERIFIED) needsReview=false queued=false fields=[—]
[enrich] cnp=5765714 type=MEDICAMENTO typeConf=68% status=PARTIALLY_VERIFIED (downgrade de VERIFIED) needsReview=false queued=false fields=[—]
[enrich] cnp=5124078 type=MEDICAMENTO typeConf=68% status=PARTIALLY_VERIFIED (downgrade de VERIFIED) needsReview=false queued=false fields=[—]
[enrich] cnp=5505284 type=MEDICAMENTO typeConf=68% status=PARTIALLY_VERIFIED (downgrade de VERIFIED) needsReview=false queued=false fields=[—]
[enrich] cnp=5743984 type=MEDICAMENTO typeConf=68% status=PARTIALLY_VERIFIED (downgrade de VERIFIED) needsReview=false queued=false fields=[—]
[enrich] cnp=5632260 type=MEDICAMENTO typeConf=68% status=PARTIALLY_VERIFIED (downgrade de VERIFIED) needsReview=false queued=false fields=[—]
[enrich] cnp=5373576 type=MEDICAMENTO typeConf=97% status=PARTIALLY_VERIFIED (downgrade de VERIFIED) needsReview=false queued=false fields=[—]
[enrich] cnp=5810726 type=MEDICAMENTO typeConf=75% status=PARTIALLY_VERIFIED (downgrade de VERIFIED) needsReview=false queued=false fields=[—]
[enrich] cnp=6185835 type=MEDICAMENTO typeConf=78% status=PARTIALLY_VERIFIED (downgrade de VERIFIED) needsReview=false queued=false fields=[—]
[enrich] cnp=6925545 type=MEDICAMENTO typeConf=75% status=PARTIALLY_VERIFIED (downgrade de VERIFIED) needsReview=false queued=false fields=[—]
[enrich] cnp=5763602 type=MEDICAMENTO typeConf=97% status=PARTIALLY_VERIFIED (downgrade de VERIFIED) needsReview=false queued=false fields=[—]
[enrich] cnp=5400296 type=MEDICAMENTO typeConf=68% status=PARTIALLY_VERIFIED (downgrade de VERIFIED) needsReview=false queued=false fields=[—]
[enrich] cnp=5770474 type=MEDICAMENTO typeConf=68% status=PARTIALLY_VERIFIED (downgrade de VERIFIED) needsReview=false queued=false fields=[—]
[enrich] cnp=5465661 type=MEDICAMENTO typeConf=68% status=PARTIALLY_VERIFIED (downgrade de VERIFIED) needsReview=false queued=false fields=[—]
[enrich] cnp=5695622 type=MEDICAMENTO typeConf=68% status=PARTIALLY_VERIFIED (downgrade de VERIFIED) needsReview=false queued=false fields=[—]
[enrich] cnp=5697958 type=MEDICAMENTO typeConf=68% status=PARTIALLY_VERIFIED (downgrade de VERIFIED) needsReview=false queued=false fields=[—]
[enrich] cnp=5210216 type=MEDICAMENTO typeConf=68% status=PARTIALLY_VERIFIED (downgrade de VERIFIED) needsReview=false queued=false fields=[—]
[enrich] cnp=2181485 type=MEDICAMENTO typeConf=97% status=PARTIALLY_VERIFIED (downgrade de VERIFIED) needsReview=false queued=false fields=[—]
[enrich] cnp=7753194 type=MEDICAMENTO typeConf=95% status=PARTIALLY_VERIFIED (downgrade de VERIFIED) needsReview=false queued=false fields=[—]
[enrich] cnp=7753186 type=MEDICAMENTO typeConf=95% status=PARTIALLY_VERIFIED (downgrade de VERIFIED) needsReview=false queued=false fields=[—]
[enrich] cnp=6412478 type=MEDICAMENTO typeConf=68% status=PARTIALLY_VERIFIED (downgrade de VERIFIED) needsReview=false queued=false fields=[—]
[enrich] cnp=2074797 type=MEDICAMENTO typeConf=97% status=PARTIALLY_VERIFIED (downgrade de VERIFIED) needsReview=false queued=false fields=[—]
[enrich] cnp=2074995 type=MEDICAMENTO typeConf=97% status=PARTIALLY_VERIFIED (downgrade de VERIFIED) needsReview=false queued=false fields=[—]
[enrich] cnp=5750948 type=MEDICAMENTO typeConf=97% status=PARTIALLY_VERIFIED (downgrade de VERIFIED) needsReview=false queued=false fields=[—]
[enrich] cnp=7405431 type=MEDICAMENTO typeConf=68% status=PARTIALLY_VERIFIED (downgrade de VERIFIED) needsReview=false queued=false fields=[—]
[enrich] cnp=7516856 type=MEDICAMENTO typeConf=80% status=PARTIALLY_VERIFIED (downgrade de VERIFIED) needsReview=false queued=false fields=[—]
[enrich] cnp=6015453 type=MEDICAMENTO typeConf=80% status=PARTIALLY_VERIFIED (downgrade de VERIFIED) needsReview=false queued=false fields=[—]
[enrich] cnp=5840673 type=MEDICAMENTO typeConf=68% status=PARTIALLY_VERIFIED (downgrade de VERIFIED) needsReview=false queued=false fields=[—]
[enrich] cnp=5558507 type=MEDICAMENTO typeConf=68% status=PARTIALLY_VERIFIED (downgrade de VERIFIED) needsReview=false queued=false fields=[—]
[enrich] cnp=7269183 type=MEDICAMENTO typeConf=78% status=PARTIALLY_VERIFIED (downgrade de VERIFIED) needsReview=false queued=false fields=[—]
[enrich] cnp=6125831 type=MEDICAMENTO typeConf=80% status=PARTIALLY_VERIFIED (downgrade de VERIFIED) needsReview=false queued=false fields=[—]
[enrich] cnp=6764290 type=MEDICAMENTO typeConf=80% status=PARTIALLY_VERIFIED (downgrade de VERIFIED) needsReview=false queued=false fields=[—]
[enrich] cnp=6332619 type=MEDICAMENTO typeConf=75% status=PARTIALLY_VERIFIED (downgrade de VERIFIED) needsReview=false queued=false fields=[—]
[enrich] cnp=6045567 type=MEDICAMENTO typeConf=80% status=PARTIALLY_VERIFIED (downgrade de VERIFIED) needsReview=false queued=false fields=[—]
[enrich] cnp=6298695 type=MEDICAMENTO typeConf=80% status=PARTIALLY_VERIFIED (downgrade de VERIFIED) needsReview=false queued=false fields=[—]
[enrich] cnp=5828660 type=MEDICAMENTO typeConf=68% status=PARTIALLY_VERIFIED (downgrade de VERIFIED) needsReview=false queued=false fields=[—]
[enrich] cnp=5828710 type=MEDICAMENTO typeConf=68% status=PARTIALLY_VERIFIED (downgrade de VERIFIED) needsReview=false queued=false fields=[—]
[enrich] cnp=5772181 type=MEDICAMENTO typeConf=90% status=PARTIALLY_VERIFIED (downgrade de VERIFIED) needsReview=false queued=false fields=[—]
[enrich] cnp=5120589 type=MEDICAMENTO typeConf=90% status=PARTIALLY_VERIFIED (downgrade de VERIFIED) needsReview=false queued=false fields=[—]
[enrich] cnp=5515184 type=MEDICAMENTO typeConf=90% status=PARTIALLY_VERIFIED (downgrade de VERIFIED) needsReview=false queued=false fields=[—]
[enrich] cnp=4457388 type=MEDICAMENTO typeConf=90% status=PARTIALLY_VERIFIED (downgrade de VERIFIED) needsReview=false queued=false fields=[—]
[enrich] cnp=5917489 type=MEDICAMENTO typeConf=73% status=PARTIALLY_VERIFIED (downgrade de VERIFIED) needsReview=false queued=false fields=[—]
[enrich] cnp=5917885 type=MEDICAMENTO typeConf=68% status=PARTIALLY_VERIFIED (downgrade de VERIFIED) needsReview=false queued=false fields=[—]
[enrich] cnp=5930284 type=MEDICAMENTO typeConf=68% status=PARTIALLY_VERIFIED (downgrade de VERIFIED) needsReview=false queued=false fields=[—]
[enrich] cnp=2688281 type=MEDICAMENTO typeConf=68% status=PARTIALLY_VERIFIED (downgrade de VERIFIED) needsReview=false queued=false fields=[—]
[enrich] cnp=5930383 type=MEDICAMENTO typeConf=68% status=PARTIALLY_VERIFIED (downgrade de VERIFIED) needsReview=false queued=false fields=[—]
[enrich] cnp=2688489 type=MEDICAMENTO typeConf=68% status=PARTIALLY_VERIFIED (downgrade de VERIFIED) needsReview=false queued=false fields=[—]
[enrich] cnp=5909288 type=MEDICAMENTO typeConf=73% status=PARTIALLY_VERIFIED (downgrade de VERIFIED) needsReview=false queued=false fields=[—]
[enrich] cnp=7580712 type=MEDICAMENTO typeConf=75% status=PARTIALLY_VERIFIED needsReview=false queued=false fields=[—]
[enrich] cnp=7262162 type=MEDICAMENTO typeConf=75% status=PARTIALLY_VERIFIED (downgrade de VERIFIED) needsReview=false queued=false fields=[—]
[enrich] cnp=9385104 type=MEDICAMENTO typeConf=97% status=PARTIALLY_VERIFIED (downgrade de VERIFIED) needsReview=false queued=false fields=[—]
[enrich] cnp=6634766 type=MEDICAMENTO typeConf=75% status=PARTIALLY_VERIFIED (downgrade de VERIFIED) needsReview=false queued=false fields=[—]
[enrich] cnp=6289439 type=MEDICAMENTO typeConf=68% status=PARTIALLY_VERIFIED (downgrade de VERIFIED) needsReview=false queued=false fields=[—]
[enrich] cnp=6995316 type=MEDICAMENTO typeConf=68% status=PARTIALLY_VERIFIED (downgrade de VERIFIED) needsReview=false queued=false fields=[—]
[enrich] cnp=5824743 type=MEDICAMENTO typeConf=90% status=PARTIALLY_VERIFIED (downgrade de VERIFIED) needsReview=false queued=false fields=[—]
[enrich] cnp=5702980 type=MEDICAMENTO typeConf=90% status=PARTIALLY_VERIFIED (downgrade de VERIFIED) needsReview=false queued=false fields=[—]
[enrich] cnp=5553961 type=MEDICAMENTO typeConf=90% status=PARTIALLY_VERIFIED (downgrade de VERIFIED) needsReview=false queued=false fields=[—]
[enrich] cnp=5583158 type=MEDICAMENTO typeConf=90% status=PARTIALLY_VERIFIED (downgrade de VERIFIED) needsReview=false queued=false fields=[—]
[enrich] cnp=5812359 type=MEDICAMENTO typeConf=90% status=PARTIALLY_VERIFIED (downgrade de VERIFIED) needsReview=false queued=false fields=[—]
[enrich] cnp=5832472 type=MEDICAMENTO typeConf=90% status=PARTIALLY_VERIFIED (downgrade de VERIFIED) needsReview=false queued=false fields=[—]
[enrich] cnp=8113704 type=MEDICAMENTO typeConf=97% status=PARTIALLY_VERIFIED (downgrade de VERIFIED) needsReview=false queued=false fields=[—]
[enrich] cnp=8113837 type=MEDICAMENTO typeConf=97% status=PARTIALLY_VERIFIED (downgrade de VERIFIED) needsReview=false queued=false fields=[—]
[enrich] cnp=5470083 type=MEDICAMENTO typeConf=97% status=PARTIALLY_VERIFIED (downgrade de VERIFIED) needsReview=false queued=false fields=[—]
[enrich] cnp=5470182 type=MEDICAMENTO typeConf=97% status=PARTIALLY_VERIFIED (downgrade de VERIFIED) needsReview=false queued=false fields=[—]
[enrich] cnp=2241396 type=MEDICAMENTO typeConf=97% status=PARTIALLY_VERIFIED (downgrade de VERIFIED) needsReview=false queued=false fields=[—]
[enrich] cnp=2241198 type=MEDICAMENTO typeConf=97% status=PARTIALLY_VERIFIED (downgrade de VERIFIED) needsReview=false queued=false fields=[—]
[enrich] cnp=5804745 type=MEDICAMENTO typeConf=68% status=PARTIALLY_VERIFIED (downgrade de VERIFIED) needsReview=false queued=false fields=[—]
[enrich] cnp=5594510 type=MEDICAMENTO typeConf=97% status=PARTIALLY_VERIFIED (downgrade de VERIFIED) needsReview=false queued=false fields=[—]
[enrich] cnp=8395509 type=MEDICAMENTO typeConf=68% status=PARTIALLY_VERIFIED (downgrade de VERIFIED) needsReview=false queued=false fields=[—]
[enrich] cnp=5052931 type=MEDICAMENTO typeConf=90% status=PARTIALLY_VERIFIED (downgrade de VERIFIED) needsReview=false queued=false fields=[—]
[enrich] cnp=3322989 type=MEDICAMENTO typeConf=90% status=PARTIALLY_VERIFIED (downgrade de VERIFIED) needsReview=false queued=false fields=[—]
[enrich] cnp=3852886 type=MEDICAMENTO typeConf=68% status=PARTIALLY_VERIFIED (downgrade de VERIFIED) needsReview=false queued=false fields=[—]
[enrich] cnp=5479787 type=MEDICAMENTO typeConf=90% status=PARTIALLY_VERIFIED (downgrade de VERIFIED) needsReview=false queued=false fields=[—]
[enrich] cnp=5615927 type=MEDICAMENTO typeConf=68% status=PARTIALLY_VERIFIED (downgrade de VERIFIED) needsReview=false queued=false fields=[—]
[enrich] cnp=5615935 type=MEDICAMENTO typeConf=68% status=PARTIALLY_VERIFIED (downgrade de VERIFIED) needsReview=false queued=false fields=[—]
[enrich] cnp=5663604 type=MEDICAMENTO typeConf=68% status=PARTIALLY_VERIFIED (downgrade de VERIFIED) needsReview=false queued=false fields=[—]
[enrich] cnp=5663612 type=MEDICAMENTO typeConf=68% status=PARTIALLY_VERIFIED (downgrade de VERIFIED) needsReview=false queued=false fields=[—]
[enrich] cnp=5464763 type=MEDICAMENTO typeConf=68% status=PARTIALLY_VERIFIED (downgrade de VERIFIED) needsReview=false queued=false fields=[—]
[enrich] cnp=4620183 type=MEDICAMENTO typeConf=97% status=PARTIALLY_VERIFIED (downgrade de VERIFIED) needsReview=false queued=false fields=[—]
[enrich] cnp=8275404 type=MEDICAMENTO typeConf=97% status=PARTIALLY_VERIFIED (downgrade de VERIFIED) needsReview=false queued=false fields=[—]
[enrich] cnp=9298265 type=MEDICAMENTO typeConf=97% status=PARTIALLY_VERIFIED (downgrade de VERIFIED) needsReview=false queued=false fields=[—]
[enrich] cnp=9298273 type=MEDICAMENTO typeConf=97% status=PARTIALLY_VERIFIED (downgrade de VERIFIED) needsReview=false queued=false fields=[—]
[enrich] cnp=5109145 type=MEDICAMENTO typeConf=68% status=PARTIALLY_VERIFIED (downgrade de VERIFIED) needsReview=false queued=false fields=[—]
[enrich] cnp=5511480 type=MEDICAMENTO typeConf=68% status=PARTIALLY_VERIFIED (downgrade de VERIFIED) needsReview=false queued=false fields=[—]
[enrich] cnp=5109244 type=MEDICAMENTO typeConf=68% status=PARTIALLY_VERIFIED (downgrade de VERIFIED) needsReview=false queued=false fields=[—]
[enrich] cnp=3841699 type=MEDICAMENTO typeConf=68% status=PARTIALLY_VERIFIED (downgrade de VERIFIED) needsReview=false queued=false fields=[—]
[enrich] cnp=5159678 type=MEDICAMENTO typeConf=68% status=PARTIALLY_VERIFIED (downgrade de VERIFIED) needsReview=false queued=false fields=[—]
[enrich] cnp=5109269 type=MEDICAMENTO typeConf=68% status=PARTIALLY_VERIFIED (downgrade de VERIFIED) needsReview=false queued=false fields=[—]

— Batch 4 —
  processed=150 updated=0 unchanged=150 failed=0
  reclassN2=0 +atc=0 +dci=0 +img=0 still-outros=0
  signal: hasATC=26 hasDCI=26 hasAtcOrDci=26 hasNeither=124
  reclass por método: atc_prefix=0 atc(letra)=0 dci=0 keyword=0 outro=0

  Amostra (primeiros 10):
    1. CNP=5702055 | Esomeprazol Lumec 20 Mg 56 Cápsula Gastrorresistente
        nivel2: "Sistema Digestivo" == "Sistema Digestivo"
        ATC=— | DCI=—
        image: — → —
        image decision: skipped — nenhuma fonte devolveu valor
        outcome: unchanged (cat: image_skipped)
    2. CNP=5320601 | Esomeprazol Ratiopharm MG, 20 mg x 56 cáps gastrorresistente
        nivel2: "Sistema Digestivo" == "Sistema Digestivo"
        ATC=— | DCI=—
        image: — → —
        image decision: skipped — nenhuma fonte devolveu valor
        outcome: unchanged (cat: image_skipped)
    3. CNP=5320627 | Esomeprazol Ratiopharm MG, 40 mg x 56 cáps gastrorresistente
        nivel2: "Sistema Digestivo" == "Sistema Digestivo"
        ATC=— | DCI=—
        image: — → —
        image decision: skipped — nenhuma fonte devolveu valor
        outcome: unchanged (cat: image_skipped)
    4. CNP=5351358 | Esomeprazol Tolife, 20 mg x 56 comp gastrorresistente
        nivel2: "Sistema Digestivo" == "Sistema Digestivo"
        ATC=— | DCI=—
        image: — → —
        image decision: skipped — nenhuma fonte devolveu valor
        outcome: unchanged (cat: image_skipped)
    5. CNP=5351432 | Esomeprazol Tolife, 40 mg x 56 comp gastrorresistente
        nivel2: "Sistema Digestivo" == "Sistema Digestivo"
        ATC=— | DCI=—
        image: — → —
        image decision: skipped — nenhuma fonte devolveu valor
        outcome: unchanged (cat: image_skipped)
    6. CNP=5407044 | Esomeprazol Zentiva 40 Mg 56 Cápsula Gastrorresistente
        nivel2: "Sistema Digestivo" == "Sistema Digestivo"
        ATC=— | DCI=—
        image: — → —
        image decision: skipped — nenhuma fonte devolveu valor
        outcome: unchanged (cat: image_skipped)
    7. CNP=5294251 | Esomeprazol Zentiva, 20 mg x 56 cáps gastrorresistente
        nivel2: "Sistema Digestivo" == "Sistema Digestivo"
        ATC=— | DCI=—
        image: — → —
        image decision: skipped — nenhuma fonte devolveu valor
        outcome: unchanged (cat: image_skipped)
    8. CNP=5808100 | Estasp 10 Mg + 100 Mg 30 Cápsula
        nivel2: "Cardiovascular" == "Cardiovascular"
        ATC=C10BX05 | DCI=Rosuvastatina + Ácido acetilsalicílico
        image: — → —
        image decision: skipped — nenhuma fonte devolveu valor
        outcome: unchanged (cat: image_skipped)
    9. CNP=5808118 | Estasp 5 Mg + 100 Mg 30 Cápsula
        nivel2: "Cardiovascular" == "Cardiovascular"
        ATC=C10BX05 | DCI=Rosuvastatina + Ácido acetilsalicílico
        image: — → —
        image decision: skipped — nenhuma fonte devolveu valor
        outcome: unchanged (cat: image_skipped)
   10. CNP=6253401 | Evotears Sol Oftalm 3ml
        nivel2: "Oftálmicos" == "Oftálmicos"
        ATC=— | DCI=—
        image: — → —
        image decision: skipped — nenhuma fonte devolveu valor
        outcome: unchanged (cat: image_skipped)
  progresso: 600/1321 (~721 restantes neste pass)
[enrich] cnp=3841293 type=MEDICAMENTO typeConf=68% status=PARTIALLY_VERIFIED (downgrade de VERIFIED) needsReview=false queued=false fields=[—]
[enrich] cnp=5532395 type=MEDICAMENTO typeConf=68% status=PARTIALLY_VERIFIED (downgrade de VERIFIED) needsReview=false queued=false fields=[—]
[enrich] cnp=5295738 type=MEDICAMENTO typeConf=68% status=PARTIALLY_VERIFIED (downgrade de VERIFIED) needsReview=false queued=false fields=[—]
[enrich] cnp=5148408 type=MEDICAMENTO typeConf=68% status=PARTIALLY_VERIFIED (downgrade de VERIFIED) needsReview=false queued=false fields=[—]
[enrich] cnp=5026018 type=MEDICAMENTO typeConf=68% status=PARTIALLY_VERIFIED (downgrade de VERIFIED) needsReview=false queued=false fields=[—]
[enrich] cnp=5410022 type=MEDICAMENTO typeConf=68% status=PARTIALLY_VERIFIED (downgrade de VERIFIED) needsReview=false queued=false fields=[—]
[enrich] cnp=5159777 type=MEDICAMENTO typeConf=68% status=PARTIALLY_VERIFIED (downgrade de VERIFIED) needsReview=false queued=false fields=[—]
[enrich] cnp=5109160 type=MEDICAMENTO typeConf=68% status=PARTIALLY_VERIFIED (downgrade de VERIFIED) needsReview=false queued=false fields=[—]
[enrich] cnp=5159637 type=MEDICAMENTO typeConf=68% status=PARTIALLY_VERIFIED (downgrade de VERIFIED) needsReview=false queued=false fields=[—]
[enrich] cnp=5109715 type=MEDICAMENTO typeConf=68% status=PARTIALLY_VERIFIED (downgrade de VERIFIED) needsReview=false queued=false fields=[—]
[enrich] cnp=5022264 type=MEDICAMENTO typeConf=68% status=PARTIALLY_VERIFIED (downgrade de VERIFIED) needsReview=false queued=false fields=[—]
[enrich] cnp=5751169 type=MEDICAMENTO typeConf=68% status=PARTIALLY_VERIFIED (downgrade de VERIFIED) needsReview=false queued=false fields=[—]
[enrich] cnp=5723804 type=MEDICAMENTO typeConf=68% status=PARTIALLY_VERIFIED (downgrade de VERIFIED) needsReview=false queued=false fields=[—]
[enrich] cnp=5012224 type=MEDICAMENTO typeConf=68% status=PARTIALLY_VERIFIED (downgrade de VERIFIED) needsReview=false queued=false fields=[—]
[enrich] cnp=5617493 type=MEDICAMENTO typeConf=68% status=PARTIALLY_VERIFIED (downgrade de VERIFIED) needsReview=false queued=false fields=[—]
[enrich] cnp=5089552 type=MEDICAMENTO typeConf=68% status=PARTIALLY_VERIFIED (downgrade de VERIFIED) needsReview=false queued=false fields=[—]
[enrich] cnp=5767587 type=MEDICAMENTO typeConf=68% status=PARTIALLY_VERIFIED (downgrade de VERIFIED) needsReview=false queued=false fields=[—]
[enrich] cnp=5113360 type=MEDICAMENTO typeConf=68% status=PARTIALLY_VERIFIED (downgrade de VERIFIED) needsReview=false queued=false fields=[—]
[enrich] cnp=5089602 type=MEDICAMENTO typeConf=68% status=PARTIALLY_VERIFIED (downgrade de VERIFIED) needsReview=false queued=false fields=[—]
[enrich] cnp=5089628 type=MEDICAMENTO typeConf=68% status=PARTIALLY_VERIFIED (downgrade de VERIFIED) needsReview=false queued=false fields=[—]
[enrich] cnp=5409313 type=MEDICAMENTO typeConf=68% status=PARTIALLY_VERIFIED (downgrade de VERIFIED) needsReview=false queued=false fields=[—]
[enrich] cnp=3845997 type=MEDICAMENTO typeConf=68% status=PARTIALLY_VERIFIED (downgrade de VERIFIED) needsReview=false queued=false fields=[—]
[enrich] cnp=5793393 type=MEDICAMENTO typeConf=68% status=PARTIALLY_VERIFIED (downgrade de VERIFIED) needsReview=false queued=false fields=[—]
[enrich] cnp=5223441 type=MEDICAMENTO typeConf=68% status=PARTIALLY_VERIFIED (downgrade de VERIFIED) needsReview=false queued=false fields=[—]
[enrich] cnp=5223433 type=MEDICAMENTO typeConf=68% status=PARTIALLY_VERIFIED (downgrade de VERIFIED) needsReview=false queued=false fields=[—]
[enrich] cnp=5758958 type=MEDICAMENTO typeConf=97% status=PARTIALLY_VERIFIED (downgrade de VERIFIED) needsReview=false queued=false fields=[—]
[enrich] cnp=5758966 type=MEDICAMENTO typeConf=97% status=PARTIALLY_VERIFIED (downgrade de VERIFIED) needsReview=false queued=false fields=[—]
[enrich] cnp=2529584 type=MEDICAMENTO typeConf=97% status=PARTIALLY_VERIFIED (downgrade de VERIFIED) needsReview=false queued=false fields=[—]
[enrich] cnp=5134481 type=MEDICAMENTO typeConf=97% status=PARTIALLY_VERIFIED (downgrade de VERIFIED) needsReview=false queued=false fields=[—]
[enrich] cnp=5133285 type=MEDICAMENTO typeConf=97% status=PARTIALLY_VERIFIED (downgrade de VERIFIED) needsReview=false queued=false fields=[—]
[enrich] cnp=5133780 type=MEDICAMENTO typeConf=97% status=PARTIALLY_VERIFIED (downgrade de VERIFIED) needsReview=false queued=false fields=[—]
[enrich] cnp=5134085 type=MEDICAMENTO typeConf=97% status=PARTIALLY_VERIFIED (downgrade de VERIFIED) needsReview=false queued=false fields=[—]
[enrich] cnp=5134184 type=MEDICAMENTO typeConf=97% status=PARTIALLY_VERIFIED (downgrade de VERIFIED) needsReview=false queued=false fields=[—]
[enrich] cnp=9658609 type=MEDICAMENTO typeConf=68% status=PARTIALLY_VERIFIED (downgrade de VERIFIED) needsReview=false queued=false fields=[—]
[enrich] cnp=9645721 type=MEDICAMENTO typeConf=68% status=PARTIALLY_VERIFIED (downgrade de VERIFIED) needsReview=false queued=false fields=[—]
[enrich] cnp=6433367 type=MEDICAMENTO typeConf=73% status=PARTIALLY_VERIFIED (downgrade de VERIFIED) needsReview=false queued=false fields=[—]
[enrich] cnp=5733795 type=MEDICAMENTO typeConf=97% status=PARTIALLY_VERIFIED (downgrade de VERIFIED) needsReview=false queued=false fields=[—]
[enrich] cnp=5733894 type=MEDICAMENTO typeConf=97% status=PARTIALLY_VERIFIED (downgrade de VERIFIED) needsReview=false queued=false fields=[—]
[enrich] cnp=7306043 type=MEDICAMENTO typeConf=78% status=PARTIALLY_VERIFIED (downgrade de VERIFIED) needsReview=false queued=false fields=[—]
[enrich] cnp=5715461 type=MEDICAMENTO typeConf=75% status=PARTIALLY_VERIFIED (downgrade de VERIFIED) needsReview=false queued=false fields=[—]
[enrich] cnp=5755350 type=MEDICAMENTO typeConf=97% status=PARTIALLY_VERIFIED (downgrade de VERIFIED) needsReview=false queued=false fields=[—]
[enrich] cnp=7578393 type=MEDICAMENTO typeConf=75% status=PARTIALLY_VERIFIED needsReview=false queued=false fields=[—]
[enrich] cnp=7578401 type=MEDICAMENTO typeConf=75% status=PARTIALLY_VERIFIED needsReview=false queued=false fields=[—]
[enrich] cnp=5846613 type=MEDICAMENTO typeConf=68% status=PARTIALLY_VERIFIED (downgrade de VERIFIED) needsReview=false queued=false fields=[—]
[enrich] cnp=5846555 type=MEDICAMENTO typeConf=68% status=PARTIALLY_VERIFIED (downgrade de VERIFIED) needsReview=false queued=false fields=[—]
[enrich] cnp=5834932 type=MEDICAMENTO typeConf=68% status=PARTIALLY_VERIFIED (downgrade de VERIFIED) needsReview=false queued=false fields=[—]
[enrich] cnp=5834924 type=MEDICAMENTO typeConf=68% status=PARTIALLY_VERIFIED (downgrade de VERIFIED) needsReview=false queued=false fields=[—]
[enrich] cnp=5796537 type=MEDICAMENTO typeConf=68% status=PARTIALLY_VERIFIED (downgrade de VERIFIED) needsReview=false queued=false fields=[—]
[enrich] cnp=5796503 type=MEDICAMENTO typeConf=68% status=PARTIALLY_VERIFIED (downgrade de VERIFIED) needsReview=false queued=false fields=[—]
[enrich] cnp=5828363 type=MEDICAMENTO typeConf=68% status=PARTIALLY_VERIFIED (downgrade de VERIFIED) needsReview=false queued=false fields=[—]
[enrich] cnp=5828355 type=MEDICAMENTO typeConf=68% status=PARTIALLY_VERIFIED (downgrade de VERIFIED) needsReview=false queued=false fields=[—]
[enrich] cnp=5818778 type=MEDICAMENTO typeConf=68% status=PARTIALLY_VERIFIED (downgrade de VERIFIED) needsReview=false queued=false fields=[—]
[enrich] cnp=5818810 type=MEDICAMENTO typeConf=68% status=PARTIALLY_VERIFIED (downgrade de VERIFIED) needsReview=false queued=false fields=[—]
[enrich] cnp=5839261 type=MEDICAMENTO typeConf=68% status=PARTIALLY_VERIFIED (downgrade de VERIFIED) needsReview=false queued=false fields=[—]
[enrich] cnp=5818869 type=MEDICAMENTO typeConf=68% status=PARTIALLY_VERIFIED (downgrade de VERIFIED) needsReview=false queued=false fields=[—]
[enrich] cnp=5818844 type=MEDICAMENTO typeConf=68% status=PARTIALLY_VERIFIED (downgrade de VERIFIED) needsReview=false queued=false fields=[—]
[enrich] cnp=5833017 type=MEDICAMENTO typeConf=68% status=PARTIALLY_VERIFIED (downgrade de VERIFIED) needsReview=false queued=false fields=[—]
[enrich] cnp=5809314 type=MEDICAMENTO typeConf=68% status=PARTIALLY_VERIFIED (downgrade de VERIFIED) needsReview=false queued=false fields=[—]
[enrich] cnp=5809272 type=MEDICAMENTO typeConf=68% status=PARTIALLY_VERIFIED (downgrade de VERIFIED) needsReview=false queued=false fields=[—]
[enrich] cnp=5171533 type=MEDICAMENTO typeConf=68% status=PARTIALLY_VERIFIED (downgrade de VERIFIED) needsReview=false queued=false fields=[—]
[enrich] cnp=5171517 type=MEDICAMENTO typeConf=68% status=PARTIALLY_VERIFIED (downgrade de VERIFIED) needsReview=false queued=false fields=[—]
[enrich] cnp=5171525 type=MEDICAMENTO typeConf=68% status=PARTIALLY_VERIFIED (downgrade de VERIFIED) needsReview=false queued=false fields=[—]
[enrich] cnp=5435409 type=MEDICAMENTO typeConf=68% status=PARTIALLY_VERIFIED (downgrade de VERIFIED) needsReview=false queued=false fields=[—]
[enrich] cnp=5434667 type=MEDICAMENTO typeConf=68% status=PARTIALLY_VERIFIED (downgrade de VERIFIED) needsReview=false queued=false fields=[—]
[enrich] cnp=5460209 type=MEDICAMENTO typeConf=68% status=PARTIALLY_VERIFIED (downgrade de VERIFIED) needsReview=false queued=false fields=[—]
[enrich] cnp=5063631 type=MEDICAMENTO typeConf=68% status=PARTIALLY_VERIFIED (downgrade de VERIFIED) needsReview=false queued=false fields=[—]
[enrich] cnp=5062443 type=MEDICAMENTO typeConf=68% status=PARTIALLY_VERIFIED (downgrade de VERIFIED) needsReview=false queued=false fields=[—]
[enrich] cnp=5731518 type=MEDICAMENTO typeConf=68% status=PARTIALLY_VERIFIED (downgrade de VERIFIED) needsReview=false queued=false fields=[—]
[enrich] cnp=5731476 type=MEDICAMENTO typeConf=68% status=PARTIALLY_VERIFIED (downgrade de VERIFIED) needsReview=false queued=false fields=[—]
[enrich] cnp=5731500 type=MEDICAMENTO typeConf=68% status=PARTIALLY_VERIFIED (downgrade de VERIFIED) needsReview=false queued=false fields=[—]
[enrich] cnp=5304472 type=MEDICAMENTO typeConf=68% status=PARTIALLY_VERIFIED (downgrade de VERIFIED) needsReview=false queued=false fields=[—]
[enrich] cnp=5304431 type=MEDICAMENTO typeConf=68% status=PARTIALLY_VERIFIED (downgrade de VERIFIED) needsReview=false queued=false fields=[—]
[enrich] cnp=5304456 type=MEDICAMENTO typeConf=68% status=PARTIALLY_VERIFIED (downgrade de VERIFIED) needsReview=false queued=false fields=[—]
[enrich] cnp=5831938 type=MEDICAMENTO typeConf=68% status=PARTIALLY_VERIFIED (downgrade de VERIFIED) needsReview=false queued=false fields=[—]
[enrich] cnp=5022439 type=MEDICAMENTO typeConf=68% status=PARTIALLY_VERIFIED (downgrade de VERIFIED) needsReview=false queued=false fields=[—]
[enrich] cnp=5786587 type=MEDICAMENTO typeConf=90% status=PARTIALLY_VERIFIED (downgrade de VERIFIED) needsReview=false queued=false fields=[—]
[enrich] cnp=5563689 type=MEDICAMENTO typeConf=90% status=PARTIALLY_VERIFIED (downgrade de VERIFIED) needsReview=false queued=false fields=[—]
[enrich] cnp=5174586 type=MEDICAMENTO typeConf=68% status=PARTIALLY_VERIFIED (downgrade de VERIFIED) needsReview=false queued=false fields=[—]
[enrich] cnp=4985685 type=MEDICAMENTO typeConf=68% status=PARTIALLY_VERIFIED (downgrade de VERIFIED) needsReview=false queued=false fields=[—]
[enrich] cnp=5755673 type=MEDICAMENTO typeConf=68% status=PARTIALLY_VERIFIED (downgrade de VERIFIED) needsReview=false queued=false fields=[—]
[enrich] cnp=5755707 type=MEDICAMENTO typeConf=68% status=PARTIALLY_VERIFIED (downgrade de VERIFIED) needsReview=false queued=false fields=[—]
[enrich] cnp=5080262 type=MEDICAMENTO typeConf=68% status=PARTIALLY_VERIFIED (downgrade de VERIFIED) needsReview=false queued=false fields=[—]
[enrich] cnp=2898096 type=MEDICAMENTO typeConf=68% status=PARTIALLY_VERIFIED (downgrade de VERIFIED) needsReview=false queued=false fields=[—]
[enrich] cnp=2898195 type=MEDICAMENTO typeConf=68% status=PARTIALLY_VERIFIED (downgrade de VERIFIED) needsReview=false queued=false fields=[—]
[enrich] cnp=9651513 type=MEDICAMENTO typeConf=68% status=PARTIALLY_VERIFIED (downgrade de VERIFIED) needsReview=false queued=false fields=[—]
[enrich] cnp=9651406 type=MEDICAMENTO typeConf=90% status=PARTIALLY_VERIFIED (downgrade de VERIFIED) needsReview=false queued=false fields=[—]
[enrich] cnp=2840288 type=MEDICAMENTO typeConf=97% status=PARTIALLY_VERIFIED (downgrade de VERIFIED) needsReview=false queued=false fields=[—]
[enrich] cnp=2840684 type=MEDICAMENTO typeConf=97% status=PARTIALLY_VERIFIED (downgrade de VERIFIED) needsReview=false queued=false fields=[—]
[enrich] cnp=5588025 type=MEDICAMENTO typeConf=95% status=PARTIALLY_VERIFIED (downgrade de VERIFIED) needsReview=false queued=false fields=[—]
[enrich] cnp=5830898 type=MEDICAMENTO typeConf=97% status=PARTIALLY_VERIFIED (downgrade de VERIFIED) needsReview=false queued=false fields=[—]
[enrich] cnp=5830799 type=MEDICAMENTO typeConf=97% status=PARTIALLY_VERIFIED (downgrade de VERIFIED) needsReview=false queued=false fields=[—]
[enrich] cnp=2387785 type=MEDICAMENTO typeConf=97% status=PARTIALLY_VERIFIED (downgrade de VERIFIED) needsReview=false queued=false fields=[—]
[enrich] cnp=8574913 type=MEDICAMENTO typeConf=95% status=PARTIALLY_VERIFIED (downgrade de VERIFIED) needsReview=false queued=false fields=[—]
[enrich] cnp=7375055 type=MEDICAMENTO typeConf=68% status=PARTIALLY_VERIFIED (downgrade de VERIFIED) needsReview=false queued=false fields=[—]
[enrich] cnp=6059980 type=MEDICAMENTO typeConf=68% status=PARTIALLY_VERIFIED (downgrade de VERIFIED) needsReview=false queued=false fields=[—]
[enrich] cnp=6502088 type=MEDICAMENTO typeConf=68% status=PARTIALLY_VERIFIED (downgrade de VERIFIED) needsReview=false queued=false fields=[—]
[enrich] cnp=7248385 type=MEDICAMENTO typeConf=68% status=PARTIALLY_VERIFIED (downgrade de VERIFIED) needsReview=false queued=false fields=[—]
[enrich] cnp=7248898 type=MEDICAMENTO typeConf=68% status=PARTIALLY_VERIFIED (downgrade de VERIFIED) needsReview=false queued=false fields=[—]
[enrich] cnp=7248393 type=MEDICAMENTO typeConf=68% status=PARTIALLY_VERIFIED (downgrade de VERIFIED) needsReview=false queued=false fields=[—]
[enrich] cnp=7248906 type=MEDICAMENTO typeConf=68% status=PARTIALLY_VERIFIED (downgrade de VERIFIED) needsReview=false queued=false fields=[—]
[enrich] cnp=7405480 type=MEDICAMENTO typeConf=68% status=PARTIALLY_VERIFIED (downgrade de VERIFIED) needsReview=false queued=false fields=[—]
[enrich] cnp=7405506 type=MEDICAMENTO typeConf=68% status=PARTIALLY_VERIFIED (downgrade de VERIFIED) needsReview=false queued=false fields=[—]
[enrich] cnp=5719711 type=MEDICAMENTO typeConf=68% status=PARTIALLY_VERIFIED (downgrade de VERIFIED) needsReview=false queued=false fields=[—]
[enrich] cnp=5719729 type=MEDICAMENTO typeConf=68% status=PARTIALLY_VERIFIED (downgrade de VERIFIED) needsReview=false queued=false fields=[—]
[enrich] cnp=5405980 type=MEDICAMENTO typeConf=68% status=PARTIALLY_VERIFIED (downgrade de VERIFIED) needsReview=false queued=false fields=[—]
[enrich] cnp=5405782 type=MEDICAMENTO typeConf=68% status=PARTIALLY_VERIFIED (downgrade de VERIFIED) needsReview=false queued=false fields=[—]
[enrich] cnp=5514989 type=MEDICAMENTO typeConf=68% status=PARTIALLY_VERIFIED (downgrade de VERIFIED) needsReview=false queued=false fields=[—]
[enrich] cnp=5259684 type=MEDICAMENTO typeConf=68% status=PARTIALLY_VERIFIED (downgrade de VERIFIED) needsReview=false queued=false fields=[—]
[enrich] cnp=5468822 type=MEDICAMENTO typeConf=68% status=PARTIALLY_VERIFIED (downgrade de VERIFIED) needsReview=false queued=false fields=[—]
[enrich] cnp=5468848 type=MEDICAMENTO typeConf=68% status=PARTIALLY_VERIFIED (downgrade de VERIFIED) needsReview=false queued=false fields=[—]
[enrich] cnp=5468863 type=MEDICAMENTO typeConf=68% status=PARTIALLY_VERIFIED (downgrade de VERIFIED) needsReview=false queued=false fields=[—]
[enrich] cnp=5475108 type=MEDICAMENTO typeConf=68% status=PARTIALLY_VERIFIED (downgrade de VERIFIED) needsReview=false queued=false fields=[—]
[enrich] cnp=7559278 type=MEDICAMENTO typeConf=75% status=PARTIALLY_VERIFIED needsReview=false queued=false fields=[—]
[enrich] cnp=7294587 type=MEDICAMENTO typeConf=68% status=PARTIALLY_VERIFIED (downgrade de VERIFIED) needsReview=false queued=false fields=[—]
[enrich] cnp=7380030 type=MEDICAMENTO typeConf=68% status=PARTIALLY_VERIFIED (downgrade de VERIFIED) needsReview=false queued=false fields=[—]
[enrich] cnp=2401180 type=MEDICAMENTO typeConf=97% status=PARTIALLY_VERIFIED (downgrade de VERIFIED) needsReview=false queued=false fields=[—]
[enrich] cnp=5721352 type=MEDICAMENTO typeConf=68% status=PARTIALLY_VERIFIED (downgrade de VERIFIED) needsReview=false queued=false fields=[—]
[enrich] cnp=5047204 type=MEDICAMENTO typeConf=68% status=PARTIALLY_VERIFIED (downgrade de VERIFIED) needsReview=false queued=false fields=[—]
[enrich] cnp=5781976 type=MEDICAMENTO typeConf=68% status=PARTIALLY_VERIFIED (downgrade de VERIFIED) needsReview=false queued=false fields=[—]
[enrich] cnp=5107800 type=MEDICAMENTO typeConf=68% status=PARTIALLY_VERIFIED (downgrade de VERIFIED) needsReview=false queued=false fields=[—]
[enrich] cnp=5164504 type=MEDICAMENTO typeConf=68% status=PARTIALLY_VERIFIED (downgrade de VERIFIED) needsReview=false queued=false fields=[—]
[enrich] cnp=5107941 type=MEDICAMENTO typeConf=68% status=PARTIALLY_VERIFIED (downgrade de VERIFIED) needsReview=false queued=false fields=[—]
[enrich] cnp=7408765 type=MEDICAMENTO typeConf=75% status=PARTIALLY_VERIFIED (downgrade de VERIFIED) needsReview=false queued=false fields=[—]
[enrich] cnp=5815683 type=MEDICAMENTO typeConf=97% status=PARTIALLY_VERIFIED (downgrade de VERIFIED) needsReview=false queued=false fields=[—]
[enrich] cnp=4522892 type=MEDICAMENTO typeConf=68% status=PARTIALLY_VERIFIED (downgrade de VERIFIED) needsReview=false queued=false fields=[—]
[enrich] cnp=5727292 type=MEDICAMENTO typeConf=68% status=PARTIALLY_VERIFIED (downgrade de VERIFIED) needsReview=false queued=false fields=[—]
[enrich] cnp=5727391 type=MEDICAMENTO typeConf=68% status=PARTIALLY_VERIFIED (downgrade de VERIFIED) needsReview=false queued=false fields=[—]
[enrich] cnp=5782495 type=MEDICAMENTO typeConf=90% status=PARTIALLY_VERIFIED (downgrade de VERIFIED) needsReview=false queued=false fields=[—]
[enrich] cnp=4522397 type=MEDICAMENTO typeConf=68% status=PARTIALLY_VERIFIED (downgrade de VERIFIED) needsReview=false queued=false fields=[—]
[enrich] cnp=5876495 type=MEDICAMENTO typeConf=90% status=PARTIALLY_VERIFIED (downgrade de VERIFIED) needsReview=false queued=false fields=[—]
[enrich] cnp=5843891 type=MEDICAMENTO typeConf=68% status=PARTIALLY_VERIFIED (downgrade de VERIFIED) needsReview=false queued=false fields=[—]
[enrich] cnp=5456892 type=MEDICAMENTO typeConf=68% status=PARTIALLY_VERIFIED (downgrade de VERIFIED) needsReview=false queued=false fields=[—]
[enrich] cnp=5726732 type=MEDICAMENTO typeConf=97% status=PARTIALLY_VERIFIED (downgrade de VERIFIED) needsReview=false queued=false fields=[—]
[enrich] cnp=5829486 type=MEDICAMENTO typeConf=97% status=PARTIALLY_VERIFIED (downgrade de VERIFIED) needsReview=false queued=false fields=[—]
[enrich] cnp=7375204 type=MEDICAMENTO typeConf=68% status=PARTIALLY_VERIFIED (downgrade de VERIFIED) needsReview=false queued=false fields=[—]
[enrich] cnp=7483156 type=MEDICAMENTO typeConf=68% status=PARTIALLY_VERIFIED (downgrade de VERIFIED) needsReview=false queued=false fields=[—]
[enrich] cnp=7497412 type=MEDICAMENTO typeConf=75% status=PARTIALLY_VERIFIED (downgrade de VERIFIED) needsReview=false queued=false fields=[—]
[enrich] cnp=7297622 type=MEDICAMENTO typeConf=68% status=PARTIALLY_VERIFIED (downgrade de VERIFIED) needsReview=false queued=false fields=[—]
[enrich] cnp=7471391 type=MEDICAMENTO typeConf=75% status=PARTIALLY_VERIFIED (downgrade de VERIFIED) needsReview=false queued=false fields=[—]
[enrich] cnp=7356675 type=MEDICAMENTO typeConf=68% status=PARTIALLY_VERIFIED (downgrade de VERIFIED) needsReview=false queued=false fields=[—]
[enrich] cnp=6934638 type=MEDICAMENTO typeConf=68% status=PARTIALLY_VERIFIED (downgrade de VERIFIED) needsReview=false queued=false fields=[—]
[enrich] cnp=6653931 type=MEDICAMENTO typeConf=68% status=PARTIALLY_VERIFIED (downgrade de VERIFIED) needsReview=false queued=false fields=[—]
[enrich] cnp=7112888 type=MEDICAMENTO typeConf=75% status=PARTIALLY_VERIFIED (downgrade de VERIFIED) needsReview=false queued=false fields=[—]
[enrich] cnp=6816777 type=MEDICAMENTO typeConf=68% status=PARTIALLY_VERIFIED (downgrade de VERIFIED) needsReview=false queued=false fields=[—]
[enrich] cnp=6816785 type=MEDICAMENTO typeConf=68% status=PARTIALLY_VERIFIED (downgrade de VERIFIED) needsReview=false queued=false fields=[—]
[enrich] cnp=5266580 type=MEDICAMENTO typeConf=68% status=PARTIALLY_VERIFIED (downgrade de VERIFIED) needsReview=false queued=false fields=[—]
[enrich] cnp=5720941 type=MEDICAMENTO typeConf=90% status=PARTIALLY_VERIFIED (downgrade de VERIFIED) needsReview=false queued=false fields=[—]
[enrich] cnp=5777149 type=MEDICAMENTO typeConf=90% status=PARTIALLY_VERIFIED (downgrade de VERIFIED) needsReview=false queued=false fields=[—]
[enrich] cnp=4877981 type=MEDICAMENTO typeConf=68% status=PARTIALLY_VERIFIED (downgrade de VERIFIED) needsReview=false queued=false fields=[—]
[enrich] cnp=5289111 type=MEDICAMENTO typeConf=90% status=PARTIALLY_VERIFIED (downgrade de VERIFIED) needsReview=false queued=false fields=[—]

— Batch 5 —
  processed=150 updated=0 unchanged=150 failed=0
  reclassN2=0 +atc=0 +dci=0 +img=0 still-outros=0
  signal: hasATC=21 hasDCI=21 hasAtcOrDci=21 hasNeither=129
  reclass por método: atc_prefix=0 atc(letra)=0 dci=0 keyword=0 outro=0

  Amostra (primeiros 10):
    1. CNP=3841293 | Losartan + Hidroclorotiazida Farmoz MG, 50/12,5 mg x 60 comp
        nivel2: "Cardiovascular" == "Cardiovascular"
        ATC=— | DCI=—
        image: — → —
        image decision: skipped — nenhuma fonte devolveu valor
        outcome: unchanged (cat: image_skipped)
    2. CNP=5532395 | Losartan + Hidroclorotiazida Jaba MG, 50/12,5 mg x 56 comp r
        nivel2: "Cardiovascular" == "Cardiovascular"
        ATC=— | DCI=—
        image: — → —
        image decision: skipped — nenhuma fonte devolveu valor
        outcome: unchanged (cat: image_skipped)
    3. CNP=5295738 | Losartan + Hidroclorotiazida Krka MG, 100/ 12,5 mg x 28 comp
        nivel2: "Cardiovascular" == "Cardiovascular"
        ATC=— | DCI=—
        image: — → —
        image decision: skipped — nenhuma fonte devolveu valor
        outcome: unchanged (cat: image_skipped)
    4. CNP=5148408 | Losartan + Hidroclorotiazida Krka MG, 100/25 mg x 28 comp re
        nivel2: "Cardiovascular" == "Cardiovascular"
        ATC=— | DCI=—
        image: — → —
        image decision: skipped — nenhuma fonte devolveu valor
        outcome: unchanged (cat: image_skipped)
    5. CNP=5026018 | Losartan + Hidroclorotiazida Krka MG, 50/12,5 mg x 56 comp r
        nivel2: "Cardiovascular" == "Cardiovascular"
        ATC=— | DCI=—
        image: — → —
        image decision: skipped — nenhuma fonte devolveu valor
        outcome: unchanged (cat: image_skipped)
    6. CNP=5410022 | Losartan + Hidroclorotiazida Ratiopharm MG, 50/ 12,5 mg x 60
        nivel2: "Cardiovascular" == "Cardiovascular"
        ATC=— | DCI=—
        image: — → —
        image decision: skipped — nenhuma fonte devolveu valor
        outcome: unchanged (cat: image_skipped)
    7. CNP=5159777 | Losartan + Hidroclorotiazida Tetrafarma MG, 100/12,5 mg x 28
        nivel2: "Cardiovascular" == "Cardiovascular"
        ATC=— | DCI=—
        image: — → —
        image decision: skipped — nenhuma fonte devolveu valor
        outcome: unchanged (cat: image_skipped)
    8. CNP=5109160 | Losartan + Hidroclorotiazida Tetrafarma MG, 100/25 mg x 28 c
        nivel2: "Cardiovascular" == "Cardiovascular"
        ATC=— | DCI=—
        image: — → —
        image decision: skipped — nenhuma fonte devolveu valor
        outcome: unchanged (cat: image_skipped)
    9. CNP=5159637 | Losartan + Hidroclorotiazida Tolife MG, 100/12,5 mg x 28 com
        nivel2: "Cardiovascular" == "Cardiovascular"
        ATC=— | DCI=—
        image: — → —
        image decision: skipped — nenhuma fonte devolveu valor
        outcome: unchanged (cat: image_skipped)
   10. CNP=5109715 | Losartan + Hidroclorotiazida ToLife MG, 100/25 mg x 28 comp
        nivel2: "Cardiovascular" == "Cardiovascular"
        ATC=— | DCI=—
        image: — → —
        image decision: skipped — nenhuma fonte devolveu valor
        outcome: unchanged (cat: image_skipped)
  progresso: 750/1321 (~571 restantes neste pass)
[enrich] cnp=5646237 type=MEDICAMENTO typeConf=90% status=PARTIALLY_VERIFIED (downgrade de VERIFIED) needsReview=false queued=false fields=[—]
[enrich] cnp=5032495 type=MEDICAMENTO typeConf=68% status=PARTIALLY_VERIFIED (downgrade de VERIFIED) needsReview=false queued=false fields=[—]
[enrich] cnp=5543988 type=MEDICAMENTO typeConf=68% status=PARTIALLY_VERIFIED (downgrade de VERIFIED) needsReview=false queued=false fields=[—]
[enrich] cnp=5406285 type=MEDICAMENTO typeConf=68% status=PARTIALLY_VERIFIED (downgrade de VERIFIED) needsReview=false queued=false fields=[—]
[enrich] cnp=5114822 type=MEDICAMENTO typeConf=68% status=PARTIALLY_VERIFIED (downgrade de VERIFIED) needsReview=false queued=false fields=[—]
[enrich] cnp=5114855 type=MEDICAMENTO typeConf=68% status=PARTIALLY_VERIFIED (downgrade de VERIFIED) needsReview=false queued=false fields=[—]
[enrich] cnp=4821690 type=MEDICAMENTO typeConf=68% status=PARTIALLY_VERIFIED (downgrade de VERIFIED) needsReview=false queued=false fields=[—]
[enrich] cnp=5183900 type=MEDICAMENTO typeConf=68% status=PARTIALLY_VERIFIED (downgrade de VERIFIED) needsReview=false queued=false fields=[—]
[enrich] cnp=5183926 type=MEDICAMENTO typeConf=68% status=PARTIALLY_VERIFIED (downgrade de VERIFIED) needsReview=false queued=false fields=[—]
[enrich] cnp=5283072 type=MEDICAMENTO typeConf=68% status=PARTIALLY_VERIFIED (downgrade de VERIFIED) needsReview=false queued=false fields=[—]
[enrich] cnp=2245397 type=MEDICAMENTO typeConf=68% status=PARTIALLY_VERIFIED (downgrade de VERIFIED) needsReview=false queued=false fields=[—]
[enrich] cnp=5680947 type=MEDICAMENTO typeConf=90% status=PARTIALLY_VERIFIED (downgrade de VERIFIED) needsReview=false queued=false fields=[—]
[enrich] cnp=5680954 type=MEDICAMENTO typeConf=90% status=PARTIALLY_VERIFIED (downgrade de VERIFIED) needsReview=false queued=false fields=[—]
[enrich] cnp=3870482 type=MEDICAMENTO typeConf=68% status=PARTIALLY_VERIFIED (downgrade de VERIFIED) needsReview=false queued=false fields=[—]
[enrich] cnp=2175594 type=MEDICAMENTO typeConf=68% status=PARTIALLY_VERIFIED (downgrade de VERIFIED) needsReview=false queued=false fields=[—]
[enrich] cnp=5107370 type=MEDICAMENTO typeConf=68% status=PARTIALLY_VERIFIED (downgrade de VERIFIED) needsReview=false queued=false fields=[—]
[enrich] cnp=5107420 type=MEDICAMENTO typeConf=68% status=PARTIALLY_VERIFIED (downgrade de VERIFIED) needsReview=false queued=false fields=[—]
[enrich] cnp=5930888 type=MEDICAMENTO typeConf=90% status=PARTIALLY_VERIFIED (downgrade de VERIFIED) needsReview=false queued=false fields=[—]
[enrich] cnp=5931084 type=MEDICAMENTO typeConf=90% status=PARTIALLY_VERIFIED (downgrade de VERIFIED) needsReview=false queued=false fields=[—]
[enrich] cnp=5879341 type=MEDICAMENTO typeConf=68% status=PARTIALLY_VERIFIED (downgrade de VERIFIED) needsReview=false queued=false fields=[—]
[enrich] cnp=2978195 type=MEDICAMENTO typeConf=90% status=PARTIALLY_VERIFIED (downgrade de VERIFIED) needsReview=false queued=false fields=[—]
[enrich] cnp=5107453 type=MEDICAMENTO typeConf=90% status=PARTIALLY_VERIFIED (downgrade de VERIFIED) needsReview=false queued=false fields=[—]
[enrich] cnp=5107503 type=MEDICAMENTO typeConf=68% status=PARTIALLY_VERIFIED (downgrade de VERIFIED) needsReview=false queued=false fields=[—]
[enrich] cnp=5198148 type=MEDICAMENTO typeConf=68% status=PARTIALLY_VERIFIED (downgrade de VERIFIED) needsReview=false queued=false fields=[—]
[enrich] cnp=5198221 type=MEDICAMENTO typeConf=68% status=PARTIALLY_VERIFIED (downgrade de VERIFIED) needsReview=false queued=false fields=[—]
[enrich] cnp=5595558 type=MEDICAMENTO typeConf=90% status=PARTIALLY_VERIFIED (downgrade de VERIFIED) needsReview=false queued=false fields=[—]
[enrich] cnp=5769971 type=MEDICAMENTO typeConf=90% status=PARTIALLY_VERIFIED (downgrade de VERIFIED) needsReview=false queued=false fields=[—]
[enrich] cnp=5770011 type=MEDICAMENTO typeConf=68% status=PARTIALLY_VERIFIED (downgrade de VERIFIED) needsReview=false queued=false fields=[—]
[enrich] cnp=5686704 type=MEDICAMENTO typeConf=97% status=PARTIALLY_VERIFIED (downgrade de VERIFIED) needsReview=false queued=false fields=[—]
[enrich] cnp=7754325 type=MEDICAMENTO typeConf=80% status=PARTIALLY_VERIFIED (downgrade de VERIFIED) needsReview=false queued=false fields=[—]
[enrich] cnp=6404483 type=MEDICAMENTO typeConf=80% status=PARTIALLY_VERIFIED (downgrade de VERIFIED) needsReview=false queued=false fields=[—]
[enrich] cnp=6237743 type=MEDICAMENTO typeConf=75% status=PARTIALLY_VERIFIED (downgrade de VERIFIED) needsReview=false queued=false fields=[—]
[enrich] cnp=6237735 type=MEDICAMENTO typeConf=75% status=PARTIALLY_VERIFIED (downgrade de VERIFIED) needsReview=false queued=false fields=[—]
[enrich] cnp=6837427 type=MEDICAMENTO typeConf=68% status=PARTIALLY_VERIFIED (downgrade de VERIFIED) needsReview=false queued=false fields=[—]
[enrich] cnp=6090639 type=MEDICAMENTO typeConf=75% status=PARTIALLY_VERIFIED (downgrade de VERIFIED) needsReview=false queued=false fields=[—]
[enrich] cnp=7444315 type=MEDICAMENTO typeConf=68% status=PARTIALLY_VERIFIED (downgrade de VERIFIED) needsReview=false queued=false fields=[—]
[enrich] cnp=6392993 type=MEDICAMENTO typeConf=90% status=PARTIALLY_VERIFIED (downgrade de VERIFIED) needsReview=false queued=false fields=[—]
[enrich] cnp=5033402 type=MEDICAMENTO typeConf=68% status=PARTIALLY_VERIFIED (downgrade de VERIFIED) needsReview=false queued=false fields=[—]
[enrich] cnp=5033428 type=MEDICAMENTO typeConf=68% status=PARTIALLY_VERIFIED (downgrade de VERIFIED) needsReview=false queued=false fields=[—]
[enrich] cnp=5033436 type=MEDICAMENTO typeConf=68% status=PARTIALLY_VERIFIED (downgrade de VERIFIED) needsReview=false queued=false fields=[—]
[enrich] cnp=5033451 type=MEDICAMENTO typeConf=68% status=PARTIALLY_VERIFIED (downgrade de VERIFIED) needsReview=false queued=false fields=[—]
[enrich] cnp=5370341 type=MEDICAMENTO typeConf=68% status=PARTIALLY_VERIFIED (downgrade de VERIFIED) needsReview=false queued=false fields=[—]
[enrich] cnp=5370267 type=MEDICAMENTO typeConf=68% status=PARTIALLY_VERIFIED (downgrade de VERIFIED) needsReview=false queued=false fields=[—]
[enrich] cnp=5087572 type=MEDICAMENTO typeConf=68% status=PARTIALLY_VERIFIED (downgrade de VERIFIED) needsReview=false queued=false fields=[—]
[enrich] cnp=5087630 type=MEDICAMENTO typeConf=68% status=PARTIALLY_VERIFIED (downgrade de VERIFIED) needsReview=false queued=false fields=[—]
[enrich] cnp=5326772 type=MEDICAMENTO typeConf=68% status=PARTIALLY_VERIFIED (downgrade de VERIFIED) needsReview=false queued=false fields=[—]
[enrich] cnp=5083910 type=MEDICAMENTO typeConf=68% status=PARTIALLY_VERIFIED (downgrade de VERIFIED) needsReview=false queued=false fields=[—]
[enrich] cnp=5083951 type=MEDICAMENTO typeConf=68% status=PARTIALLY_VERIFIED (downgrade de VERIFIED) needsReview=false queued=false fields=[—]
[enrich] cnp=5043161 type=MEDICAMENTO typeConf=68% status=PARTIALLY_VERIFIED (downgrade de VERIFIED) needsReview=false queued=false fields=[—]
[enrich] cnp=5043229 type=MEDICAMENTO typeConf=68% status=PARTIALLY_VERIFIED (downgrade de VERIFIED) needsReview=false queued=false fields=[—]
[enrich] cnp=5171970 type=MEDICAMENTO typeConf=68% status=PARTIALLY_VERIFIED (downgrade de VERIFIED) needsReview=false queued=false fields=[—]
[enrich] cnp=5171913 type=MEDICAMENTO typeConf=68% status=PARTIALLY_VERIFIED (downgrade de VERIFIED) needsReview=false queued=false fields=[—]
[enrich] cnp=5369046 type=MEDICAMENTO typeConf=68% status=PARTIALLY_VERIFIED (downgrade de VERIFIED) needsReview=false queued=false fields=[—]
[enrich] cnp=5369012 type=MEDICAMENTO typeConf=68% status=PARTIALLY_VERIFIED (downgrade de VERIFIED) needsReview=false queued=false fields=[—]
[enrich] cnp=5700752 type=MEDICAMENTO typeConf=68% status=PARTIALLY_VERIFIED (downgrade de VERIFIED) needsReview=false queued=false fields=[—]
[enrich] cnp=5700844 type=MEDICAMENTO typeConf=68% status=PARTIALLY_VERIFIED (downgrade de VERIFIED) needsReview=false queued=false fields=[—]
[enrich] cnp=5171574 type=MEDICAMENTO typeConf=68% status=PARTIALLY_VERIFIED (downgrade de VERIFIED) needsReview=false queued=false fields=[—]
[enrich] cnp=5171616 type=MEDICAMENTO typeConf=68% status=PARTIALLY_VERIFIED (downgrade de VERIFIED) needsReview=false queued=false fields=[—]
[enrich] cnp=5171657 type=MEDICAMENTO typeConf=68% status=PARTIALLY_VERIFIED (downgrade de VERIFIED) needsReview=false queued=false fields=[—]
[enrich] cnp=5171673 type=MEDICAMENTO typeConf=68% status=PARTIALLY_VERIFIED (downgrade de VERIFIED) needsReview=false queued=false fields=[—]
[enrich] cnp=5045273 type=MEDICAMENTO typeConf=68% status=PARTIALLY_VERIFIED (downgrade de VERIFIED) needsReview=false queued=false fields=[—]
[enrich] cnp=5045315 type=MEDICAMENTO typeConf=68% status=PARTIALLY_VERIFIED (downgrade de VERIFIED) needsReview=false queued=false fields=[—]
[enrich] cnp=5083613 type=MEDICAMENTO typeConf=68% status=PARTIALLY_VERIFIED (downgrade de VERIFIED) needsReview=false queued=false fields=[—]
[enrich] cnp=5082763 type=MEDICAMENTO typeConf=68% status=PARTIALLY_VERIFIED (downgrade de VERIFIED) needsReview=false queued=false fields=[—]
[enrich] cnp=5328372 type=MEDICAMENTO typeConf=68% status=PARTIALLY_VERIFIED (downgrade de VERIFIED) needsReview=false queued=false fields=[—]
[enrich] cnp=5328455 type=MEDICAMENTO typeConf=68% status=PARTIALLY_VERIFIED (downgrade de VERIFIED) needsReview=false queued=false fields=[—]
[enrich] cnp=5099049 type=MEDICAMENTO typeConf=68% status=PARTIALLY_VERIFIED (downgrade de VERIFIED) needsReview=false queued=false fields=[—]
[enrich] cnp=5099064 type=MEDICAMENTO typeConf=68% status=PARTIALLY_VERIFIED (downgrade de VERIFIED) needsReview=false queued=false fields=[—]
[enrich] cnp=5101001 type=MEDICAMENTO typeConf=68% status=PARTIALLY_VERIFIED (downgrade de VERIFIED) needsReview=false queued=false fields=[—]
[enrich] cnp=5101019 type=MEDICAMENTO typeConf=68% status=PARTIALLY_VERIFIED (downgrade de VERIFIED) needsReview=false queued=false fields=[—]
[enrich] cnp=5677745 type=MEDICAMENTO typeConf=73% status=PARTIALLY_VERIFIED (downgrade de VERIFIED) needsReview=false queued=false fields=[—]
[enrich] cnp=5647813 type=MEDICAMENTO typeConf=73% status=PARTIALLY_VERIFIED (downgrade de VERIFIED) needsReview=false queued=false fields=[—]
[enrich] cnp=5689823 type=MEDICAMENTO typeConf=90% status=PARTIALLY_VERIFIED (downgrade de VERIFIED) needsReview=false queued=false fields=[—]
[enrich] cnp=5321054 type=MEDICAMENTO typeConf=68% status=PARTIALLY_VERIFIED (downgrade de VERIFIED) needsReview=false queued=false fields=[—]
[enrich] cnp=5592019 type=MEDICAMENTO typeConf=68% status=PARTIALLY_VERIFIED (downgrade de VERIFIED) needsReview=false queued=false fields=[—]
[enrich] cnp=5389531 type=MEDICAMENTO typeConf=73% status=PARTIALLY_VERIFIED (downgrade de VERIFIED) needsReview=false queued=false fields=[—]
[enrich] cnp=5118534 type=MEDICAMENTO typeConf=68% status=PARTIALLY_VERIFIED (downgrade de VERIFIED) needsReview=false queued=false fields=[—]
[enrich] cnp=5413745 type=MEDICAMENTO typeConf=68% status=PARTIALLY_VERIFIED (downgrade de VERIFIED) needsReview=false queued=false fields=[—]
[enrich] cnp=9478206 type=MEDICAMENTO typeConf=97% status=PARTIALLY_VERIFIED (downgrade de VERIFIED) needsReview=false queued=false fields=[—]
[enrich] cnp=6057471 type=MEDICAMENTO typeConf=68% status=PARTIALLY_VERIFIED (downgrade de VERIFIED) needsReview=false queued=false fields=[—]
[enrich] cnp=6270868 type=MEDICAMENTO typeConf=68% status=PARTIALLY_VERIFIED (downgrade de VERIFIED) needsReview=false queued=false fields=[—]
[enrich] cnp=7417147 type=MEDICAMENTO typeConf=68% status=PARTIALLY_VERIFIED (downgrade de VERIFIED) needsReview=false queued=false fields=[—]
[enrich] cnp=6588939 type=MEDICAMENTO typeConf=68% status=PARTIALLY_VERIFIED (downgrade de VERIFIED) needsReview=false queued=false fields=[—]
[enrich] cnp=5806013 type=MEDICAMENTO typeConf=68% status=PARTIALLY_VERIFIED (downgrade de VERIFIED) needsReview=false queued=false fields=[—]
[enrich] cnp=5690037 type=MEDICAMENTO typeConf=68% status=PARTIALLY_VERIFIED (downgrade de VERIFIED) needsReview=false queued=false fields=[—]
[enrich] cnp=5395751 type=MEDICAMENTO typeConf=68% status=PARTIALLY_VERIFIED (downgrade de VERIFIED) needsReview=false queued=false fields=[—]
[enrich] cnp=5395728 type=MEDICAMENTO typeConf=68% status=PARTIALLY_VERIFIED (downgrade de VERIFIED) needsReview=false queued=false fields=[—]
[enrich] cnp=5395835 type=MEDICAMENTO typeConf=68% status=PARTIALLY_VERIFIED (downgrade de VERIFIED) needsReview=false queued=false fields=[—]
[enrich] cnp=5395801 type=MEDICAMENTO typeConf=68% status=PARTIALLY_VERIFIED (downgrade de VERIFIED) needsReview=false queued=false fields=[—]
[enrich] cnp=5819065 type=MEDICAMENTO typeConf=68% status=PARTIALLY_VERIFIED (downgrade de VERIFIED) needsReview=false queued=false fields=[—]
[enrich] cnp=5819057 type=MEDICAMENTO typeConf=68% status=PARTIALLY_VERIFIED (downgrade de VERIFIED) needsReview=false queued=false fields=[—]
[enrich] cnp=5819032 type=MEDICAMENTO typeConf=68% status=PARTIALLY_VERIFIED (downgrade de VERIFIED) needsReview=false queued=false fields=[—]
[enrich] cnp=5845375 type=MEDICAMENTO typeConf=68% status=PARTIALLY_VERIFIED (downgrade de VERIFIED) needsReview=false queued=false fields=[—]
[enrich] cnp=5845367 type=MEDICAMENTO typeConf=68% status=PARTIALLY_VERIFIED (downgrade de VERIFIED) needsReview=false queued=false fields=[—]
[enrich] cnp=5618350 type=MEDICAMENTO typeConf=68% status=PARTIALLY_VERIFIED (downgrade de VERIFIED) needsReview=false queued=false fields=[—]
[enrich] cnp=5618368 type=MEDICAMENTO typeConf=68% status=PARTIALLY_VERIFIED (downgrade de VERIFIED) needsReview=false queued=false fields=[—]
[enrich] cnp=5080312 type=MEDICAMENTO typeConf=68% status=PARTIALLY_VERIFIED (downgrade de VERIFIED) needsReview=false queued=false fields=[—]
[enrich] cnp=5676838 type=MEDICAMENTO typeConf=68% status=PARTIALLY_VERIFIED (downgrade de VERIFIED) needsReview=false queued=false fields=[—]
[enrich] cnp=5620935 type=MEDICAMENTO typeConf=68% status=PARTIALLY_VERIFIED (downgrade de VERIFIED) needsReview=false queued=false fields=[—]
[enrich] cnp=5030036 type=MEDICAMENTO typeConf=68% status=PARTIALLY_VERIFIED (downgrade de VERIFIED) needsReview=false queued=false fields=[—]
[enrich] cnp=5030176 type=MEDICAMENTO typeConf=68% status=PARTIALLY_VERIFIED (downgrade de VERIFIED) needsReview=false queued=false fields=[—]
[enrich] cnp=5382569 type=MEDICAMENTO typeConf=68% status=PARTIALLY_VERIFIED (downgrade de VERIFIED) needsReview=false queued=false fields=[—]
[enrich] cnp=5570817 type=MEDICAMENTO typeConf=68% status=PARTIALLY_VERIFIED needsReview=false queued=false fields=[—]
[enrich] cnp=5570825 type=MEDICAMENTO typeConf=68% status=PARTIALLY_VERIFIED needsReview=false queued=false fields=[—]
[enrich] cnp=5018239 type=MEDICAMENTO typeConf=68% status=PARTIALLY_VERIFIED (downgrade de VERIFIED) needsReview=false queued=false fields=[—]
[enrich] cnp=5029814 type=MEDICAMENTO typeConf=68% status=PARTIALLY_VERIFIED (downgrade de VERIFIED) needsReview=false queued=false fields=[—]
[enrich] cnp=5823406 type=MEDICAMENTO typeConf=68% status=PARTIALLY_VERIFIED (downgrade de VERIFIED) needsReview=false queued=false fields=[—]
[enrich] cnp=5215074 type=MEDICAMENTO typeConf=68% status=PARTIALLY_VERIFIED (downgrade de VERIFIED) needsReview=false queued=false fields=[—]
[enrich] cnp=5052501 type=MEDICAMENTO typeConf=68% status=PARTIALLY_VERIFIED (downgrade de VERIFIED) needsReview=false queued=false fields=[—]
[enrich] cnp=5182837 type=MEDICAMENTO typeConf=68% status=PARTIALLY_VERIFIED (downgrade de VERIFIED) needsReview=false queued=false fields=[—]
[enrich] cnp=5148523 type=MEDICAMENTO typeConf=68% status=PARTIALLY_VERIFIED (downgrade de VERIFIED) needsReview=false queued=false fields=[—]
[enrich] cnp=5270129 type=MEDICAMENTO typeConf=68% status=PARTIALLY_VERIFIED (downgrade de VERIFIED) needsReview=false queued=false fields=[—]
[enrich] cnp=5270061 type=MEDICAMENTO typeConf=68% status=PARTIALLY_VERIFIED (downgrade de VERIFIED) needsReview=false queued=false fields=[—]
[enrich] cnp=5570452 type=MEDICAMENTO typeConf=68% status=PARTIALLY_VERIFIED (downgrade de VERIFIED) needsReview=false queued=false fields=[—]
[enrich] cnp=5570536 type=MEDICAMENTO typeConf=68% status=PARTIALLY_VERIFIED (downgrade de VERIFIED) needsReview=false queued=false fields=[—]
[enrich] cnp=6938191 type=MEDICAMENTO typeConf=68% status=PARTIALLY_VERIFIED (downgrade de VERIFIED) needsReview=false queued=false fields=[—]
[enrich] cnp=6938209 type=MEDICAMENTO typeConf=68% status=PARTIALLY_VERIFIED (downgrade de VERIFIED) needsReview=false queued=false fields=[—]
[enrich] cnp=6958223 type=MEDICAMENTO typeConf=75% status=PARTIALLY_VERIFIED (downgrade de VERIFIED) needsReview=false queued=false fields=[—]
[enrich] cnp=6958231 type=MEDICAMENTO typeConf=75% status=PARTIALLY_VERIFIED (downgrade de VERIFIED) needsReview=false queued=false fields=[—]
[enrich] cnp=5693189 type=MEDICAMENTO typeConf=97% status=PARTIALLY_VERIFIED (downgrade de VERIFIED) needsReview=false queued=false fields=[—]
[enrich] cnp=5102140 type=MEDICAMENTO typeConf=97% status=PARTIALLY_VERIFIED (downgrade de VERIFIED) needsReview=false queued=false fields=[—]
[enrich] cnp=5102207 type=MEDICAMENTO typeConf=97% status=PARTIALLY_VERIFIED (downgrade de VERIFIED) needsReview=false queued=false fields=[—]
[enrich] cnp=5800750 type=MEDICAMENTO typeConf=75% status=PARTIALLY_VERIFIED (downgrade de VERIFIED) needsReview=false queued=false fields=[—]
[enrich] cnp=5635644 type=MEDICAMENTO typeConf=97% status=PARTIALLY_VERIFIED (downgrade de VERIFIED) needsReview=false queued=false fields=[—]
[enrich] cnp=5637806 type=MEDICAMENTO typeConf=97% status=PARTIALLY_VERIFIED (downgrade de VERIFIED) needsReview=false queued=false fields=[—]
[enrich] cnp=5631049 type=MEDICAMENTO typeConf=97% status=PARTIALLY_VERIFIED (downgrade de VERIFIED) needsReview=false queued=false fields=[—]
[enrich] cnp=5631148 type=MEDICAMENTO typeConf=97% status=PARTIALLY_VERIFIED (downgrade de VERIFIED) needsReview=false queued=false fields=[—]
[enrich] cnp=5631155 type=MEDICAMENTO typeConf=97% status=PARTIALLY_VERIFIED (downgrade de VERIFIED) needsReview=false queued=false fields=[—]
[enrich] cnp=5635677 type=MEDICAMENTO typeConf=97% status=PARTIALLY_VERIFIED (downgrade de VERIFIED) needsReview=false queued=false fields=[—]
[enrich] cnp=5641253 type=MEDICAMENTO typeConf=97% status=PARTIALLY_VERIFIED (downgrade de VERIFIED) needsReview=false queued=false fields=[—]
[enrich] cnp=5639372 type=MEDICAMENTO typeConf=97% status=PARTIALLY_VERIFIED (downgrade de VERIFIED) needsReview=false queued=false fields=[—]
[enrich] cnp=9138222 type=MEDICAMENTO typeConf=97% status=PARTIALLY_VERIFIED (downgrade de VERIFIED) needsReview=false queued=false fields=[—]
[enrich] cnp=9138230 type=MEDICAMENTO typeConf=97% status=PARTIALLY_VERIFIED (downgrade de VERIFIED) needsReview=false queued=false fields=[—]
[enrich] cnp=3076593 type=MEDICAMENTO typeConf=97% status=PARTIALLY_VERIFIED (downgrade de VERIFIED) needsReview=false queued=false fields=[—]
[enrich] cnp=6325985 type=MEDICAMENTO typeConf=78% status=PARTIALLY_VERIFIED (downgrade de VERIFIED) needsReview=false queued=false fields=[—]
[enrich] cnp=7382655 type=MEDICAMENTO typeConf=68% status=PARTIALLY_VERIFIED (downgrade de VERIFIED) needsReview=false queued=false fields=[—]
[enrich] cnp=8630830 type=MEDICAMENTO typeConf=90% status=PARTIALLY_VERIFIED (downgrade de VERIFIED) needsReview=false queued=false fields=[—]
[enrich] cnp=8630889 type=MEDICAMENTO typeConf=90% status=PARTIALLY_VERIFIED (downgrade de VERIFIED) needsReview=false queued=false fields=[—]
[enrich] cnp=6255646 type=MEDICAMENTO typeConf=90% status=PARTIALLY_VERIFIED (downgrade de VERIFIED) needsReview=false queued=false fields=[—]
[enrich] cnp=6099630 type=MEDICAMENTO typeConf=68% status=PARTIALLY_VERIFIED (downgrade de VERIFIED) needsReview=false queued=false fields=[—]
[enrich] cnp=7253716 type=MEDICAMENTO typeConf=90% status=PARTIALLY_VERIFIED (downgrade de VERIFIED) needsReview=false queued=false fields=[—]
[enrich] cnp=5715107 type=MEDICAMENTO typeConf=90% status=PARTIALLY_VERIFIED (downgrade de VERIFIED) needsReview=false queued=false fields=[—]
[enrich] cnp=5715073 type=MEDICAMENTO typeConf=90% status=PARTIALLY_VERIFIED (downgrade de VERIFIED) needsReview=false queued=false fields=[—]
[enrich] cnp=5715065 type=MEDICAMENTO typeConf=90% status=PARTIALLY_VERIFIED (downgrade de VERIFIED) needsReview=false queued=false fields=[—]
[enrich] cnp=5715057 type=MEDICAMENTO typeConf=90% status=PARTIALLY_VERIFIED (downgrade de VERIFIED) needsReview=false queued=false fields=[—]
[enrich] cnp=5013933 type=MEDICAMENTO typeConf=68% status=PARTIALLY_VERIFIED (downgrade de VERIFIED) needsReview=false queued=false fields=[—]
[enrich] cnp=5013941 type=MEDICAMENTO typeConf=68% status=PARTIALLY_VERIFIED (downgrade de VERIFIED) needsReview=false queued=false fields=[—]
[enrich] cnp=5778980 type=MEDICAMENTO typeConf=68% status=PARTIALLY_VERIFIED (downgrade de VERIFIED) needsReview=false queued=false fields=[—]
[enrich] cnp=5779384 type=MEDICAMENTO typeConf=68% status=PARTIALLY_VERIFIED (downgrade de VERIFIED) needsReview=false queued=false fields=[—]
[enrich] cnp=5343918 type=MEDICAMENTO typeConf=68% status=PARTIALLY_VERIFIED (downgrade de VERIFIED) needsReview=false queued=false fields=[—]

— Batch 6 —
  processed=150 updated=0 unchanged=150 failed=0
  reclassN2=0 +atc=0 +dci=0 +img=0 still-outros=0
  signal: hasATC=16 hasDCI=16 hasAtcOrDci=16 hasNeither=134
  reclass por método: atc_prefix=0 atc(letra)=0 dci=0 keyword=0 outro=0

  Amostra (primeiros 10):
    1. CNP=5646237 | Omeprazol Cinfa 20 Mg 56 Cápsula Gastrorresistente
        nivel2: "Sistema Digestivo" == "Sistema Digestivo"
        ATC=— | DCI=—
        image: — → —
        image decision: skipped — nenhuma fonte devolveu valor
        outcome: unchanged (cat: image_skipped)
    2. CNP=5032495 | Omeprazol Gasec MG, 20 mg x 56 cáps gastrorresistente
        nivel2: "Sistema Digestivo" == "Sistema Digestivo"
        ATC=— | DCI=—
        image: — → —
        image decision: skipped — nenhuma fonte devolveu valor
        outcome: unchanged (cat: image_skipped)
    3. CNP=5543988 | Omeprazol Generis, 10 mg x 56 cáps gastrorresistente
        nivel2: "Sistema Digestivo" == "Sistema Digestivo"
        ATC=— | DCI=—
        image: — → —
        image decision: skipped — nenhuma fonte devolveu valor
        outcome: unchanged (cat: image_skipped)
    4. CNP=5406285 | Omeprazol Generis, 40 mg x 14 cáps gastrorresistente
        nivel2: "Sistema Digestivo" == "Sistema Digestivo"
        ATC=— | DCI=—
        image: — → —
        image decision: skipped — nenhuma fonte devolveu valor
        outcome: unchanged (cat: image_skipped)
    5. CNP=5114822 | Omeprazol Genkern MG, 20 mg x 14 cáps gastrorresistente
        nivel2: "Sistema Digestivo" == "Sistema Digestivo"
        ATC=— | DCI=—
        image: — → —
        image decision: skipped — nenhuma fonte devolveu valor
        outcome: unchanged (cat: image_skipped)
    6. CNP=5114855 | Omeprazol Genkern MG, 20 mg x 56 cáps gastrorresistente
        nivel2: "Sistema Digestivo" == "Sistema Digestivo"
        ATC=— | DCI=—
        image: — → —
        image decision: skipped — nenhuma fonte devolveu valor
        outcome: unchanged (cat: image_skipped)
    7. CNP=4821690 | Omeprazol gp MG, 20 mg x 56 cáps gastrorresistente
        nivel2: "Sistema Digestivo" == "Sistema Digestivo"
        ATC=— | DCI=—
        image: — → —
        image decision: skipped — nenhuma fonte devolveu valor
        outcome: unchanged (cat: image_skipped)
    8. CNP=5183900 | Omeprazol gp MG, 40 mg x 14 cáps gastrorresistente
        nivel2: "Sistema Digestivo" == "Sistema Digestivo"
        ATC=— | DCI=—
        image: — → —
        image decision: skipped — nenhuma fonte devolveu valor
        outcome: unchanged (cat: image_skipped)
    9. CNP=5183926 | Omeprazol gp MG, 40 mg x 56 cáps gastrorresistente
        nivel2: "Sistema Digestivo" == "Sistema Digestivo"
        ATC=— | DCI=—
        image: — → —
        image decision: skipped — nenhuma fonte devolveu valor
        outcome: unchanged (cat: image_skipped)
   10. CNP=5283072 | Omeprazol Krka MG, 20 mg x 56 cáps gastrorresistente
        nivel2: "Sistema Digestivo" == "Sistema Digestivo"
        ATC=— | DCI=—
        image: — → —
        image decision: skipped — nenhuma fonte devolveu valor
        outcome: unchanged (cat: image_skipped)
  progresso: 900/1321 (~421 restantes neste pass)
[enrich] cnp=5886130 type=MEDICAMENTO typeConf=68% status=PARTIALLY_VERIFIED (downgrade de VERIFIED) needsReview=false queued=false fields=[—]
[enrich] cnp=5886171 type=MEDICAMENTO typeConf=68% status=PARTIALLY_VERIFIED (downgrade de VERIFIED) needsReview=false queued=false fields=[—]
[enrich] cnp=5886155 type=MEDICAMENTO typeConf=68% status=PARTIALLY_VERIFIED (downgrade de VERIFIED) needsReview=false queued=false fields=[—]
[enrich] cnp=5886163 type=MEDICAMENTO typeConf=68% status=PARTIALLY_VERIFIED (downgrade de VERIFIED) needsReview=false queued=false fields=[—]
[enrich] cnp=4974283 type=MEDICAMENTO typeConf=68% status=PARTIALLY_VERIFIED (downgrade de VERIFIED) needsReview=false queued=false fields=[—]
[enrich] cnp=4971586 type=MEDICAMENTO typeConf=68% status=PARTIALLY_VERIFIED (downgrade de VERIFIED) needsReview=false queued=false fields=[—]
[enrich] cnp=4972188 type=MEDICAMENTO typeConf=68% status=PARTIALLY_VERIFIED (downgrade de VERIFIED) needsReview=false queued=false fields=[—]
[enrich] cnp=5694120 type=MEDICAMENTO typeConf=68% status=PARTIALLY_VERIFIED (downgrade de VERIFIED) needsReview=false queued=false fields=[—]
[enrich] cnp=5121066 type=MEDICAMENTO typeConf=68% status=PARTIALLY_VERIFIED (downgrade de VERIFIED) needsReview=false queued=false fields=[—]
[enrich] cnp=5939483 type=MEDICAMENTO typeConf=90% status=PARTIALLY_VERIFIED (downgrade de VERIFIED) needsReview=false queued=false fields=[—]
[enrich] cnp=4887691 type=MEDICAMENTO typeConf=68% status=PARTIALLY_VERIFIED (downgrade de VERIFIED) needsReview=false queued=false fields=[—]
[enrich] cnp=4887295 type=MEDICAMENTO typeConf=68% status=PARTIALLY_VERIFIED (downgrade de VERIFIED) needsReview=false queued=false fields=[—]
[enrich] cnp=5337035 type=MEDICAMENTO typeConf=68% status=PARTIALLY_VERIFIED (downgrade de VERIFIED) needsReview=false queued=false fields=[—]
[enrich] cnp=5337068 type=MEDICAMENTO typeConf=68% status=PARTIALLY_VERIFIED (downgrade de VERIFIED) needsReview=false queued=false fields=[—]
[enrich] cnp=5337332 type=MEDICAMENTO typeConf=68% status=PARTIALLY_VERIFIED (downgrade de VERIFIED) needsReview=false queued=false fields=[—]
[enrich] cnp=5337159 type=MEDICAMENTO typeConf=68% status=PARTIALLY_VERIFIED (downgrade de VERIFIED) needsReview=false queued=false fields=[—]
[enrich] cnp=5337241 type=MEDICAMENTO typeConf=68% status=PARTIALLY_VERIFIED (downgrade de VERIFIED) needsReview=false queued=false fields=[—]
[enrich] cnp=5154588 type=MEDICAMENTO typeConf=68% status=PARTIALLY_VERIFIED (downgrade de VERIFIED) needsReview=false queued=false fields=[—]
[enrich] cnp=5154786 type=MEDICAMENTO typeConf=68% status=PARTIALLY_VERIFIED (downgrade de VERIFIED) needsReview=false queued=false fields=[—]
[enrich] cnp=5885264 type=MEDICAMENTO typeConf=90% status=PARTIALLY_VERIFIED (downgrade de VERIFIED) needsReview=false queued=false fields=[—]
[enrich] cnp=5885322 type=MEDICAMENTO typeConf=90% status=PARTIALLY_VERIFIED (downgrade de VERIFIED) needsReview=false queued=false fields=[—]
[enrich] cnp=5885363 type=MEDICAMENTO typeConf=90% status=PARTIALLY_VERIFIED (downgrade de VERIFIED) needsReview=false queued=false fields=[—]
[enrich] cnp=4867081 type=MEDICAMENTO typeConf=68% status=PARTIALLY_VERIFIED (downgrade de VERIFIED) needsReview=false queued=false fields=[—]
[enrich] cnp=4868881 type=MEDICAMENTO typeConf=68% status=PARTIALLY_VERIFIED (downgrade de VERIFIED) needsReview=false queued=false fields=[—]
[enrich] cnp=4867685 type=MEDICAMENTO typeConf=68% status=PARTIALLY_VERIFIED (downgrade de VERIFIED) needsReview=false queued=false fields=[—]
[enrich] cnp=4868287 type=MEDICAMENTO typeConf=68% status=PARTIALLY_VERIFIED (downgrade de VERIFIED) needsReview=false queued=false fields=[—]
[enrich] cnp=5666987 type=MEDICAMENTO typeConf=68% status=PARTIALLY_VERIFIED (downgrade de VERIFIED) needsReview=false queued=false fields=[—]
[enrich] cnp=5667381 type=MEDICAMENTO typeConf=68% status=PARTIALLY_VERIFIED (downgrade de VERIFIED) needsReview=false queued=false fields=[—]
[enrich] cnp=5076740 type=MEDICAMENTO typeConf=90% status=PARTIALLY_VERIFIED (downgrade de VERIFIED) needsReview=false queued=false fields=[—]
[enrich] cnp=5077128 type=MEDICAMENTO typeConf=90% status=PARTIALLY_VERIFIED (downgrade de VERIFIED) needsReview=false queued=false fields=[—]
[enrich] cnp=5076864 type=MEDICAMENTO typeConf=90% status=PARTIALLY_VERIFIED (downgrade de VERIFIED) needsReview=false queued=false fields=[—]
[enrich] cnp=5077003 type=MEDICAMENTO typeConf=90% status=PARTIALLY_VERIFIED (downgrade de VERIFIED) needsReview=false queued=false fields=[—]
[enrich] cnp=4560793 type=MEDICAMENTO typeConf=97% status=PARTIALLY_VERIFIED (downgrade de VERIFIED) needsReview=false queued=false fields=[—]
[enrich] cnp=5732516 type=MEDICAMENTO typeConf=97% status=PARTIALLY_VERIFIED (downgrade de VERIFIED) needsReview=false queued=false fields=[—]
[enrich] cnp=7525816 type=MEDICAMENTO typeConf=75% status=PARTIALLY_VERIFIED (downgrade de VERIFIED) needsReview=false queued=false fields=[—]
[enrich] cnp=8259614 type=MEDICAMENTO typeConf=68% status=PARTIALLY_VERIFIED (downgrade de VERIFIED) needsReview=false queued=false fields=[—]
[enrich] cnp=8259606 type=MEDICAMENTO typeConf=68% status=PARTIALLY_VERIFIED (downgrade de VERIFIED) needsReview=false queued=false fields=[—]
[enrich] cnp=8259622 type=MEDICAMENTO typeConf=68% status=PARTIALLY_VERIFIED (downgrade de VERIFIED) needsReview=false queued=false fields=[—]
[enrich] cnp=7987180 type=MEDICAMENTO typeConf=68% status=PARTIALLY_VERIFIED (downgrade de VERIFIED) needsReview=false queued=false fields=[—]
[enrich] cnp=7399501 type=MEDICAMENTO typeConf=68% status=PARTIALLY_VERIFIED (downgrade de VERIFIED) needsReview=false queued=false fields=[—]
[enrich] cnp=7987198 type=MEDICAMENTO typeConf=68% status=PARTIALLY_VERIFIED (downgrade de VERIFIED) needsReview=false queued=false fields=[—]
[enrich] cnp=6208108 type=MEDICAMENTO typeConf=65% status=PARTIALLY_VERIFIED (downgrade de VERIFIED) needsReview=false queued=false fields=[—]
[enrich] cnp=5558630 type=MEDICAMENTO typeConf=97% status=PARTIALLY_VERIFIED (downgrade de VERIFIED) needsReview=false queued=false fields=[—]
[enrich] cnp=5729637 type=MEDICAMENTO typeConf=97% status=PARTIALLY_VERIFIED (downgrade de VERIFIED) needsReview=false queued=false fields=[—]
[enrich] cnp=5729900 type=MEDICAMENTO typeConf=97% status=PARTIALLY_VERIFIED (downgrade de VERIFIED) needsReview=false queued=false fields=[—]
[enrich] cnp=5462049 type=MEDICAMENTO typeConf=97% status=PARTIALLY_VERIFIED (downgrade de VERIFIED) needsReview=false queued=false fields=[—]
[enrich] cnp=8414409 type=MEDICAMENTO typeConf=97% status=PARTIALLY_VERIFIED (downgrade de VERIFIED) needsReview=false queued=false fields=[—]
[enrich] cnp=8414425 type=MEDICAMENTO typeConf=97% status=PARTIALLY_VERIFIED (downgrade de VERIFIED) needsReview=false queued=false fields=[—]
[enrich] cnp=6948257 type=MEDICAMENTO typeConf=68% status=PARTIALLY_VERIFIED (downgrade de VERIFIED) needsReview=false queued=false fields=[—]
[enrich] cnp=6948240 type=MEDICAMENTO typeConf=68% status=PARTIALLY_VERIFIED (downgrade de VERIFIED) needsReview=false queued=false fields=[—]
[enrich] cnp=5825401 type=MEDICAMENTO typeConf=90% status=PARTIALLY_VERIFIED (downgrade de VERIFIED) needsReview=false queued=false fields=[—]
[enrich] cnp=4863684 type=MEDICAMENTO typeConf=97% status=PARTIALLY_VERIFIED (downgrade de VERIFIED) needsReview=false queued=false fields=[—]
[enrich] cnp=4864187 type=MEDICAMENTO typeConf=97% status=PARTIALLY_VERIFIED (downgrade de VERIFIED) needsReview=false queued=false fields=[—]
[enrich] cnp=4917688 type=MEDICAMENTO typeConf=90% status=PARTIALLY_VERIFIED (downgrade de VERIFIED) needsReview=false queued=false fields=[—]
[enrich] cnp=4917589 type=MEDICAMENTO typeConf=90% status=PARTIALLY_VERIFIED (downgrade de VERIFIED) needsReview=false queued=false fields=[—]
[enrich] cnp=5191762 type=MEDICAMENTO typeConf=68% status=PARTIALLY_VERIFIED (downgrade de VERIFIED) needsReview=false queued=false fields=[—]
[enrich] cnp=5594619 type=MEDICAMENTO typeConf=97% status=PARTIALLY_VERIFIED (downgrade de VERIFIED) needsReview=false queued=false fields=[—]
[enrich] cnp=6638163 type=MEDICAMENTO typeConf=65% status=PARTIALLY_VERIFIED (downgrade de VERIFIED) needsReview=false queued=false fields=[—]
[enrich] cnp=6772715 type=MEDICAMENTO typeConf=65% status=PARTIALLY_VERIFIED (downgrade de VERIFIED) needsReview=false queued=false fields=[—]
[enrich] cnp=5670823 type=MEDICAMENTO typeConf=65% status=PARTIALLY_VERIFIED (downgrade de VERIFIED) needsReview=false queued=false fields=[—]
[enrich] cnp=5890736 type=MEDICAMENTO typeConf=90% status=PARTIALLY_VERIFIED (downgrade de VERIFIED) needsReview=false queued=false fields=[—]
[enrich] cnp=6123232 type=MEDICAMENTO typeConf=68% status=PARTIALLY_VERIFIED (downgrade de VERIFIED) needsReview=false queued=false fields=[—]
[enrich] cnp=3512787 type=MEDICAMENTO typeConf=90% status=PARTIALLY_VERIFIED (downgrade de VERIFIED) needsReview=false queued=false fields=[—]
[enrich] cnp=3512886 type=MEDICAMENTO typeConf=90% status=PARTIALLY_VERIFIED (downgrade de VERIFIED) needsReview=false queued=false fields=[—]
[enrich] cnp=3512688 type=MEDICAMENTO typeConf=90% status=PARTIALLY_VERIFIED (downgrade de VERIFIED) needsReview=false queued=false fields=[—]
[enrich] cnp=8786459 type=MEDICAMENTO typeConf=90% status=PARTIALLY_VERIFIED (downgrade de VERIFIED) needsReview=false queued=false fields=[—]
[enrich] cnp=4896486 type=MEDICAMENTO typeConf=68% status=PARTIALLY_VERIFIED (downgrade de VERIFIED) needsReview=false queued=false fields=[—]
[enrich] cnp=4896288 type=MEDICAMENTO typeConf=68% status=PARTIALLY_VERIFIED (downgrade de VERIFIED) needsReview=false queued=false fields=[—]
[enrich] cnp=5308093 type=MEDICAMENTO typeConf=68% status=PARTIALLY_VERIFIED (downgrade de VERIFIED) needsReview=false queued=false fields=[—]
[enrich] cnp=5031943 type=MEDICAMENTO typeConf=68% status=PARTIALLY_VERIFIED (downgrade de VERIFIED) needsReview=false queued=false fields=[—]
[enrich] cnp=5031729 type=MEDICAMENTO typeConf=68% status=PARTIALLY_VERIFIED (downgrade de VERIFIED) needsReview=false queued=false fields=[—]
[enrich] cnp=5005764 type=MEDICAMENTO typeConf=68% status=PARTIALLY_VERIFIED (downgrade de VERIFIED) needsReview=false queued=false fields=[—]
[enrich] cnp=5624812 type=MEDICAMENTO typeConf=68% status=PARTIALLY_VERIFIED (downgrade de VERIFIED) needsReview=false queued=false fields=[—]
[enrich] cnp=5613989 type=MEDICAMENTO typeConf=90% status=PARTIALLY_VERIFIED (downgrade de VERIFIED) needsReview=false queued=false fields=[—]
[enrich] cnp=5996087 type=MEDICAMENTO typeConf=90% status=PARTIALLY_VERIFIED (downgrade de VERIFIED) needsReview=false queued=false fields=[—]
[enrich] cnp=5307491 type=MEDICAMENTO typeConf=90% status=PARTIALLY_VERIFIED (downgrade de VERIFIED) needsReview=false queued=false fields=[—]
[enrich] cnp=5306899 type=MEDICAMENTO typeConf=90% status=PARTIALLY_VERIFIED (downgrade de VERIFIED) needsReview=false queued=false fields=[—]
[enrich] cnp=5351580 type=MEDICAMENTO typeConf=90% status=PARTIALLY_VERIFIED (downgrade de VERIFIED) needsReview=false queued=false fields=[—]
[enrich] cnp=5740824 type=MEDICAMENTO typeConf=68% status=PARTIALLY_VERIFIED (downgrade de VERIFIED) needsReview=false queued=false fields=[—]
[enrich] cnp=4884888 type=MEDICAMENTO typeConf=90% status=PARTIALLY_VERIFIED (downgrade de VERIFIED) needsReview=false queued=false fields=[—]
[enrich] cnp=5368469 type=MEDICAMENTO typeConf=68% status=PARTIALLY_VERIFIED (downgrade de VERIFIED) needsReview=false queued=false fields=[—]
[enrich] cnp=5368741 type=MEDICAMENTO typeConf=68% status=PARTIALLY_VERIFIED (downgrade de VERIFIED) needsReview=false queued=false fields=[—]
[enrich] cnp=5386180 type=MEDICAMENTO typeConf=68% status=PARTIALLY_VERIFIED (downgrade de VERIFIED) needsReview=false queued=false fields=[—]
[enrich] cnp=5383781 type=MEDICAMENTO typeConf=68% status=PARTIALLY_VERIFIED (downgrade de VERIFIED) needsReview=false queued=false fields=[—]
[enrich] cnp=5416284 type=MEDICAMENTO typeConf=90% status=PARTIALLY_VERIFIED (downgrade de VERIFIED) needsReview=false queued=false fields=[—]
[enrich] cnp=5415989 type=MEDICAMENTO typeConf=90% status=PARTIALLY_VERIFIED (downgrade de VERIFIED) needsReview=false queued=false fields=[—]
[enrich] cnp=5612585 type=MEDICAMENTO typeConf=68% status=PARTIALLY_VERIFIED (downgrade de VERIFIED) needsReview=false queued=false fields=[—]
[enrich] cnp=5612288 type=MEDICAMENTO typeConf=90% status=PARTIALLY_VERIFIED (downgrade de VERIFIED) needsReview=false queued=false fields=[—]
[enrich] cnp=5247184 type=MEDICAMENTO typeConf=68% status=PARTIALLY_VERIFIED (downgrade de VERIFIED) needsReview=false queued=false fields=[—]
[enrich] cnp=5306295 type=MEDICAMENTO typeConf=90% status=PARTIALLY_VERIFIED (downgrade de VERIFIED) needsReview=false queued=false fields=[—]
[enrich] cnp=5305693 type=MEDICAMENTO typeConf=90% status=PARTIALLY_VERIFIED (downgrade de VERIFIED) needsReview=false queued=false fields=[—]
[enrich] cnp=5067608 type=MEDICAMENTO typeConf=90% status=PARTIALLY_VERIFIED (downgrade de VERIFIED) needsReview=false queued=false fields=[—]
[enrich] cnp=5979885 type=MEDICAMENTO typeConf=90% status=PARTIALLY_VERIFIED (downgrade de VERIFIED) needsReview=false queued=false fields=[—]
[enrich] cnp=5036025 type=MEDICAMENTO typeConf=68% status=PARTIALLY_VERIFIED (downgrade de VERIFIED) needsReview=false queued=false fields=[—]
[enrich] cnp=5035977 type=MEDICAMENTO typeConf=68% status=PARTIALLY_VERIFIED (downgrade de VERIFIED) needsReview=false queued=false fields=[—]
[enrich] cnp=4741989 type=MEDICAMENTO typeConf=68% status=PARTIALLY_VERIFIED (downgrade de VERIFIED) needsReview=false queued=false fields=[—]
[enrich] cnp=4740783 type=MEDICAMENTO typeConf=68% status=PARTIALLY_VERIFIED (downgrade de VERIFIED) needsReview=false queued=false fields=[—]
[enrich] cnp=5776265 type=MEDICAMENTO typeConf=97% status=PARTIALLY_VERIFIED (downgrade de VERIFIED) needsReview=false queued=false fields=[—]
[enrich] cnp=5769138 type=MEDICAMENTO typeConf=97% status=PARTIALLY_VERIFIED (downgrade de VERIFIED) needsReview=false queued=false fields=[—]
[enrich] cnp=5769146 type=MEDICAMENTO typeConf=97% status=PARTIALLY_VERIFIED (downgrade de VERIFIED) needsReview=false queued=false fields=[—]
[enrich] cnp=5769336 type=MEDICAMENTO typeConf=97% status=PARTIALLY_VERIFIED (downgrade de VERIFIED) needsReview=false queued=false fields=[—]
[enrich] cnp=5267406 type=MEDICAMENTO typeConf=97% status=PARTIALLY_VERIFIED (downgrade de VERIFIED) needsReview=false queued=false fields=[—]
[enrich] cnp=8372532 type=MEDICAMENTO typeConf=97% status=PARTIALLY_VERIFIED (downgrade de VERIFIED) needsReview=false queued=false fields=[—]
[enrich] cnp=8372557 type=MEDICAMENTO typeConf=97% status=PARTIALLY_VERIFIED (downgrade de VERIFIED) needsReview=false queued=false fields=[—]
[enrich] cnp=5762729 type=MEDICAMENTO typeConf=68% status=PARTIALLY_VERIFIED (downgrade de VERIFIED) needsReview=false queued=false fields=[—]
[enrich] cnp=5762745 type=MEDICAMENTO typeConf=68% status=PARTIALLY_VERIFIED (downgrade de VERIFIED) needsReview=false queued=false fields=[—]
[enrich] cnp=5762760 type=MEDICAMENTO typeConf=68% status=PARTIALLY_VERIFIED (downgrade de VERIFIED) needsReview=false queued=false fields=[—]
[enrich] cnp=5762661 type=MEDICAMENTO typeConf=68% status=PARTIALLY_VERIFIED (downgrade de VERIFIED) needsReview=false queued=false fields=[—]
[enrich] cnp=5711858 type=MEDICAMENTO typeConf=68% status=PARTIALLY_VERIFIED (downgrade de VERIFIED) needsReview=false queued=false fields=[—]
[enrich] cnp=5711841 type=MEDICAMENTO typeConf=68% status=PARTIALLY_VERIFIED (downgrade de VERIFIED) needsReview=false queued=false fields=[—]
[enrich] cnp=5711866 type=MEDICAMENTO typeConf=68% status=PARTIALLY_VERIFIED (downgrade de VERIFIED) needsReview=false queued=false fields=[—]
[enrich] cnp=5756101 type=MEDICAMENTO typeConf=68% status=PARTIALLY_VERIFIED (downgrade de VERIFIED) needsReview=false queued=false fields=[—]
[enrich] cnp=5800586 type=MEDICAMENTO typeConf=68% status=PARTIALLY_VERIFIED (downgrade de VERIFIED) needsReview=false queued=false fields=[—]
[enrich] cnp=4012381 type=MEDICAMENTO typeConf=68% status=PARTIALLY_VERIFIED (downgrade de VERIFIED) needsReview=false queued=false fields=[—]
[enrich] cnp=4781381 type=MEDICAMENTO typeConf=68% status=PARTIALLY_VERIFIED (downgrade de VERIFIED) needsReview=false queued=false fields=[—]
[enrich] cnp=5338538 type=MEDICAMENTO typeConf=68% status=PARTIALLY_VERIFIED (downgrade de VERIFIED) needsReview=false queued=false fields=[—]
[enrich] cnp=5338561 type=MEDICAMENTO typeConf=68% status=PARTIALLY_VERIFIED (downgrade de VERIFIED) needsReview=false queued=false fields=[—]
[enrich] cnp=5338611 type=MEDICAMENTO typeConf=68% status=PARTIALLY_VERIFIED (downgrade de VERIFIED) needsReview=false queued=false fields=[—]
[enrich] cnp=5731864 type=MEDICAMENTO typeConf=68% status=PARTIALLY_VERIFIED (downgrade de VERIFIED) needsReview=false queued=false fields=[—]
[enrich] cnp=4900080 type=MEDICAMENTO typeConf=68% status=PARTIALLY_VERIFIED (downgrade de VERIFIED) needsReview=false queued=false fields=[—]
[enrich] cnp=4900981 type=MEDICAMENTO typeConf=68% status=PARTIALLY_VERIFIED (downgrade de VERIFIED) needsReview=false queued=false fields=[—]
[enrich] cnp=4901880 type=MEDICAMENTO typeConf=68% status=PARTIALLY_VERIFIED (downgrade de VERIFIED) needsReview=false queued=false fields=[—]
[enrich] cnp=5472287 type=MEDICAMENTO typeConf=68% status=PARTIALLY_VERIFIED (downgrade de VERIFIED) needsReview=false queued=false fields=[—]
[enrich] cnp=4207494 type=MEDICAMENTO typeConf=68% status=PARTIALLY_VERIFIED (downgrade de VERIFIED) needsReview=false queued=false fields=[—]
[enrich] cnp=5740873 type=MEDICAMENTO typeConf=68% status=PARTIALLY_VERIFIED (downgrade de VERIFIED) needsReview=false queued=false fields=[—]
[enrich] cnp=5740907 type=MEDICAMENTO typeConf=68% status=PARTIALLY_VERIFIED (downgrade de VERIFIED) needsReview=false queued=false fields=[—]
[enrich] cnp=4157186 type=MEDICAMENTO typeConf=68% status=PARTIALLY_VERIFIED (downgrade de VERIFIED) needsReview=false queued=false fields=[—]
[enrich] cnp=4157681 type=MEDICAMENTO typeConf=68% status=PARTIALLY_VERIFIED (downgrade de VERIFIED) needsReview=false queued=false fields=[—]
[enrich] cnp=3603396 type=MEDICAMENTO typeConf=68% status=PARTIALLY_VERIFIED (downgrade de VERIFIED) needsReview=false queued=false fields=[—]
[enrich] cnp=5813910 type=MEDICAMENTO typeConf=68% status=PARTIALLY_VERIFIED (downgrade de VERIFIED) needsReview=false queued=false fields=[—]
[enrich] cnp=4961884 type=MEDICAMENTO typeConf=68% status=PARTIALLY_VERIFIED (downgrade de VERIFIED) needsReview=false queued=false fields=[—]
[enrich] cnp=4962080 type=MEDICAMENTO typeConf=68% status=PARTIALLY_VERIFIED (downgrade de VERIFIED) needsReview=false queued=false fields=[—]
[enrich] cnp=5402102 type=MEDICAMENTO typeConf=68% status=PARTIALLY_VERIFIED (downgrade de VERIFIED) needsReview=false queued=false fields=[—]
[enrich] cnp=4043584 type=MEDICAMENTO typeConf=68% status=PARTIALLY_VERIFIED (downgrade de VERIFIED) needsReview=false queued=false fields=[—]
[enrich] cnp=4046488 type=MEDICAMENTO typeConf=68% status=PARTIALLY_VERIFIED (downgrade de VERIFIED) needsReview=false queued=false fields=[—]
[enrich] cnp=5999487 type=MEDICAMENTO typeConf=68% status=PARTIALLY_VERIFIED (downgrade de VERIFIED) needsReview=false queued=false fields=[—]
[enrich] cnp=5999586 type=MEDICAMENTO typeConf=68% status=PARTIALLY_VERIFIED (downgrade de VERIFIED) needsReview=false queued=false fields=[—]
[enrich] cnp=4477089 type=MEDICAMENTO typeConf=68% status=PARTIALLY_VERIFIED (downgrade de VERIFIED) needsReview=false queued=false fields=[—]
[enrich] cnp=4480885 type=MEDICAMENTO typeConf=68% status=PARTIALLY_VERIFIED (downgrade de VERIFIED) needsReview=false queued=false fields=[—]
[enrich] cnp=4207395 type=MEDICAMENTO typeConf=68% status=PARTIALLY_VERIFIED (downgrade de VERIFIED) needsReview=false queued=false fields=[—]
[enrich] cnp=5077490 type=MEDICAMENTO typeConf=68% status=PARTIALLY_VERIFIED (downgrade de VERIFIED) needsReview=false queued=false fields=[—]
[enrich] cnp=5071501 type=MEDICAMENTO typeConf=68% status=PARTIALLY_VERIFIED (downgrade de VERIFIED) needsReview=false queued=false fields=[—]
[enrich] cnp=4028882 type=MEDICAMENTO typeConf=68% status=PARTIALLY_VERIFIED (downgrade de VERIFIED) needsReview=false queued=false fields=[—]
[enrich] cnp=4028486 type=MEDICAMENTO typeConf=68% status=PARTIALLY_VERIFIED (downgrade de VERIFIED) needsReview=false queued=false fields=[—]
[enrich] cnp=5472196 type=MEDICAMENTO typeConf=90% status=PARTIALLY_VERIFIED (downgrade de VERIFIED) needsReview=false queued=false fields=[—]
[enrich] cnp=3117595 type=MEDICAMENTO typeConf=68% status=PARTIALLY_VERIFIED (downgrade de VERIFIED) needsReview=false queued=false fields=[—]
[enrich] cnp=5834965 type=MEDICAMENTO typeConf=68% status=PARTIALLY_VERIFIED needsReview=false queued=false fields=[—]
[enrich] cnp=5834957 type=MEDICAMENTO typeConf=68% status=PARTIALLY_VERIFIED needsReview=false queued=false fields=[—]
[enrich] cnp=5749734 type=MEDICAMENTO typeConf=68% status=PARTIALLY_VERIFIED (downgrade de VERIFIED) needsReview=false queued=false fields=[—]
[enrich] cnp=5872528 type=MEDICAMENTO typeConf=68% status=PARTIALLY_VERIFIED (downgrade de VERIFIED) needsReview=false queued=false fields=[—]

— Batch 7 —
  processed=150 updated=0 unchanged=150 failed=0
  reclassN2=0 +atc=0 +dci=0 +img=0 still-outros=0
  signal: hasATC=18 hasDCI=18 hasAtcOrDci=18 hasNeither=132
  reclass por método: atc_prefix=0 atc(letra)=0 dci=0 keyword=0 outro=0

  Amostra (primeiros 10):
    1. CNP=5886130 | Ramipril Alter 1.25 Mg 56 Comp.
        nivel2: "Cardiovascular" == "Cardiovascular"
        ATC=— | DCI=—
        image: — → —
        image decision: skipped — nenhuma fonte devolveu valor
        outcome: unchanged (cat: image_skipped)
    2. CNP=5886171 | Ramipril Alter 10 Mg 56 Comp.
        nivel2: "Cardiovascular" == "Cardiovascular"
        ATC=— | DCI=—
        image: — → —
        image decision: skipped — nenhuma fonte devolveu valor
        outcome: unchanged (cat: image_skipped)
    3. CNP=5886155 | Ramipril Alter 2.5 Mg 56 Comp.
        nivel2: "Cardiovascular" == "Cardiovascular"
        ATC=— | DCI=—
        image: — → —
        image decision: skipped — nenhuma fonte devolveu valor
        outcome: unchanged (cat: image_skipped)
    4. CNP=5886163 | Ramipril Alter 5 Mg 56 Comp.
        nivel2: "Cardiovascular" == "Cardiovascular"
        ATC=— | DCI=—
        image: — → —
        image decision: skipped — nenhuma fonte devolveu valor
        outcome: unchanged (cat: image_skipped)
    5. CNP=4974283 | Ramipril Alter MG, 10 mg x 56 cáps
        nivel2: "Cardiovascular" == "Cardiovascular"
        ATC=— | DCI=—
        image: — → —
        image decision: skipped — nenhuma fonte devolveu valor
        outcome: unchanged (cat: image_skipped)
    6. CNP=4971586 | Ramipril Alter MG, 2,5 mg x 56 cáps
        nivel2: "Cardiovascular" == "Cardiovascular"
        ATC=— | DCI=—
        image: — → —
        image decision: skipped — nenhuma fonte devolveu valor
        outcome: unchanged (cat: image_skipped)
    7. CNP=4972188 | Ramipril Alter MG, 5 mg x 56 cáps
        nivel2: "Cardiovascular" == "Cardiovascular"
        ATC=— | DCI=—
        image: — → —
        image decision: skipped — nenhuma fonte devolveu valor
        outcome: unchanged (cat: image_skipped)
    8. CNP=5694120 | Ramipril Aurovitas 5 Mg 56 Comp.
        nivel2: "Cardiovascular" == "Cardiovascular"
        ATC=— | DCI=—
        image: — → —
        image decision: skipped — nenhuma fonte devolveu valor
        outcome: unchanged (cat: image_skipped)
    9. CNP=5121066 | Ramipril Bluepharma 2.5 Mg 60 Comp.
        nivel2: "Cardiovascular" == "Cardiovascular"
        ATC=— | DCI=—
        image: — → —
        image decision: skipped — nenhuma fonte devolveu valor
        outcome: unchanged (cat: image_skipped)
   10. CNP=5939483 | Ramipril Farmoz 1.25 Mg 28 Cápsula
        nivel2: "Cardiovascular" == "Cardiovascular"
        ATC=— | DCI=—
        image: — → —
        image decision: skipped — nenhuma fonte devolveu valor
        outcome: unchanged (cat: image_skipped)
  progresso: 1050/1321 (~271 restantes neste pass)
[enrich] cnp=5768007 type=MEDICAMENTO typeConf=68% status=PARTIALLY_VERIFIED (downgrade de VERIFIED) needsReview=false queued=false fields=[—]
[enrich] cnp=5806369 type=MEDICAMENTO typeConf=68% status=PARTIALLY_VERIFIED (downgrade de VERIFIED) needsReview=false queued=false fields=[—]
[enrich] cnp=5806344 type=MEDICAMENTO typeConf=68% status=PARTIALLY_VERIFIED (downgrade de VERIFIED) needsReview=false queued=false fields=[—]
[enrich] cnp=5817515 type=MEDICAMENTO typeConf=68% status=PARTIALLY_VERIFIED (downgrade de VERIFIED) needsReview=false queued=false fields=[—]
[enrich] cnp=5819370 type=MEDICAMENTO typeConf=68% status=PARTIALLY_VERIFIED (downgrade de VERIFIED) needsReview=false queued=false fields=[—]
[enrich] cnp=5819313 type=MEDICAMENTO typeConf=68% status=PARTIALLY_VERIFIED (downgrade de VERIFIED) needsReview=false queued=false fields=[—]
[enrich] cnp=5819347 type=MEDICAMENTO typeConf=68% status=PARTIALLY_VERIFIED (downgrade de VERIFIED) needsReview=false queued=false fields=[—]
[enrich] cnp=7532341 type=MEDICAMENTO typeConf=75% status=PARTIALLY_VERIFIED (downgrade de VERIFIED) needsReview=false queued=false fields=[—]
[enrich] cnp=9613406 type=MEDICAMENTO typeConf=97% status=PARTIALLY_VERIFIED (downgrade de VERIFIED) needsReview=false queued=false fields=[—]
[enrich] cnp=5851720 type=MEDICAMENTO typeConf=68% status=PARTIALLY_VERIFIED (downgrade de VERIFIED) needsReview=false queued=false fields=[—]
[enrich] cnp=5834726 type=MEDICAMENTO typeConf=68% status=PARTIALLY_VERIFIED (downgrade de VERIFIED) needsReview=false queued=false fields=[—]
[enrich] cnp=5829825 type=MEDICAMENTO typeConf=68% status=PARTIALLY_VERIFIED (downgrade de VERIFIED) needsReview=false queued=false fields=[—]
[enrich] cnp=5855127 type=MEDICAMENTO typeConf=68% status=PARTIALLY_VERIFIED (downgrade de VERIFIED) needsReview=false queued=false fields=[—]
[enrich] cnp=5161518 type=MEDICAMENTO typeConf=97% status=PARTIALLY_VERIFIED (downgrade de VERIFIED) needsReview=false queued=false fields=[—]
[enrich] cnp=5767314 type=MEDICAMENTO typeConf=68% status=PARTIALLY_VERIFIED (downgrade de VERIFIED) needsReview=false queued=false fields=[—]
[enrich] cnp=7124974 type=MEDICAMENTO typeConf=75% status=PARTIALLY_VERIFIED (downgrade de VERIFIED) needsReview=false queued=false fields=[—]
[enrich] cnp=5672993 type=MEDICAMENTO typeConf=97% status=PARTIALLY_VERIFIED (downgrade de VERIFIED) needsReview=false queued=false fields=[—]
[enrich] cnp=9250126 type=MEDICAMENTO typeConf=97% status=PARTIALLY_VERIFIED (downgrade de VERIFIED) needsReview=false queued=false fields=[—]
[enrich] cnp=6977421 type=MEDICAMENTO typeConf=68% status=PARTIALLY_VERIFIED (downgrade de VERIFIED) needsReview=false queued=false fields=[—]
[enrich] cnp=3856697 type=MEDICAMENTO typeConf=90% status=PARTIALLY_VERIFIED (downgrade de VERIFIED) needsReview=false queued=false fields=[—]
[enrich] cnp=6316513 type=MEDICAMENTO typeConf=95% status=PARTIALLY_VERIFIED (downgrade de VERIFIED) needsReview=false queued=false fields=[—]
[enrich] cnp=3514080 type=MEDICAMENTO typeConf=90% status=PARTIALLY_VERIFIED (downgrade de VERIFIED) needsReview=false queued=false fields=[—]
[enrich] cnp=4073680 type=MEDICAMENTO typeConf=90% status=PARTIALLY_VERIFIED (downgrade de VERIFIED) needsReview=false queued=false fields=[—]
[enrich] cnp=3515087 type=MEDICAMENTO typeConf=90% status=PARTIALLY_VERIFIED (downgrade de VERIFIED) needsReview=false queued=false fields=[—]
[enrich] cnp=5044755 type=MEDICAMENTO typeConf=68% status=PARTIALLY_VERIFIED (downgrade de VERIFIED) needsReview=false queued=false fields=[—]
[enrich] cnp=5672191 type=MEDICAMENTO typeConf=68% status=PARTIALLY_VERIFIED (downgrade de VERIFIED) needsReview=false queued=false fields=[—]
[enrich] cnp=5349238 type=MEDICAMENTO typeConf=68% status=PARTIALLY_VERIFIED (downgrade de VERIFIED) needsReview=false queued=false fields=[—]
[enrich] cnp=5227889 type=MEDICAMENTO typeConf=90% status=PARTIALLY_VERIFIED (downgrade de VERIFIED) needsReview=false queued=false fields=[—]
[enrich] cnp=5228085 type=MEDICAMENTO typeConf=68% status=PARTIALLY_VERIFIED (downgrade de VERIFIED) needsReview=false queued=false fields=[—]
[enrich] cnp=5637889 type=MEDICAMENTO typeConf=90% status=PARTIALLY_VERIFIED (downgrade de VERIFIED) needsReview=false queued=false fields=[—]
[enrich] cnp=5644489 type=MEDICAMENTO typeConf=68% status=PARTIALLY_VERIFIED (downgrade de VERIFIED) needsReview=false queued=false fields=[—]
[enrich] cnp=5888045 type=MEDICAMENTO typeConf=90% status=PARTIALLY_VERIFIED (downgrade de VERIFIED) needsReview=false queued=false fields=[—]
[enrich] cnp=5044979 type=MEDICAMENTO typeConf=68% status=PARTIALLY_VERIFIED (downgrade de VERIFIED) needsReview=false queued=false fields=[—]
[enrich] cnp=5280482 type=MEDICAMENTO typeConf=68% status=PARTIALLY_VERIFIED (downgrade de VERIFIED) needsReview=false queued=false fields=[—]
[enrich] cnp=5813191 type=MEDICAMENTO typeConf=68% status=PARTIALLY_VERIFIED (downgrade de VERIFIED) needsReview=false queued=false fields=[—]
[enrich] cnp=5395322 type=MEDICAMENTO typeConf=68% status=PARTIALLY_VERIFIED (downgrade de VERIFIED) needsReview=false queued=false fields=[—]
[enrich] cnp=5643887 type=MEDICAMENTO typeConf=68% status=PARTIALLY_VERIFIED (downgrade de VERIFIED) needsReview=false queued=false fields=[—]
[enrich] cnp=5651484 type=MEDICAMENTO typeConf=90% status=PARTIALLY_VERIFIED (downgrade de VERIFIED) needsReview=false queued=false fields=[—]
[enrich] cnp=5895990 type=MEDICAMENTO typeConf=68% status=PARTIALLY_VERIFIED (downgrade de VERIFIED) needsReview=false queued=false fields=[—]
[enrich] cnp=5712815 type=MEDICAMENTO typeConf=90% status=PARTIALLY_VERIFIED (downgrade de VERIFIED) needsReview=false queued=false fields=[—]
[enrich] cnp=5481361 type=MEDICAMENTO typeConf=95% status=PARTIALLY_VERIFIED (downgrade de VERIFIED) needsReview=false queued=false fields=[—]
[enrich] cnp=8232827 type=MEDICAMENTO typeConf=95% status=PARTIALLY_VERIFIED (downgrade de VERIFIED) needsReview=false queued=false fields=[—]
[enrich] cnp=9144030 type=MEDICAMENTO typeConf=97% status=PARTIALLY_VERIFIED (downgrade de VERIFIED) needsReview=false queued=false fields=[—]
[enrich] cnp=9144055 type=MEDICAMENTO typeConf=97% status=PARTIALLY_VERIFIED (downgrade de VERIFIED) needsReview=false queued=false fields=[—]
[enrich] cnp=7553677 type=MEDICAMENTO typeConf=75% status=PARTIALLY_VERIFIED needsReview=false queued=false fields=[—]
[enrich] cnp=6423293 type=MEDICAMENTO typeConf=80% status=PARTIALLY_VERIFIED (downgrade de VERIFIED) needsReview=false queued=false fields=[—]
[enrich] cnp=9497032 type=MEDICAMENTO typeConf=97% status=PARTIALLY_VERIFIED (downgrade de VERIFIED) needsReview=false queued=false fields=[—]
[enrich] cnp=5109186 type=MEDICAMENTO typeConf=68% status=PARTIALLY_VERIFIED (downgrade de VERIFIED) needsReview=false queued=false fields=[—]
[enrich] cnp=5756689 type=MEDICAMENTO typeConf=97% status=PARTIALLY_VERIFIED (downgrade de VERIFIED) needsReview=false queued=false fields=[—]
[enrich] cnp=5871413 type=MEDICAMENTO typeConf=97% status=PARTIALLY_VERIFIED (downgrade de VERIFIED) needsReview=false queued=false fields=[—]
[enrich] cnp=5871249 type=MEDICAMENTO typeConf=97% status=PARTIALLY_VERIFIED (downgrade de VERIFIED) needsReview=false queued=false fields=[—]
[enrich] cnp=6317529 type=MEDICAMENTO typeConf=65% status=PARTIALLY_VERIFIED (downgrade de VERIFIED) needsReview=false queued=false fields=[—]
[enrich] cnp=6692434 type=MEDICAMENTO typeConf=68% status=PARTIALLY_VERIFIED (downgrade de VERIFIED) needsReview=false queued=false fields=[—]
[enrich] cnp=3221694 type=MEDICAMENTO typeConf=97% status=PARTIALLY_VERIFIED (downgrade de VERIFIED) needsReview=false queued=false fields=[—]
[enrich] cnp=3221793 type=MEDICAMENTO typeConf=97% status=PARTIALLY_VERIFIED (downgrade de VERIFIED) needsReview=false queued=false fields=[—]
[enrich] cnp=5865258 type=MEDICAMENTO typeConf=68% status=PARTIALLY_VERIFIED (downgrade de VERIFIED) needsReview=false queued=false fields=[—]
[enrich] cnp=5669759 type=MEDICAMENTO typeConf=68% status=PARTIALLY_VERIFIED (downgrade de VERIFIED) needsReview=false queued=false fields=[—]
[enrich] cnp=5669809 type=MEDICAMENTO typeConf=68% status=PARTIALLY_VERIFIED (downgrade de VERIFIED) needsReview=false queued=false fields=[—]
[enrich] cnp=5659206 type=MEDICAMENTO typeConf=68% status=PARTIALLY_VERIFIED (downgrade de VERIFIED) needsReview=false queued=false fields=[—]
[enrich] cnp=5164769 type=MEDICAMENTO typeConf=68% status=PARTIALLY_VERIFIED (downgrade de VERIFIED) needsReview=false queued=false fields=[—]
[enrich] cnp=5488663 type=MEDICAMENTO typeConf=68% status=PARTIALLY_VERIFIED (downgrade de VERIFIED) needsReview=false queued=false fields=[—]
[enrich] cnp=5678909 type=MEDICAMENTO typeConf=68% status=PARTIALLY_VERIFIED (downgrade de VERIFIED) needsReview=false queued=false fields=[—]
[enrich] cnp=5164926 type=MEDICAMENTO typeConf=68% status=PARTIALLY_VERIFIED (downgrade de VERIFIED) needsReview=false queued=false fields=[—]
[enrich] cnp=5395066 type=MEDICAMENTO typeConf=68% status=PARTIALLY_VERIFIED (downgrade de VERIFIED) needsReview=false queued=false fields=[—]
[enrich] cnp=5834973 type=MEDICAMENTO typeConf=68% status=PARTIALLY_VERIFIED (downgrade de VERIFIED) needsReview=false queued=false fields=[—]
[enrich] cnp=5343553 type=MEDICAMENTO typeConf=68% status=PARTIALLY_VERIFIED (downgrade de VERIFIED) needsReview=false queued=false fields=[—]
[enrich] cnp=5729561 type=MEDICAMENTO typeConf=68% status=PARTIALLY_VERIFIED (downgrade de VERIFIED) needsReview=false queued=false fields=[—]
[enrich] cnp=5166947 type=MEDICAMENTO typeConf=68% status=PARTIALLY_VERIFIED (downgrade de VERIFIED) needsReview=false queued=false fields=[—]
[enrich] cnp=5488671 type=MEDICAMENTO typeConf=68% status=PARTIALLY_VERIFIED (downgrade de VERIFIED) needsReview=false queued=false fields=[—]
[enrich] cnp=5488721 type=MEDICAMENTO typeConf=68% status=PARTIALLY_VERIFIED (downgrade de VERIFIED) needsReview=false queued=false fields=[—]
[enrich] cnp=8565002 type=MEDICAMENTO typeConf=97% status=PARTIALLY_VERIFIED (downgrade de VERIFIED) needsReview=false queued=false fields=[—]
[enrich] cnp=8565119 type=MEDICAMENTO typeConf=97% status=PARTIALLY_VERIFIED (downgrade de VERIFIED) needsReview=false queued=false fields=[—]
[enrich] cnp=5842497 type=MEDICAMENTO typeConf=97% status=PARTIALLY_VERIFIED (downgrade de VERIFIED) needsReview=false queued=false fields=[—]
[enrich] cnp=5842596 type=MEDICAMENTO typeConf=97% status=PARTIALLY_VERIFIED (downgrade de VERIFIED) needsReview=false queued=false fields=[—]
[enrich] cnp=5842398 type=MEDICAMENTO typeConf=97% status=PARTIALLY_VERIFIED (downgrade de VERIFIED) needsReview=false queued=false fields=[—]
[enrich] cnp=4592382 type=MEDICAMENTO typeConf=97% status=PARTIALLY_VERIFIED (downgrade de VERIFIED) needsReview=false queued=false fields=[—]
[enrich] cnp=5907183 type=MEDICAMENTO typeConf=97% status=PARTIALLY_VERIFIED (downgrade de VERIFIED) needsReview=false queued=false fields=[—]
[enrich] cnp=8786582 type=MEDICAMENTO typeConf=97% status=PARTIALLY_VERIFIED (downgrade de VERIFIED) needsReview=false queued=false fields=[—]
[enrich] cnp=5627104 type=MEDICAMENTO typeConf=97% status=PARTIALLY_VERIFIED (downgrade de VERIFIED) needsReview=false queued=false fields=[—]
[enrich] cnp=8559633 type=MEDICAMENTO typeConf=97% status=PARTIALLY_VERIFIED (downgrade de VERIFIED) needsReview=false queued=false fields=[—]
[enrich] cnp=8559641 type=MEDICAMENTO typeConf=97% status=PARTIALLY_VERIFIED (downgrade de VERIFIED) needsReview=false queued=false fields=[—]
[enrich] cnp=5635503 type=MEDICAMENTO typeConf=97% status=PARTIALLY_VERIFIED (downgrade de VERIFIED) needsReview=false queued=false fields=[—]
[enrich] cnp=5338926 type=MEDICAMENTO typeConf=97% status=PARTIALLY_VERIFIED (downgrade de VERIFIED) needsReview=false queued=false fields=[—]
[enrich] cnp=5338967 type=MEDICAMENTO typeConf=97% status=PARTIALLY_VERIFIED (downgrade de VERIFIED) needsReview=false queued=false fields=[—]
[enrich] cnp=9465518 type=MEDICAMENTO typeConf=97% status=PARTIALLY_VERIFIED (downgrade de VERIFIED) needsReview=false queued=false fields=[—]
[enrich] cnp=9465526 type=MEDICAMENTO typeConf=97% status=PARTIALLY_VERIFIED (downgrade de VERIFIED) needsReview=false queued=false fields=[—]
[enrich] cnp=5267331 type=MEDICAMENTO typeConf=97% status=PARTIALLY_VERIFIED (downgrade de VERIFIED) needsReview=false queued=false fields=[—]
[enrich] cnp=5267349 type=MEDICAMENTO typeConf=97% status=PARTIALLY_VERIFIED (downgrade de VERIFIED) needsReview=false queued=false fields=[—]
[enrich] cnp=9632018 type=MEDICAMENTO typeConf=97% status=PARTIALLY_VERIFIED (downgrade de VERIFIED) needsReview=false queued=false fields=[—]
[enrich] cnp=6403139 type=MEDICAMENTO typeConf=68% status=PARTIALLY_VERIFIED (downgrade de VERIFIED) needsReview=false queued=false fields=[—]
[enrich] cnp=8101543 type=MEDICAMENTO typeConf=97% status=PARTIALLY_VERIFIED (downgrade de VERIFIED) needsReview=false queued=false fields=[—]
[enrich] cnp=8101527 type=MEDICAMENTO typeConf=97% status=PARTIALLY_VERIFIED (downgrade de VERIFIED) needsReview=false queued=false fields=[—]
[enrich] cnp=5408141 type=MEDICAMENTO typeConf=68% status=PARTIALLY_VERIFIED (downgrade de VERIFIED) needsReview=false queued=false fields=[—]
[enrich] cnp=5466115 type=MEDICAMENTO typeConf=68% status=PARTIALLY_VERIFIED (downgrade de VERIFIED) needsReview=false queued=false fields=[—]
[enrich] cnp=5446646 type=MEDICAMENTO typeConf=68% status=PARTIALLY_VERIFIED (downgrade de VERIFIED) needsReview=false queued=false fields=[—]
[enrich] cnp=5148432 type=MEDICAMENTO typeConf=68% status=PARTIALLY_VERIFIED (downgrade de VERIFIED) needsReview=false queued=false fields=[—]
[enrich] cnp=5551270 type=MEDICAMENTO typeConf=68% status=PARTIALLY_VERIFIED (downgrade de VERIFIED) needsReview=false queued=false fields=[—]
[enrich] cnp=5136940 type=MEDICAMENTO typeConf=68% status=PARTIALLY_VERIFIED (downgrade de VERIFIED) needsReview=false queued=false fields=[—]
[enrich] cnp=5735329 type=MEDICAMENTO typeConf=68% status=PARTIALLY_VERIFIED (downgrade de VERIFIED) needsReview=false queued=false fields=[—]
[enrich] cnp=5445325 type=MEDICAMENTO typeConf=68% status=PARTIALLY_VERIFIED (downgrade de VERIFIED) needsReview=false queued=false fields=[—]
[enrich] cnp=5407465 type=MEDICAMENTO typeConf=68% status=PARTIALLY_VERIFIED (downgrade de VERIFIED) needsReview=false queued=false fields=[—]
[enrich] cnp=5407374 type=MEDICAMENTO typeConf=68% status=PARTIALLY_VERIFIED (downgrade de VERIFIED) needsReview=false queued=false fields=[—]
[enrich] cnp=9688416 type=MEDICAMENTO typeConf=95% status=PARTIALLY_VERIFIED (downgrade de VERIFIED) needsReview=false queued=false fields=[—]
[enrich] cnp=5708235 type=MEDICAMENTO typeConf=90% status=PARTIALLY_VERIFIED (downgrade de VERIFIED) needsReview=false queued=false fields=[—]
[enrich] cnp=8322628 type=MEDICAMENTO typeConf=90% status=PARTIALLY_VERIFIED (downgrade de VERIFIED) needsReview=false queued=false fields=[—]
[enrich] cnp=2229391 type=MEDICAMENTO typeConf=68% status=PARTIALLY_VERIFIED (downgrade de VERIFIED) needsReview=false queued=false fields=[—]
[enrich] cnp=5851548 type=MEDICAMENTO typeConf=68% status=PARTIALLY_VERIFIED (downgrade de VERIFIED) needsReview=false queued=false fields=[—]
[enrich] cnp=5658323 type=MEDICAMENTO typeConf=65% status=PARTIALLY_VERIFIED (downgrade de VERIFIED) needsReview=false queued=false fields=[—]
[enrich] cnp=7518936 type=MEDICAMENTO typeConf=73% status=PARTIALLY_VERIFIED (downgrade de VERIFIED) needsReview=false queued=false fields=[—]
[enrich] cnp=2034288 type=MEDICAMENTO typeConf=83% status=PARTIALLY_VERIFIED (downgrade de VERIFIED) needsReview=false queued=false fields=[—]
[enrich] cnp=7493072 type=MEDICAMENTO typeConf=78% status=PARTIALLY_VERIFIED (downgrade de VERIFIED) needsReview=false queued=false fields=[—]
[enrich] cnp=7493064 type=MEDICAMENTO typeConf=78% status=PARTIALLY_VERIFIED (downgrade de VERIFIED) needsReview=false queued=false fields=[—]
[enrich] cnp=5670815 type=MEDICAMENTO typeConf=68% status=PARTIALLY_VERIFIED (downgrade de VERIFIED) needsReview=false queued=false fields=[—]
[enrich] cnp=2772986 type=MEDICAMENTO typeConf=90% status=PARTIALLY_VERIFIED (downgrade de VERIFIED) needsReview=false queued=false fields=[—]
[enrich] cnp=2773281 type=MEDICAMENTO typeConf=90% status=PARTIALLY_VERIFIED (downgrade de VERIFIED) needsReview=false queued=false fields=[—]
[enrich] cnp=6629204 type=MEDICAMENTO typeConf=68% status=PARTIALLY_VERIFIED (downgrade de VERIFIED) needsReview=false queued=false fields=[—]
[enrich] cnp=6395475 type=MEDICAMENTO typeConf=68% status=PARTIALLY_VERIFIED (downgrade de VERIFIED) needsReview=false queued=false fields=[—]
[enrich] cnp=6448423 type=MEDICAMENTO typeConf=65% status=PARTIALLY_VERIFIED (downgrade de VERIFIED) needsReview=false queued=false fields=[—]
[enrich] cnp=6606996 type=MEDICAMENTO typeConf=68% status=PARTIALLY_VERIFIED (downgrade de VERIFIED) needsReview=false queued=false fields=[—]
[enrich] cnp=7065540 type=MEDICAMENTO typeConf=68% status=PARTIALLY_VERIFIED (downgrade de VERIFIED) needsReview=false queued=false fields=[—]
[enrich] cnp=9879213 type=MEDICAMENTO typeConf=68% status=PARTIALLY_VERIFIED (downgrade de VERIFIED) needsReview=false queued=false fields=[—]
[enrich] cnp=5425731 type=MEDICAMENTO typeConf=68% status=PARTIALLY_VERIFIED (downgrade de VERIFIED) needsReview=false queued=false fields=[—]
[enrich] cnp=9852004 type=MEDICAMENTO typeConf=68% status=PARTIALLY_VERIFIED (downgrade de VERIFIED) needsReview=false queued=false fields=[—]
[enrich] cnp=6330498 type=MEDICAMENTO typeConf=75% status=PARTIALLY_VERIFIED (downgrade de VERIFIED) needsReview=false queued=false fields=[—]
[enrich] cnp=6111112 type=MEDICAMENTO typeConf=68% status=PARTIALLY_VERIFIED (downgrade de VERIFIED) needsReview=false queued=false fields=[—]
[enrich] cnp=6922716 type=MEDICAMENTO typeConf=68% status=PARTIALLY_VERIFIED (downgrade de VERIFIED) needsReview=false queued=false fields=[—]
[enrich] cnp=4636593 type=MEDICAMENTO typeConf=97% status=PARTIALLY_VERIFIED (downgrade de VERIFIED) needsReview=false queued=false fields=[—]
[enrich] cnp=8573345 type=MEDICAMENTO typeConf=97% status=PARTIALLY_VERIFIED (downgrade de VERIFIED) needsReview=false queued=false fields=[—]
[enrich] cnp=5787692 type=MEDICAMENTO typeConf=97% status=PARTIALLY_VERIFIED (downgrade de VERIFIED) needsReview=false queued=false fields=[—]
[enrich] cnp=4578886 type=MEDICAMENTO typeConf=97% status=PARTIALLY_VERIFIED (downgrade de VERIFIED) needsReview=false queued=false fields=[—]
[enrich] cnp=5787791 type=MEDICAMENTO typeConf=97% status=PARTIALLY_VERIFIED (downgrade de VERIFIED) needsReview=false queued=false fields=[—]
[enrich] cnp=5787890 type=MEDICAMENTO typeConf=97% status=PARTIALLY_VERIFIED (downgrade de VERIFIED) needsReview=false queued=false fields=[—]
[enrich] cnp=2732584 type=MEDICAMENTO typeConf=97% status=PARTIALLY_VERIFIED (downgrade de VERIFIED) needsReview=false queued=false fields=[—]
[enrich] cnp=6396507 type=MEDICAMENTO typeConf=75% status=PARTIALLY_VERIFIED (downgrade de VERIFIED) needsReview=false queued=false fields=[—]
[enrich] cnp=5784541 type=MEDICAMENTO typeConf=97% status=PARTIALLY_VERIFIED (downgrade de VERIFIED) needsReview=false queued=false fields=[—]
[enrich] cnp=5784608 type=MEDICAMENTO typeConf=97% status=PARTIALLY_VERIFIED (downgrade de VERIFIED) needsReview=false queued=false fields=[—]
[enrich] cnp=5784566 type=MEDICAMENTO typeConf=97% status=PARTIALLY_VERIFIED (downgrade de VERIFIED) needsReview=false queued=false fields=[—]
[enrich] cnp=2925394 type=MEDICAMENTO typeConf=97% status=PARTIALLY_VERIFIED (downgrade de VERIFIED) needsReview=false queued=false fields=[—]
[enrich] cnp=5605704 type=MEDICAMENTO typeConf=97% status=PARTIALLY_VERIFIED (downgrade de VERIFIED) needsReview=false queued=false fields=[—]
[enrich] cnp=5421235 type=MEDICAMENTO typeConf=97% status=PARTIALLY_VERIFIED (downgrade de VERIFIED) needsReview=false queued=false fields=[—]
[enrich] cnp=5421268 type=MEDICAMENTO typeConf=97% status=PARTIALLY_VERIFIED (downgrade de VERIFIED) needsReview=false queued=false fields=[—]
[enrich] cnp=2504280 type=MEDICAMENTO typeConf=90% status=PARTIALLY_VERIFIED (downgrade de VERIFIED) needsReview=false queued=false fields=[—]
[enrich] cnp=5647904 type=MEDICAMENTO typeConf=68% status=PARTIALLY_VERIFIED (downgrade de VERIFIED) needsReview=false queued=false fields=[—]
[enrich] cnp=3783289 type=MEDICAMENTO typeConf=90% status=PARTIALLY_VERIFIED (downgrade de VERIFIED) needsReview=false queued=false fields=[—]
[enrich] cnp=5068788 type=MEDICAMENTO typeConf=68% status=PARTIALLY_VERIFIED (downgrade de VERIFIED) needsReview=false queued=false fields=[—]
[enrich] cnp=3994688 type=MEDICAMENTO typeConf=68% status=PARTIALLY_VERIFIED (downgrade de VERIFIED) needsReview=false queued=false fields=[—]
[enrich] cnp=5898580 type=MEDICAMENTO typeConf=97% status=PARTIALLY_VERIFIED (downgrade de VERIFIED) needsReview=false queued=false fields=[—]
[enrich] cnp=5540984 type=MEDICAMENTO typeConf=97% status=PARTIALLY_VERIFIED (downgrade de VERIFIED) needsReview=false queued=false fields=[—]
[enrich] cnp=5048970 type=MEDICAMENTO typeConf=97% status=PARTIALLY_VERIFIED (downgrade de VERIFIED) needsReview=false queued=false fields=[—]
[enrich] cnp=5898788 type=MEDICAMENTO typeConf=97% status=PARTIALLY_VERIFIED (downgrade de VERIFIED) needsReview=false queued=false fields=[—]

— Batch 8 —
  processed=150 updated=0 unchanged=150 failed=0
  reclassN2=0 +atc=0 +dci=0 +img=0 still-outros=0
  signal: hasATC=54 hasDCI=54 hasAtcOrDci=54 hasNeither=96
  reclass por método: atc_prefix=0 atc(letra)=0 dci=0 keyword=0 outro=0

  Amostra (primeiros 10):
    1. CNP=5768007 | Sitagliptina Farmoz 100 Mg 28 Comp. Revest. Por Pel.
        nivel2: "Diabetes" == "Diabetes"
        ATC=— | DCI=—
        image: — → —
        image decision: skipped — nenhuma fonte devolveu valor
        outcome: unchanged (cat: image_skipped)
    2. CNP=5806369 | Sitagliptina Krka 100 Mg 28 Comp. Revest. Por Pel.
        nivel2: "Diabetes" == "Diabetes"
        ATC=— | DCI=—
        image: — → —
        image decision: skipped — nenhuma fonte devolveu valor
        outcome: unchanged (cat: image_skipped)
    3. CNP=5806344 | Sitagliptina Krka 50 Mg 28 Comp. Revest. Por Pel.
        nivel2: "Diabetes" == "Diabetes"
        ATC=— | DCI=—
        image: — → —
        image decision: skipped — nenhuma fonte devolveu valor
        outcome: unchanged (cat: image_skipped)
    4. CNP=5817515 | Sitagliptina Mylan MG, 100 mg Blister 28 Unidade(s) Comp rev
        nivel2: "Diabetes" == "Diabetes"
        ATC=— | DCI=—
        image: — → —
        image decision: skipped — nenhuma fonte devolveu valor
        outcome: unchanged (cat: image_skipped)
    5. CNP=5819370 | Sitagliptina Pharmakern 100 Mg 28 Comp. Revest. Por Pel.
        nivel2: "Diabetes" == "Diabetes"
        ATC=— | DCI=—
        image: — → —
        image decision: skipped — nenhuma fonte devolveu valor
        outcome: unchanged (cat: image_skipped)
    6. CNP=5819313 | Sitagliptina Pharmakern 25 Mg 28 Comp. Revest. Por Pel.
        nivel2: "Diabetes" == "Diabetes"
        ATC=— | DCI=—
        image: — → —
        image decision: skipped — nenhuma fonte devolveu valor
        outcome: unchanged (cat: image_skipped)
    7. CNP=5819347 | Sitagliptina Pharmakern 50 Mg 28 Comp. Revest. Por Pel.
        nivel2: "Diabetes" == "Diabetes"
        ATC=— | DCI=—
        image: — → —
        image decision: skipped — nenhuma fonte devolveu valor
        outcome: unchanged (cat: image_skipped)
    8. CNP=7532341 | Skyn Naturally Endless Gel Lubrif 80Ml
        nivel2: "Outros Saúde Natural" == "Outros Saúde Natural"
        ATC=— | DCI=—
        image: — → —
        image decision: skipped — nenhuma fonte devolveu valor
        outcome: unchanged (cat: image_skipped)
    9. CNP=9613406 | Socian, 50 mg x 60 comp
        nivel2: "Sistema Nervoso" == "Sistema Nervoso"
        ATC=N05AL05 | DCI=Amissulprida
        image: — → —
        image decision: skipped — nenhuma fonte devolveu valor
        outcome: unchanged (cat: image_skipped)
   10. CNP=5851720 | Solifenacina + Tansulosina Alter 6 Mg + 0.4 Mg 30 Comp. De L
        nivel2: "Urológicos" == "Urológicos"
        ATC=— | DCI=—
        image: — → —
        image decision: skipped — nenhuma fonte devolveu valor
        outcome: unchanged (cat: image_skipped)
  progresso: 1200/1321 (~121 restantes neste pass)
[enrich] cnp=9378406 type=MEDICAMENTO typeConf=68% status=PARTIALLY_VERIFIED (downgrade de VERIFIED) needsReview=false queued=false fields=[—]
[enrich] cnp=8624411 type=MEDICAMENTO typeConf=97% status=PARTIALLY_VERIFIED (downgrade de VERIFIED) needsReview=false queued=false fields=[—]
[enrich] cnp=8624403 type=MEDICAMENTO typeConf=97% status=PARTIALLY_VERIFIED (downgrade de VERIFIED) needsReview=false queued=false fields=[—]
[enrich] cnp=9193730 type=MEDICAMENTO typeConf=97% status=PARTIALLY_VERIFIED (downgrade de VERIFIED) needsReview=false queued=false fields=[—]
[enrich] cnp=9193755 type=MEDICAMENTO typeConf=97% status=PARTIALLY_VERIFIED (downgrade de VERIFIED) needsReview=false queued=false fields=[—]
[enrich] cnp=5795810 type=MEDICAMENTO typeConf=97% status=PARTIALLY_VERIFIED (downgrade de VERIFIED) needsReview=false queued=false fields=[—]
[enrich] cnp=5796354 type=MEDICAMENTO typeConf=97% status=PARTIALLY_VERIFIED (downgrade de VERIFIED) needsReview=false queued=false fields=[—]
[enrich] cnp=5796347 type=MEDICAMENTO typeConf=97% status=PARTIALLY_VERIFIED (downgrade de VERIFIED) needsReview=false queued=false fields=[—]
[enrich] cnp=9215053 type=MEDICAMENTO typeConf=97% status=PARTIALLY_VERIFIED (downgrade de VERIFIED) needsReview=false queued=false fields=[—]
[enrich] cnp=9215038 type=MEDICAMENTO typeConf=97% status=PARTIALLY_VERIFIED (downgrade de VERIFIED) needsReview=false queued=false fields=[—]
[enrich] cnp=7092502 type=MEDICAMENTO typeConf=75% status=PARTIALLY_VERIFIED (downgrade de VERIFIED) needsReview=false queued=false fields=[—]
[enrich] cnp=5089982 type=MEDICAMENTO typeConf=90% status=PARTIALLY_VERIFIED (downgrade de VERIFIED) needsReview=false queued=false fields=[—]
[enrich] cnp=3417292 type=MEDICAMENTO typeConf=90% status=PARTIALLY_VERIFIED (downgrade de VERIFIED) needsReview=false queued=false fields=[—]
[enrich] cnp=4580296 type=MEDICAMENTO typeConf=97% status=PARTIALLY_VERIFIED (downgrade de VERIFIED) needsReview=false queued=false fields=[—]
[enrich] cnp=4539292 type=MEDICAMENTO typeConf=97% status=PARTIALLY_VERIFIED (downgrade de VERIFIED) needsReview=false queued=false fields=[—]
[enrich] cnp=2494995 type=MEDICAMENTO typeConf=68% status=PARTIALLY_VERIFIED (downgrade de VERIFIED) needsReview=false queued=false fields=[—]
[enrich] cnp=5687330 type=MEDICAMENTO typeConf=68% status=PARTIALLY_VERIFIED (downgrade de VERIFIED) needsReview=false queued=false fields=[—]
[enrich] cnp=6609735 type=MEDICAMENTO typeConf=75% status=PARTIALLY_VERIFIED (downgrade de VERIFIED) needsReview=false queued=false fields=[—]
[enrich] cnp=5755921 type=MEDICAMENTO typeConf=97% status=PARTIALLY_VERIFIED (downgrade de VERIFIED) needsReview=false queued=false fields=[—]
[enrich] cnp=5833009 type=MEDICAMENTO typeConf=68% status=PARTIALLY_VERIFIED (downgrade de VERIFIED) needsReview=false queued=false fields=[—]
[enrich] cnp=6621243 type=MEDICAMENTO typeConf=75% status=PARTIALLY_VERIFIED (downgrade de VERIFIED) needsReview=false queued=false fields=[—]
[enrich] cnp=5820501 type=MEDICAMENTO typeConf=90% status=PARTIALLY_VERIFIED (downgrade de VERIFIED) needsReview=false queued=false fields=[—]
[enrich] cnp=5351283 type=MEDICAMENTO typeConf=90% status=PARTIALLY_VERIFIED (downgrade de VERIFIED) needsReview=false queued=false fields=[—]
[enrich] cnp=5254719 type=MEDICAMENTO typeConf=68% status=PARTIALLY_VERIFIED (downgrade de VERIFIED) needsReview=false queued=false fields=[—]
[enrich] cnp=4898581 type=MEDICAMENTO typeConf=68% status=PARTIALLY_VERIFIED (downgrade de VERIFIED) needsReview=false queued=false fields=[—]
[enrich] cnp=5493556 type=MEDICAMENTO typeConf=68% status=PARTIALLY_VERIFIED (downgrade de VERIFIED) needsReview=false queued=false fields=[—]
[enrich] cnp=9775411 type=MEDICAMENTO typeConf=75% status=PARTIALLY_VERIFIED (downgrade de VERIFIED) needsReview=false queued=false fields=[—]
[enrich] cnp=6617845 type=MEDICAMENTO typeConf=68% status=PARTIALLY_VERIFIED (downgrade de VERIFIED) needsReview=false queued=false fields=[—]
[enrich] cnp=6317594 type=MEDICAMENTO typeConf=75% status=PARTIALLY_VERIFIED (downgrade de VERIFIED) needsReview=false queued=false fields=[—]
[enrich] cnp=2538387 type=MEDICAMENTO typeConf=75% status=PARTIALLY_VERIFIED (downgrade de VERIFIED) needsReview=false queued=false fields=[—]
[enrich] cnp=7471425 type=MEDICAMENTO typeConf=75% status=PARTIALLY_VERIFIED (downgrade de VERIFIED) needsReview=false queued=false fields=[—]
[enrich] cnp=6676700 type=MEDICAMENTO typeConf=68% status=PARTIALLY_VERIFIED (downgrade de VERIFIED) needsReview=false queued=false fields=[—]
[enrich] cnp=7274951 type=MEDICAMENTO typeConf=68% status=PARTIALLY_VERIFIED (downgrade de VERIFIED) needsReview=false queued=false fields=[—]
[enrich] cnp=5446083 type=MEDICAMENTO typeConf=68% status=PARTIALLY_VERIFIED (downgrade de VERIFIED) needsReview=false queued=false fields=[—]
[enrich] cnp=5816798 type=MEDICAMENTO typeConf=68% status=PARTIALLY_VERIFIED (downgrade de VERIFIED) needsReview=false queued=false fields=[—]
[enrich] cnp=5763990 type=MEDICAMENTO typeConf=68% status=PARTIALLY_VERIFIED (downgrade de VERIFIED) needsReview=false queued=false fields=[—]
[enrich] cnp=5737432 type=MEDICAMENTO typeConf=68% status=PARTIALLY_VERIFIED (downgrade de VERIFIED) needsReview=false queued=false fields=[—]
[enrich] cnp=5730403 type=MEDICAMENTO typeConf=68% status=PARTIALLY_VERIFIED (downgrade de VERIFIED) needsReview=false queued=false fields=[—]
[enrich] cnp=5799861 type=MEDICAMENTO typeConf=68% status=PARTIALLY_VERIFIED (downgrade de VERIFIED) needsReview=false queued=false fields=[—]
[enrich] cnp=5710041 type=MEDICAMENTO typeConf=68% status=PARTIALLY_VERIFIED (downgrade de VERIFIED) needsReview=false queued=false fields=[—]
[enrich] cnp=5699616 type=MEDICAMENTO typeConf=68% status=PARTIALLY_VERIFIED (downgrade de VERIFIED) needsReview=false queued=false fields=[—]
[enrich] cnp=4039285 type=MEDICAMENTO typeConf=68% status=PARTIALLY_VERIFIED (downgrade de VERIFIED) needsReview=false queued=false fields=[—]
[enrich] cnp=5535885 type=MEDICAMENTO typeConf=68% status=PARTIALLY_VERIFIED (downgrade de VERIFIED) needsReview=false queued=false fields=[—]
[enrich] cnp=5536487 type=MEDICAMENTO typeConf=68% status=PARTIALLY_VERIFIED (downgrade de VERIFIED) needsReview=false queued=false fields=[—]
[enrich] cnp=5026752 type=MEDICAMENTO typeConf=68% status=PARTIALLY_VERIFIED (downgrade de VERIFIED) needsReview=false queued=false fields=[—]
[enrich] cnp=5120274 type=MEDICAMENTO typeConf=68% status=PARTIALLY_VERIFIED (downgrade de VERIFIED) needsReview=false queued=false fields=[—]
[enrich] cnp=5003793 type=MEDICAMENTO typeConf=68% status=PARTIALLY_VERIFIED (downgrade de VERIFIED) needsReview=false queued=false fields=[—]
[enrich] cnp=7286898 type=MEDICAMENTO typeConf=68% status=PARTIALLY_VERIFIED (downgrade de VERIFIED) needsReview=false queued=false fields=[—]
[enrich] cnp=7286906 type=MEDICAMENTO typeConf=68% status=PARTIALLY_VERIFIED (downgrade de VERIFIED) needsReview=false queued=false fields=[—]
[enrich] cnp=6236638 type=MEDICAMENTO typeConf=68% status=PARTIALLY_VERIFIED (downgrade de VERIFIED) needsReview=false queued=false fields=[—]
[enrich] cnp=6236521 type=MEDICAMENTO typeConf=68% status=PARTIALLY_VERIFIED (downgrade de VERIFIED) needsReview=false queued=false fields=[—]
[enrich] cnp=6333153 type=MEDICAMENTO typeConf=68% status=PARTIALLY_VERIFIED (downgrade de VERIFIED) needsReview=false queued=false fields=[—]
[enrich] cnp=6236539 type=MEDICAMENTO typeConf=68% status=PARTIALLY_VERIFIED (downgrade de VERIFIED) needsReview=false queued=false fields=[—]
[enrich] cnp=6333146 type=MEDICAMENTO typeConf=68% status=PARTIALLY_VERIFIED (downgrade de VERIFIED) needsReview=false queued=false fields=[—]
[enrich] cnp=7554162 type=MEDICAMENTO typeConf=68% status=PARTIALLY_VERIFIED needsReview=false queued=false fields=[—]
[enrich] cnp=7357996 type=MEDICAMENTO typeConf=68% status=PARTIALLY_VERIFIED (downgrade de VERIFIED) needsReview=false queued=false fields=[—]
[enrich] cnp=6363937 type=MEDICAMENTO typeConf=75% status=PARTIALLY_VERIFIED (downgrade de VERIFIED) needsReview=false queued=false fields=[—]
[enrich] cnp=6332569 type=MEDICAMENTO typeConf=75% status=PARTIALLY_VERIFIED (downgrade de VERIFIED) needsReview=false queued=false fields=[—]
[enrich] cnp=5709068 type=MEDICAMENTO typeConf=97% status=PARTIALLY_VERIFIED (downgrade de VERIFIED) needsReview=false queued=false fields=[—]
[enrich] cnp=5895230 type=MEDICAMENTO typeConf=68% status=PARTIALLY_VERIFIED (downgrade de VERIFIED) needsReview=false queued=false fields=[—]
[enrich] cnp=5177589 type=MEDICAMENTO typeConf=97% status=PARTIALLY_VERIFIED (downgrade de VERIFIED) needsReview=false queued=false fields=[—]
[enrich] cnp=7562041 type=MEDICAMENTO typeConf=68% status=PARTIALLY_VERIFIED needsReview=false queued=false fields=[—]
[enrich] cnp=5739735 type=MEDICAMENTO typeConf=97% status=PARTIALLY_VERIFIED (downgrade de VERIFIED) needsReview=false queued=false fields=[—]
[enrich] cnp=5738315 type=MEDICAMENTO typeConf=97% status=PARTIALLY_VERIFIED (downgrade de VERIFIED) needsReview=false queued=false fields=[—]
[enrich] cnp=5738364 type=MEDICAMENTO typeConf=97% status=PARTIALLY_VERIFIED (downgrade de VERIFIED) needsReview=false queued=false fields=[—]
[enrich] cnp=5728829 type=MEDICAMENTO typeConf=97% status=PARTIALLY_VERIFIED (downgrade de VERIFIED) needsReview=false queued=false fields=[—]
[enrich] cnp=5877915 type=MEDICAMENTO typeConf=68% status=PARTIALLY_VERIFIED (downgrade de VERIFIED) needsReview=false queued=false fields=[—]
[enrich] cnp=5877923 type=MEDICAMENTO typeConf=68% status=PARTIALLY_VERIFIED (downgrade de VERIFIED) needsReview=false queued=false fields=[—]
[enrich] cnp=5877931 type=MEDICAMENTO typeConf=68% status=PARTIALLY_VERIFIED (downgrade de VERIFIED) needsReview=false queued=false fields=[—]
[enrich] cnp=5877949 type=MEDICAMENTO typeConf=68% status=PARTIALLY_VERIFIED (downgrade de VERIFIED) needsReview=false queued=false fields=[—]
[enrich] cnp=5892617 type=MEDICAMENTO typeConf=68% status=PARTIALLY_VERIFIED (downgrade de VERIFIED) needsReview=false queued=false fields=[—]
[enrich] cnp=5870902 type=MEDICAMENTO typeConf=68% status=PARTIALLY_VERIFIED (downgrade de VERIFIED) needsReview=false queued=false fields=[—]
[enrich] cnp=5806948 type=MEDICAMENTO typeConf=68% status=PARTIALLY_VERIFIED (downgrade de VERIFIED) needsReview=false queued=false fields=[—]
[enrich] cnp=5783956 type=MEDICAMENTO typeConf=68% status=PARTIALLY_VERIFIED (downgrade de VERIFIED) needsReview=false queued=false fields=[—]
[enrich] cnp=5260617 type=MEDICAMENTO typeConf=68% status=PARTIALLY_VERIFIED (downgrade de VERIFIED) needsReview=false queued=false fields=[—]
[enrich] cnp=5800131 type=MEDICAMENTO typeConf=68% status=PARTIALLY_VERIFIED (downgrade de VERIFIED) needsReview=false queued=false fields=[—]
[enrich] cnp=5728266 type=MEDICAMENTO typeConf=68% status=PARTIALLY_VERIFIED (downgrade de VERIFIED) needsReview=false queued=false fields=[—]
[enrich] cnp=5863329 type=MEDICAMENTO typeConf=68% status=PARTIALLY_VERIFIED (downgrade de VERIFIED) needsReview=false queued=false fields=[—]
[enrich] cnp=6050385 type=VETERINARIA typeConf=80% status=PARTIALLY_VERIFIED needsReview=false queued=false fields=[productType]
[enrich] cnp=7597021 type=MEDICAMENTO typeConf=68% status=PARTIALLY_VERIFIED needsReview=false queued=false fields=[—]
[enrich] cnp=5474218 type=MEDICAMENTO typeConf=97% status=PARTIALLY_VERIFIED (downgrade de VERIFIED) needsReview=false queued=false fields=[—]
[enrich] cnp=5855846 type=MEDICAMENTO typeConf=68% status=PARTIALLY_VERIFIED (downgrade de VERIFIED) needsReview=false queued=false fields=[—]
[enrich] cnp=7287664 type=MEDICAMENTO typeConf=68% status=PARTIALLY_VERIFIED needsReview=false queued=false fields=[—]
[enrich] cnp=6990432 type=MEDICAMENTO typeConf=68% status=PARTIALLY_VERIFIED (downgrade de VERIFIED) needsReview=false queued=false fields=[—]
[enrich] cnp=5742457 type=MEDICAMENTO typeConf=68% status=PARTIALLY_VERIFIED (downgrade de VERIFIED) needsReview=false queued=false fields=[—]
[enrich] cnp=5303029 type=MEDICAMENTO typeConf=68% status=PARTIALLY_VERIFIED (downgrade de VERIFIED) needsReview=false queued=false fields=[—]
[enrich] cnp=5725445 type=MEDICAMENTO typeConf=68% status=PARTIALLY_VERIFIED (downgrade de VERIFIED) needsReview=false queued=false fields=[—]
[enrich] cnp=5817069 type=MEDICAMENTO typeConf=68% status=PARTIALLY_VERIFIED (downgrade de VERIFIED) needsReview=false queued=false fields=[—]
[enrich] cnp=5817077 type=MEDICAMENTO typeConf=68% status=PARTIALLY_VERIFIED (downgrade de VERIFIED) needsReview=false queued=false fields=[—]
[enrich] cnp=5490818 type=MEDICAMENTO typeConf=95% status=PARTIALLY_VERIFIED (downgrade de VERIFIED) needsReview=false queued=false fields=[—]
[enrich] cnp=5349352 type=MEDICAMENTO typeConf=73% status=PARTIALLY_VERIFIED (downgrade de VERIFIED) needsReview=false queued=false fields=[—]
[enrich] cnp=8906404 type=MEDICAMENTO typeConf=97% status=PARTIALLY_VERIFIED (downgrade de VERIFIED) needsReview=false queued=false fields=[—]
[enrich] cnp=6112821 type=MEDICAMENTO typeConf=68% status=PARTIALLY_VERIFIED (downgrade de VERIFIED) needsReview=false queued=false fields=[—]
[enrich] cnp=3280286 type=MEDICAMENTO typeConf=68% status=PARTIALLY_VERIFIED (downgrade de VERIFIED) needsReview=false queued=false fields=[—]
[enrich] cnp=7987669 type=MEDICAMENTO typeConf=78% status=PARTIALLY_VERIFIED needsReview=false queued=false fields=[—]
[enrich] cnp=5726104 type=MEDICAMENTO typeConf=68% status=PARTIALLY_VERIFIED (downgrade de VERIFIED) needsReview=false queued=false fields=[—]
[enrich] cnp=5425798 type=MEDICAMENTO typeConf=75% status=PARTIALLY_VERIFIED (downgrade de VERIFIED) needsReview=false queued=false fields=[—]
[enrich] cnp=7259622 type=MEDICAMENTO typeConf=68% status=PARTIALLY_VERIFIED (downgrade de VERIFIED) needsReview=false queued=false fields=[—]
[enrich] cnp=7401216 type=MEDICAMENTO typeConf=68% status=PARTIALLY_VERIFIED (downgrade de VERIFIED) needsReview=false queued=false fields=[—]
[enrich] cnp=5112081 type=MEDICAMENTO typeConf=97% status=PARTIALLY_VERIFIED (downgrade de VERIFIED) needsReview=false queued=false fields=[—]
[enrich] cnp=5565973 type=MEDICAMENTO typeConf=68% status=PARTIALLY_VERIFIED (downgrade de VERIFIED) needsReview=false queued=false fields=[—]
[enrich] cnp=7586610 type=MEDICAMENTO typeConf=78% status=PARTIALLY_VERIFIED needsReview=false queued=false fields=[—]
[enrich] cnp=7290049 type=MEDICAMENTO typeConf=68% status=PARTIALLY_VERIFIED (downgrade de VERIFIED) needsReview=false queued=false fields=[—]
[enrich] cnp=7005181 type=MEDICAMENTO typeConf=68% status=PARTIALLY_VERIFIED (downgrade de VERIFIED) needsReview=false queued=false fields=[—]
[enrich] cnp=7094805 type=MEDICAMENTO typeConf=68% status=PARTIALLY_VERIFIED (downgrade de VERIFIED) needsReview=false queued=false fields=[—]
[enrich] cnp=5850011 type=MEDICAMENTO typeConf=97% status=PARTIALLY_VERIFIED (downgrade de VERIFIED) needsReview=false queued=false fields=[—]
[enrich] cnp=5850029 type=MEDICAMENTO typeConf=97% status=PARTIALLY_VERIFIED (downgrade de VERIFIED) needsReview=false queued=false fields=[—]
[enrich] cnp=5839709 type=MEDICAMENTO typeConf=97% status=PARTIALLY_VERIFIED (downgrade de VERIFIED) needsReview=false queued=false fields=[—]
[enrich] cnp=5820824 type=MEDICAMENTO typeConf=97% status=PARTIALLY_VERIFIED (downgrade de VERIFIED) needsReview=false queued=false fields=[—]
[enrich] cnp=6875112 type=MEDICAMENTO typeConf=68% status=PARTIALLY_VERIFIED (downgrade de VERIFIED) needsReview=false queued=false fields=[—]
[enrich] cnp=5450721 type=MEDICAMENTO typeConf=68% status=PARTIALLY_VERIFIED (downgrade de VERIFIED) needsReview=false queued=false fields=[—]
[enrich] cnp=2678886 type=MEDICAMENTO typeConf=68% status=PARTIALLY_VERIFIED (downgrade de VERIFIED) needsReview=false queued=false fields=[—]
[enrich] cnp=5670898 type=MEDICAMENTO typeConf=68% status=PARTIALLY_VERIFIED (downgrade de VERIFIED) needsReview=false queued=false fields=[—]
[enrich] cnp=2377299 type=MEDICAMENTO typeConf=97% status=PARTIALLY_VERIFIED (downgrade de VERIFIED) needsReview=false queued=false fields=[—]
[enrich] cnp=5431093 type=MEDICAMENTO typeConf=68% status=PARTIALLY_VERIFIED (downgrade de VERIFIED) needsReview=false queued=false fields=[—]
[enrich] cnp=5798962 type=MEDICAMENTO typeConf=90% status=PARTIALLY_VERIFIED (downgrade de VERIFIED) needsReview=false queued=false fields=[—]
[enrich] cnp=5775960 type=MEDICAMENTO typeConf=68% status=PARTIALLY_VERIFIED (downgrade de VERIFIED) needsReview=false queued=false fields=[—]
[enrich] cnp=5779624 type=MEDICAMENTO typeConf=90% status=PARTIALLY_VERIFIED (downgrade de VERIFIED) needsReview=false queued=false fields=[—]
[enrich] cnp=5779541 type=MEDICAMENTO typeConf=90% status=PARTIALLY_VERIFIED (downgrade de VERIFIED) needsReview=false queued=false fields=[—]
[enrich] cnp=5760210 type=MEDICAMENTO typeConf=68% status=PARTIALLY_VERIFIED (downgrade de VERIFIED) needsReview=false queued=false fields=[—]
[enrich] cnp=5572953 type=MEDICAMENTO typeConf=68% status=PARTIALLY_VERIFIED (downgrade de VERIFIED) needsReview=false queued=false fields=[—]
[enrich] cnp=5734546 type=MEDICAMENTO typeConf=68% status=PARTIALLY_VERIFIED (downgrade de VERIFIED) needsReview=false queued=false fields=[—]
[enrich] cnp=5635743 type=MEDICAMENTO typeConf=68% status=PARTIALLY_VERIFIED (downgrade de VERIFIED) needsReview=false queued=false fields=[—]
[enrich] cnp=5634456 type=MEDICAMENTO typeConf=68% status=PARTIALLY_VERIFIED (downgrade de VERIFIED) needsReview=false queued=false fields=[—]
[enrich] cnp=5152186 type=MEDICAMENTO typeConf=68% status=PARTIALLY_VERIFIED (downgrade de VERIFIED) needsReview=false queued=false fields=[—]
[enrich] cnp=5826789 type=MEDICAMENTO typeConf=68% status=PARTIALLY_VERIFIED (downgrade de VERIFIED) needsReview=false queued=false fields=[—]
[enrich] cnp=3366887 type=MEDICAMENTO typeConf=68% status=PARTIALLY_VERIFIED (downgrade de VERIFIED) needsReview=false queued=false fields=[—]
[enrich] cnp=5621511 type=MEDICAMENTO typeConf=68% status=PARTIALLY_VERIFIED (downgrade de VERIFIED) needsReview=false queued=false fields=[—]
[enrich] cnp=5238043 type=MEDICAMENTO typeConf=68% status=PARTIALLY_VERIFIED (downgrade de VERIFIED) needsReview=false queued=false fields=[—]
[enrich] cnp=5137872 type=MEDICAMENTO typeConf=68% status=PARTIALLY_VERIFIED (downgrade de VERIFIED) needsReview=false queued=false fields=[—]
[enrich] cnp=5307442 type=MEDICAMENTO typeConf=68% status=PARTIALLY_VERIFIED (downgrade de VERIFIED) needsReview=false queued=false fields=[—]
[enrich] cnp=5097233 type=MEDICAMENTO typeConf=68% status=PARTIALLY_VERIFIED (downgrade de VERIFIED) needsReview=false queued=false fields=[—]
[enrich] cnp=5751433 type=MEDICAMENTO typeConf=90% status=PARTIALLY_VERIFIED (downgrade de VERIFIED) needsReview=false queued=false fields=[—]
[enrich] cnp=5899075 type=MEDICAMENTO typeConf=90% status=PARTIALLY_VERIFIED needsReview=false queued=false fields=[—]
[enrich] cnp=5899109 type=MEDICAMENTO typeConf=90% status=PARTIALLY_VERIFIED needsReview=false queued=false fields=[—]
[enrich] cnp=5702360 type=MEDICAMENTO typeConf=90% status=PARTIALLY_VERIFIED (downgrade de VERIFIED) needsReview=false queued=false fields=[—]
[enrich] cnp=5340625 type=MEDICAMENTO typeConf=90% status=PARTIALLY_VERIFIED (downgrade de VERIFIED) needsReview=false queued=false fields=[—]
[enrich] cnp=5340674 type=MEDICAMENTO typeConf=90% status=PARTIALLY_VERIFIED (downgrade de VERIFIED) needsReview=false queued=false fields=[—]
[enrich] cnp=5351333 type=MEDICAMENTO typeConf=68% status=PARTIALLY_VERIFIED (downgrade de VERIFIED) needsReview=false queued=false fields=[—]
[enrich] cnp=2708089 type=MEDICAMENTO typeConf=97% status=PARTIALLY_VERIFIED (downgrade de VERIFIED) needsReview=false queued=false fields=[—]
[enrich] cnp=5623913 type=MEDICAMENTO typeConf=97% status=PARTIALLY_VERIFIED (downgrade de VERIFIED) needsReview=false queued=false fields=[—]
[enrich] cnp=5825674 type=MEDICAMENTO typeConf=97% status=PARTIALLY_VERIFIED (downgrade de VERIFIED) needsReview=false queued=false fields=[—]
[enrich] cnp=3401882 type=MEDICAMENTO typeConf=97% status=PARTIALLY_VERIFIED (downgrade de VERIFIED) needsReview=false queued=false fields=[—]
[enrich] cnp=8707406 type=MEDICAMENTO typeConf=80% status=PARTIALLY_VERIFIED (downgrade de VERIFIED) needsReview=false queued=false fields=[—]
[enrich] cnp=5160056 type=MEDICAMENTO typeConf=68% status=PARTIALLY_VERIFIED (downgrade de VERIFIED) needsReview=false queued=false fields=[—]
[enrich] cnp=5720057 type=MEDICAMENTO typeConf=68% status=PARTIALLY_VERIFIED (downgrade de VERIFIED) needsReview=false queued=false fields=[—]
[enrich] cnp=2908291 type=MEDICAMENTO typeConf=68% status=PARTIALLY_VERIFIED (downgrade de VERIFIED) needsReview=false queued=false fields=[—]
[enrich] cnp=5706494 type=MEDICAMENTO typeConf=68% status=PARTIALLY_VERIFIED (downgrade de VERIFIED) needsReview=false queued=false fields=[—]
[enrich] cnp=7248708 type=MEDICAMENTO typeConf=75% status=PARTIALLY_VERIFIED (downgrade de VERIFIED) needsReview=false queued=false fields=[—]
[enrich] cnp=5878590 type=MEDICAMENTO typeConf=97% status=PARTIALLY_VERIFIED (downgrade de VERIFIED) needsReview=false queued=false fields=[—]

— Batch 9 —
  processed=150 updated=1 unchanged=149 failed=0
  reclassN2=0 +atc=0 +dci=0 +img=0 still-outros=0
  signal: hasATC=31 hasDCI=31 hasAtcOrDci=31 hasNeither=119
  reclass por método: atc_prefix=0 atc(letra)=0 dci=0 keyword=0 outro=0

  Amostra (primeiros 10):
    1. CNP=9378406 | Zotinar Capilar, 1 mg/mL x 100 sol cut
        nivel2: "Outros Capilar" == "Outros Capilar"
        ATC=— | DCI=—
        image: — → —
        image decision: skipped — nenhuma fonte devolveu valor
        outcome: unchanged (cat: image_skipped)
    2. CNP=8624411 | Zovirax, 50 mg/g x 10 creme bisn
        nivel2: "Dermatológicos" == "Dermatológicos"
        ATC=D06BB03 | DCI=Aciclovir
        image: — → —
        image decision: skipped — nenhuma fonte devolveu valor
        outcome: unchanged (cat: image_skipped)
    3. CNP=8624403 | Zovirax, 50 mg/g x 2 creme bisn
        nivel2: "Dermatológicos" == "Dermatológicos"
        ATC=D06BB03 | DCI=Aciclovir
        image: — → —
        image decision: skipped — nenhuma fonte devolveu valor
        outcome: unchanged (cat: image_skipped)
    4. CNP=9193730 | Zurim, 100 mg x 60 comp
        nivel2: "Analgésicos e Anti-inflamatórios" == "Analgésicos e Anti-inflamatórios"
        ATC=M04AA01 | DCI=Alopurinol
        image: — → —
        image decision: skipped — nenhuma fonte devolveu valor
        outcome: unchanged (cat: image_skipped)
    5. CNP=9193755 | Zurim, 300 mg x 60 comp
        nivel2: "Analgésicos e Anti-inflamatórios" == "Analgésicos e Anti-inflamatórios"
        ATC=M04AA01 | DCI=Alopurinol
        image: — → —
        image decision: skipped — nenhuma fonte devolveu valor
        outcome: unchanged (cat: image_skipped)
    6. CNP=5795810 | Zuvatek 10 Mg + 10 Mg 30 Cápsula
        nivel2: "Cardiovascular" == "Cardiovascular"
        ATC=C10BA06 | DCI=Rosuvastatina + Ezetimiba
        image: — → —
        image decision: skipped — nenhuma fonte devolveu valor
        outcome: unchanged (cat: image_skipped)
    7. CNP=5796354 | Zuvatek 20 Mg + 10 Mg 30 Cápsula
        nivel2: "Cardiovascular" == "Cardiovascular"
        ATC=C10BA06 | DCI=Rosuvastatina + Ezetimiba
        image: — → —
        image decision: skipped — nenhuma fonte devolveu valor
        outcome: unchanged (cat: image_skipped)
    8. CNP=5796347 | Zuvatek 5 Mg + 10 Mg 30 Cápsula
        nivel2: "Cardiovascular" == "Cardiovascular"
        ATC=C10BA06 | DCI=Rosuvastatina + Ezetimiba
        image: — → —
        image decision: skipped — nenhuma fonte devolveu valor
        outcome: unchanged (cat: image_skipped)
    9. CNP=9215053 | Zyloric, 100 mg x 60 comp
        nivel2: "Analgésicos e Anti-inflamatórios" == "Analgésicos e Anti-inflamatórios"
        ATC=M04AA01 | DCI=Alopurinol
        image: — → —
        image decision: skipped — nenhuma fonte devolveu valor
        outcome: unchanged (cat: image_skipped)
   10. CNP=9215038 | Zyloric, 300 mg x 60 comp
        nivel2: "Analgésicos e Anti-inflamatórios" == "Analgésicos e Anti-inflamatórios"
        ATC=M04AA01 | DCI=Alopurinol
        image: — → —
        image decision: skipped — nenhuma fonte devolveu valor
        outcome: unchanged (cat: image_skipped)
  progresso: 1350/1321 (~0 restantes neste pass)
[enrich] cnp=9085225 type=MEDICAMENTO typeConf=97% status=PARTIALLY_VERIFIED (downgrade de VERIFIED) needsReview=false queued=false fields=[—]
[enrich] cnp=2196087 type=MEDICAMENTO typeConf=97% status=PARTIALLY_VERIFIED (downgrade de VERIFIED) needsReview=false queued=false fields=[—]
[enrich] cnp=7245829 type=MEDICAMENTO typeConf=68% status=PARTIALLY_VERIFIED (downgrade de VERIFIED) needsReview=false queued=false fields=[—]
[enrich] cnp=5504394 type=MEDICAMENTO typeConf=90% status=PARTIALLY_VERIFIED (downgrade de VERIFIED) needsReview=false queued=false fields=[—]
[enrich] cnp=4807996 type=MEDICAMENTO typeConf=90% status=PARTIALLY_VERIFIED (downgrade de VERIFIED) needsReview=false queued=false fields=[—]
[enrich] cnp=4008785 type=MEDICAMENTO typeConf=90% status=PARTIALLY_VERIFIED (downgrade de VERIFIED) needsReview=false queued=false fields=[—]
[enrich] cnp=5914080 type=MEDICAMENTO typeConf=90% status=PARTIALLY_VERIFIED (downgrade de VERIFIED) needsReview=false queued=false fields=[—]
[enrich] cnp=5807672 type=MEDICAMENTO typeConf=68% status=PARTIALLY_VERIFIED (downgrade de VERIFIED) needsReview=false queued=false fields=[—]
[enrich] cnp=5879671 type=MEDICAMENTO typeConf=68% status=PARTIALLY_VERIFIED (downgrade de VERIFIED) needsReview=false queued=false fields=[—]
[enrich] cnp=5721113 type=MEDICAMENTO typeConf=90% status=PARTIALLY_VERIFIED (downgrade de VERIFIED) needsReview=false queued=false fields=[—]
[enrich] cnp=5509583 type=MEDICAMENTO typeConf=90% status=PARTIALLY_VERIFIED (downgrade de VERIFIED) needsReview=false queued=false fields=[—]
[enrich] cnp=7453977 type=MEDICAMENTO typeConf=68% status=PARTIALLY_VERIFIED (downgrade de VERIFIED) needsReview=false queued=false fields=[—]
[enrich] cnp=5824412 type=MEDICAMENTO typeConf=68% status=PARTIALLY_VERIFIED (downgrade de VERIFIED) needsReview=false queued=false fields=[—]
[enrich] cnp=5836317 type=MEDICAMENTO typeConf=68% status=PARTIALLY_VERIFIED (downgrade de VERIFIED) needsReview=false queued=false fields=[—]
[enrich] cnp=5839683 type=MEDICAMENTO typeConf=97% status=PARTIALLY_VERIFIED (downgrade de VERIFIED) needsReview=false queued=false fields=[—]
[enrich] cnp=5839782 type=MEDICAMENTO typeConf=97% status=PARTIALLY_VERIFIED (downgrade de VERIFIED) needsReview=false queued=false fields=[—]
[enrich] cnp=5373642 type=MEDICAMENTO typeConf=97% status=PARTIALLY_VERIFIED (downgrade de VERIFIED) needsReview=false queued=false fields=[—]
[enrich] cnp=3847597 type=MEDICAMENTO typeConf=97% status=PARTIALLY_VERIFIED (downgrade de VERIFIED) needsReview=false queued=false fields=[—]
[enrich] cnp=5722202 type=MEDICAMENTO typeConf=97% status=PARTIALLY_VERIFIED (downgrade de VERIFIED) needsReview=false queued=false fields=[—]
[enrich] cnp=4388385 type=MEDICAMENTO typeConf=97% status=PARTIALLY_VERIFIED (downgrade de VERIFIED) needsReview=false queued=false fields=[—]
[enrich] cnp=5014147 type=MEDICAMENTO typeConf=97% status=PARTIALLY_VERIFIED (downgrade de VERIFIED) needsReview=false queued=false fields=[—]
[enrich] cnp=4277398 type=MEDICAMENTO typeConf=97% status=PARTIALLY_VERIFIED (downgrade de VERIFIED) needsReview=false queued=false fields=[—]
[enrich] cnp=5643754 type=MEDICAMENTO typeConf=68% status=PARTIALLY_VERIFIED (downgrade de VERIFIED) needsReview=false queued=false fields=[—]
[enrich] cnp=5081807 type=MEDICAMENTO typeConf=90% status=PARTIALLY_VERIFIED (downgrade de VERIFIED) needsReview=false queued=false fields=[—]
[enrich] cnp=5625173 type=MEDICAMENTO typeConf=68% status=PARTIALLY_VERIFIED (downgrade de VERIFIED) needsReview=false queued=false fields=[—]
[enrich] cnp=5625215 type=MEDICAMENTO typeConf=68% status=PARTIALLY_VERIFIED (downgrade de VERIFIED) needsReview=false queued=false fields=[—]
[enrich] cnp=5721287 type=MEDICAMENTO typeConf=97% status=PARTIALLY_VERIFIED (downgrade de VERIFIED) needsReview=false queued=false fields=[—]
[enrich] cnp=6534271 type=MEDICAMENTO typeConf=68% status=PARTIALLY_VERIFIED (downgrade de VERIFIED) needsReview=false queued=false fields=[—]
[enrich] cnp=6967794 type=MEDICAMENTO typeConf=95% status=PARTIALLY_VERIFIED (downgrade de VERIFIED) needsReview=false queued=false fields=[—]
[enrich] cnp=7291278 type=MEDICAMENTO typeConf=68% status=PARTIALLY_VERIFIED (downgrade de VERIFIED) needsReview=false queued=false fields=[—]
[enrich] cnp=7291237 type=MEDICAMENTO typeConf=68% status=PARTIALLY_VERIFIED (downgrade de VERIFIED) needsReview=false queued=false fields=[—]
[enrich] cnp=7291211 type=MEDICAMENTO typeConf=68% status=PARTIALLY_VERIFIED (downgrade de VERIFIED) needsReview=false queued=false fields=[—]
[enrich] cnp=7291252 type=MEDICAMENTO typeConf=68% status=PARTIALLY_VERIFIED (downgrade de VERIFIED) needsReview=false queued=false fields=[—]
[enrich] cnp=7291260 type=MEDICAMENTO typeConf=68% status=PARTIALLY_VERIFIED (downgrade de VERIFIED) needsReview=false queued=false fields=[—]
[enrich] cnp=7291245 type=MEDICAMENTO typeConf=68% status=PARTIALLY_VERIFIED (downgrade de VERIFIED) needsReview=false queued=false fields=[—]
[enrich] cnp=7291229 type=MEDICAMENTO typeConf=68% status=PARTIALLY_VERIFIED (downgrade de VERIFIED) needsReview=false queued=false fields=[—]
[enrich] cnp=7480673 type=MEDICAMENTO typeConf=75% status=PARTIALLY_VERIFIED (downgrade de VERIFIED) needsReview=false queued=false fields=[—]
[enrich] cnp=5828702 type=MEDICAMENTO typeConf=68% status=PARTIALLY_VERIFIED (downgrade de VERIFIED) needsReview=false queued=false fields=[—]
[enrich] cnp=5298963 type=MEDICAMENTO typeConf=73% status=PARTIALLY_VERIFIED (downgrade de VERIFIED) needsReview=false queued=false fields=[—]
[enrich] cnp=5754981 type=MEDICAMENTO typeConf=97% status=PARTIALLY_VERIFIED (downgrade de VERIFIED) needsReview=false queued=false fields=[—]
[enrich] cnp=2310282 type=MEDICAMENTO typeConf=75% status=PARTIALLY_VERIFIED (downgrade de VERIFIED) needsReview=false queued=false fields=[—]
[enrich] cnp=6043117 type=MEDICAMENTO typeConf=68% status=PARTIALLY_VERIFIED (downgrade de VERIFIED) needsReview=false queued=false fields=[—]
[enrich] cnp=6822288 type=MEDICAMENTO typeConf=68% status=PARTIALLY_VERIFIED (downgrade de VERIFIED) needsReview=false queued=false fields=[—]
[enrich] cnp=5293980 type=MEDICAMENTO typeConf=97% status=PARTIALLY_VERIFIED (downgrade de VERIFIED) needsReview=false queued=false fields=[—]
[enrich] cnp=5276589 type=MEDICAMENTO typeConf=97% status=PARTIALLY_VERIFIED (downgrade de VERIFIED) needsReview=false queued=false fields=[—]
[enrich] cnp=5107677 type=MEDICAMENTO typeConf=97% status=PARTIALLY_VERIFIED (downgrade de VERIFIED) needsReview=false queued=false fields=[—]
[enrich] cnp=3395993 type=MEDICAMENTO typeConf=97% status=PARTIALLY_VERIFIED (downgrade de VERIFIED) needsReview=false queued=false fields=[—]
[enrich] cnp=5804711 type=MEDICAMENTO typeConf=68% status=PARTIALLY_VERIFIED (downgrade de VERIFIED) needsReview=false queued=false fields=[—]
[enrich] cnp=4907184 type=MEDICAMENTO typeConf=97% status=PARTIALLY_VERIFIED (downgrade de VERIFIED) needsReview=false queued=false fields=[—]
[enrich] cnp=4906889 type=MEDICAMENTO typeConf=97% status=PARTIALLY_VERIFIED (downgrade de VERIFIED) needsReview=false queued=false fields=[—]
[enrich] cnp=4280384 type=MEDICAMENTO typeConf=90% status=PARTIALLY_VERIFIED (downgrade de VERIFIED) needsReview=false queued=false fields=[—]
[enrich] cnp=5159538 type=MEDICAMENTO typeConf=68% status=PARTIALLY_VERIFIED (downgrade de VERIFIED) needsReview=false queued=false fields=[—]
[enrich] cnp=5734645 type=MEDICAMENTO typeConf=68% status=PARTIALLY_VERIFIED (downgrade de VERIFIED) needsReview=false queued=false fields=[—]
[enrich] cnp=5603386 type=MEDICAMENTO typeConf=68% status=PARTIALLY_VERIFIED (downgrade de VERIFIED) needsReview=false queued=false fields=[—]
[enrich] cnp=5602982 type=MEDICAMENTO typeConf=90% status=PARTIALLY_VERIFIED (downgrade de VERIFIED) needsReview=false queued=false fields=[—]
[enrich] cnp=5017868 type=MEDICAMENTO typeConf=68% status=PARTIALLY_VERIFIED (downgrade de VERIFIED) needsReview=false queued=false fields=[—]
[enrich] cnp=5017900 type=MEDICAMENTO typeConf=68% status=PARTIALLY_VERIFIED (downgrade de VERIFIED) needsReview=false queued=false fields=[—]
[enrich] cnp=5725700 type=MEDICAMENTO typeConf=68% status=PARTIALLY_VERIFIED (downgrade de VERIFIED) needsReview=false queued=false fields=[—]
[enrich] cnp=5793690 type=MEDICAMENTO typeConf=68% status=PARTIALLY_VERIFIED (downgrade de VERIFIED) needsReview=false queued=false fields=[—]
[enrich] cnp=5759022 type=MEDICAMENTO typeConf=97% status=PARTIALLY_VERIFIED (downgrade de VERIFIED) needsReview=false queued=false fields=[—]
[enrich] cnp=6433375 type=MEDICAMENTO typeConf=73% status=PARTIALLY_VERIFIED (downgrade de VERIFIED) needsReview=false queued=false fields=[—]
[enrich] cnp=9306365 type=MEDICAMENTO typeConf=97% status=PARTIALLY_VERIFIED (downgrade de VERIFIED) needsReview=false queued=false fields=[—]
[enrich] cnp=5453097 type=MEDICAMENTO typeConf=97% status=PARTIALLY_VERIFIED (downgrade de VERIFIED) needsReview=false queued=false fields=[—]
[enrich] cnp=5344494 type=MEDICAMENTO typeConf=97% status=PARTIALLY_VERIFIED (downgrade de VERIFIED) needsReview=false queued=false fields=[—]
[enrich] cnp=5838974 type=MEDICAMENTO typeConf=68% status=PARTIALLY_VERIFIED (downgrade de VERIFIED) needsReview=false queued=false fields=[—]
[enrich] cnp=5839253 type=MEDICAMENTO typeConf=68% status=PARTIALLY_VERIFIED (downgrade de VERIFIED) needsReview=false queued=false fields=[—]
[enrich] cnp=5829130 type=MEDICAMENTO typeConf=68% status=PARTIALLY_VERIFIED (downgrade de VERIFIED) needsReview=false queued=false fields=[—]
[enrich] cnp=5205828 type=MEDICAMENTO typeConf=68% status=PARTIALLY_VERIFIED (downgrade de VERIFIED) needsReview=false queued=false fields=[—]
[enrich] cnp=5062369 type=MEDICAMENTO typeConf=68% status=PARTIALLY_VERIFIED (downgrade de VERIFIED) needsReview=false queued=false fields=[—]
[enrich] cnp=5755715 type=MEDICAMENTO typeConf=68% status=PARTIALLY_VERIFIED (downgrade de VERIFIED) needsReview=false queued=false fields=[—]
[enrich] cnp=7311282 type=MEDICAMENTO typeConf=68% status=PARTIALLY_VERIFIED (downgrade de VERIFIED) needsReview=false queued=false fields=[—]
[enrich] cnp=7135533 type=MEDICAMENTO typeConf=68% status=PARTIALLY_VERIFIED (downgrade de VERIFIED) needsReview=false queued=false fields=[—]
[enrich] cnp=6385211 type=MEDICAMENTO typeConf=68% status=PARTIALLY_VERIFIED (downgrade de VERIFIED) needsReview=false queued=false fields=[—]
[enrich] cnp=5719679 type=MEDICAMENTO typeConf=68% status=PARTIALLY_VERIFIED (downgrade de VERIFIED) needsReview=false queued=false fields=[—]
[enrich] cnp=7103770 type=MEDICAMENTO typeConf=68% status=PARTIALLY_VERIFIED (downgrade de VERIFIED) needsReview=false queued=false fields=[—]
[enrich] cnp=7456152 type=MEDICAMENTO typeConf=68% status=PARTIALLY_VERIFIED (downgrade de VERIFIED) needsReview=false queued=false fields=[—]
[enrich] cnp=7378356 type=MEDICAMENTO typeConf=68% status=PARTIALLY_VERIFIED (downgrade de VERIFIED) needsReview=false queued=false fields=[—]
[enrich] cnp=7366252 type=MEDICAMENTO typeConf=68% status=PARTIALLY_VERIFIED (downgrade de VERIFIED) needsReview=false queued=false fields=[—]
[enrich] cnp=7373639 type=MEDICAMENTO typeConf=68% status=PARTIALLY_VERIFIED (downgrade de VERIFIED) needsReview=false queued=false fields=[—]
[enrich] cnp=7481564 type=MEDICAMENTO typeConf=68% status=PARTIALLY_VERIFIED (downgrade de VERIFIED) needsReview=false queued=false fields=[—]
[enrich] cnp=7260539 type=MEDICAMENTO typeConf=68% status=PARTIALLY_VERIFIED (downgrade de VERIFIED) needsReview=false queued=false fields=[—]
[enrich] cnp=3641982 type=MEDICAMENTO typeConf=75% status=PARTIALLY_VERIFIED (downgrade de VERIFIED) needsReview=false queued=false fields=[—]
[enrich] cnp=5720933 type=MEDICAMENTO typeConf=90% status=PARTIALLY_VERIFIED (downgrade de VERIFIED) needsReview=false queued=false fields=[—]
[enrich] cnp=5406087 type=MEDICAMENTO typeConf=68% status=PARTIALLY_VERIFIED (downgrade de VERIFIED) needsReview=false queued=false fields=[—]
[enrich] cnp=5249487 type=MEDICAMENTO typeConf=68% status=PARTIALLY_VERIFIED (downgrade de VERIFIED) needsReview=false queued=false fields=[—]
[enrich] cnp=5544085 type=MEDICAMENTO typeConf=68% status=PARTIALLY_VERIFIED (downgrade de VERIFIED) needsReview=false queued=false fields=[—]
[enrich] cnp=5107537 type=MEDICAMENTO typeConf=90% status=PARTIALLY_VERIFIED (downgrade de VERIFIED) needsReview=false queued=false fields=[—]
[enrich] cnp=9678003 type=MEDICAMENTO typeConf=73% status=PARTIALLY_VERIFIED (downgrade de VERIFIED) needsReview=false queued=false fields=[—]
[enrich] cnp=5773957 type=MEDICAMENTO typeConf=97% status=PARTIALLY_VERIFIED (downgrade de VERIFIED) needsReview=false queued=false fields=[—]
[enrich] cnp=5892278 type=MEDICAMENTO typeConf=68% status=PARTIALLY_VERIFIED (downgrade de VERIFIED) needsReview=false queued=false fields=[—]
[enrich] cnp=5892302 type=MEDICAMENTO typeConf=68% status=PARTIALLY_VERIFIED (downgrade de VERIFIED) needsReview=false queued=false fields=[—]
[enrich] cnp=5171830 type=MEDICAMENTO typeConf=68% status=PARTIALLY_VERIFIED (downgrade de VERIFIED) needsReview=false queued=false fields=[—]
[enrich] cnp=5719364 type=MEDICAMENTO typeConf=68% status=PARTIALLY_VERIFIED (downgrade de VERIFIED) needsReview=false queued=false fields=[—]
[enrich] cnp=5369020 type=MEDICAMENTO typeConf=68% status=PARTIALLY_VERIFIED (downgrade de VERIFIED) needsReview=false queued=false fields=[—]
[enrich] cnp=5368972 type=MEDICAMENTO typeConf=68% status=PARTIALLY_VERIFIED (downgrade de VERIFIED) needsReview=false queued=false fields=[—]
[enrich] cnp=5100979 type=MEDICAMENTO typeConf=68% status=PARTIALLY_VERIFIED (downgrade de VERIFIED) needsReview=false queued=false fields=[—]
[enrich] cnp=7288696 type=MEDICAMENTO typeConf=75% status=PARTIALLY_VERIFIED (downgrade de VERIFIED) needsReview=false queued=false fields=[—]
[enrich] cnp=5473020 type=MEDICAMENTO typeConf=68% status=PARTIALLY_VERIFIED (downgrade de VERIFIED) needsReview=false queued=false fields=[—]
[enrich] cnp=5442173 type=MEDICAMENTO typeConf=68% status=PARTIALLY_VERIFIED (downgrade de VERIFIED) needsReview=false queued=false fields=[—]
[enrich] cnp=9478214 type=MEDICAMENTO typeConf=97% status=PARTIALLY_VERIFIED (downgrade de VERIFIED) needsReview=false queued=false fields=[—]
[enrich] cnp=5690011 type=MEDICAMENTO typeConf=68% status=PARTIALLY_VERIFIED (downgrade de VERIFIED) needsReview=false queued=false fields=[—]
[enrich] cnp=5823752 type=MEDICAMENTO typeConf=68% status=PARTIALLY_VERIFIED (downgrade de VERIFIED) needsReview=false queued=false fields=[—]
[enrich] cnp=5823745 type=MEDICAMENTO typeConf=68% status=PARTIALLY_VERIFIED (downgrade de VERIFIED) needsReview=false queued=false fields=[—]
[enrich] cnp=5781067 type=MEDICAMENTO typeConf=68% status=PARTIALLY_VERIFIED (downgrade de VERIFIED) needsReview=false queued=false fields=[—]
[enrich] cnp=5781075 type=MEDICAMENTO typeConf=68% status=PARTIALLY_VERIFIED (downgrade de VERIFIED) needsReview=false queued=false fields=[—]
[enrich] cnp=5885900 type=MEDICAMENTO typeConf=68% status=PARTIALLY_VERIFIED needsReview=false queued=false fields=[—]
[enrich] cnp=5618376 type=MEDICAMENTO typeConf=68% status=PARTIALLY_VERIFIED (downgrade de VERIFIED) needsReview=false queued=false fields=[—]
[enrich] cnp=5591953 type=MEDICAMENTO typeConf=68% status=PARTIALLY_VERIFIED (downgrade de VERIFIED) needsReview=false queued=false fields=[—]
[enrich] cnp=5696059 type=MEDICAMENTO typeConf=68% status=PARTIALLY_VERIFIED needsReview=false queued=false fields=[—]
[enrich] cnp=5633706 type=MEDICAMENTO typeConf=68% status=PARTIALLY_VERIFIED (downgrade de VERIFIED) needsReview=false queued=false fields=[—]
[enrich] cnp=5633748 type=MEDICAMENTO typeConf=68% status=PARTIALLY_VERIFIED (downgrade de VERIFIED) needsReview=false queued=false fields=[—]
[enrich] cnp=5634209 type=MEDICAMENTO typeConf=68% status=PARTIALLY_VERIFIED (downgrade de VERIFIED) needsReview=false queued=false fields=[—]
[enrich] cnp=5080304 type=MEDICAMENTO typeConf=68% status=PARTIALLY_VERIFIED (downgrade de VERIFIED) needsReview=false queued=false fields=[—]
[enrich] cnp=5722277 type=MEDICAMENTO typeConf=68% status=PARTIALLY_VERIFIED (downgrade de VERIFIED) needsReview=false queued=false fields=[—]
[enrich] cnp=5008461 type=MEDICAMENTO typeConf=68% status=PARTIALLY_VERIFIED (downgrade de VERIFIED) needsReview=false queued=false fields=[—]
[enrich] cnp=7293134 type=MEDICAMENTO typeConf=68% status=PARTIALLY_VERIFIED (downgrade de VERIFIED) needsReview=false queued=false fields=[—]
[enrich] cnp=5285689 type=MEDICAMENTO typeConf=97% status=PARTIALLY_VERIFIED (downgrade de VERIFIED) needsReview=false queued=false fields=[—]
[enrich] cnp=5660857 type=MEDICAMENTO typeConf=97% status=PARTIALLY_VERIFIED (downgrade de VERIFIED) needsReview=false queued=false fields=[—]
[enrich] cnp=5660873 type=MEDICAMENTO typeConf=97% status=PARTIALLY_VERIFIED (downgrade de VERIFIED) needsReview=false queued=false fields=[—]
[enrich] cnp=5823919 type=MEDICAMENTO typeConf=97% status=PARTIALLY_VERIFIED (downgrade de VERIFIED) needsReview=false queued=false fields=[—]
[enrich] cnp=7453415 type=MEDICAMENTO typeConf=90% status=PARTIALLY_VERIFIED (downgrade de VERIFIED) needsReview=false queued=false fields=[—]
[enrich] cnp=7097006 type=MEDICAMENTO typeConf=75% status=PARTIALLY_VERIFIED (downgrade de VERIFIED) needsReview=false queued=false fields=[—]
[enrich] cnp=5121728 type=MEDICAMENTO typeConf=68% status=PARTIALLY_VERIFIED (downgrade de VERIFIED) needsReview=false queued=false fields=[—]
[enrich] cnp=5013917 type=MEDICAMENTO typeConf=68% status=PARTIALLY_VERIFIED (downgrade de VERIFIED) needsReview=false queued=false fields=[—]
[enrich] cnp=5328786 type=MEDICAMENTO typeConf=68% status=PARTIALLY_VERIFIED (downgrade de VERIFIED) needsReview=false queued=false fields=[—]
[enrich] cnp=5728134 type=MEDICAMENTO typeConf=90% status=PARTIALLY_VERIFIED (downgrade de VERIFIED) needsReview=false queued=false fields=[—]
[enrich] cnp=5543095 type=MEDICAMENTO typeConf=90% status=PARTIALLY_VERIFIED (downgrade de VERIFIED) needsReview=false queued=false fields=[—]
[enrich] cnp=5885421 type=MEDICAMENTO typeConf=90% status=PARTIALLY_VERIFIED (downgrade de VERIFIED) needsReview=false queued=false fields=[—]
[enrich] cnp=5033923 type=MEDICAMENTO typeConf=68% status=PARTIALLY_VERIFIED (downgrade de VERIFIED) needsReview=false queued=false fields=[—]
[enrich] cnp=5033055 type=MEDICAMENTO typeConf=68% status=PARTIALLY_VERIFIED (downgrade de VERIFIED) needsReview=false queued=false fields=[—]
[enrich] cnp=5033139 type=MEDICAMENTO typeConf=68% status=PARTIALLY_VERIFIED (downgrade de VERIFIED) needsReview=false queued=false fields=[—]
[enrich] cnp=5423496 type=MEDICAMENTO typeConf=97% status=PARTIALLY_VERIFIED (downgrade de VERIFIED) needsReview=false queued=false fields=[—]
[enrich] cnp=5558473 type=MEDICAMENTO typeConf=97% status=PARTIALLY_VERIFIED (downgrade de VERIFIED) needsReview=false queued=false fields=[—]
[enrich] cnp=5558705 type=MEDICAMENTO typeConf=97% status=PARTIALLY_VERIFIED (downgrade de VERIFIED) needsReview=false queued=false fields=[—]
[enrich] cnp=5729926 type=MEDICAMENTO typeConf=97% status=PARTIALLY_VERIFIED (downgrade de VERIFIED) needsReview=false queued=false fields=[—]
[enrich] cnp=5863386 type=MEDICAMENTO typeConf=68% status=PARTIALLY_VERIFIED (downgrade de VERIFIED) needsReview=false queued=false fields=[—]
[enrich] cnp=7238170 type=MEDICAMENTO typeConf=68% status=PARTIALLY_VERIFIED (downgrade de VERIFIED) needsReview=false queued=false fields=[—]
[enrich] cnp=7238147 type=MEDICAMENTO typeConf=68% status=PARTIALLY_VERIFIED (downgrade de VERIFIED) needsReview=false queued=false fields=[—]
[enrich] cnp=7238220 type=MEDICAMENTO typeConf=75% status=PARTIALLY_VERIFIED (downgrade de VERIFIED) needsReview=false queued=false fields=[—]
[enrich] cnp=7094144 type=MEDICAMENTO typeConf=68% status=PARTIALLY_VERIFIED (downgrade de VERIFIED) needsReview=false queued=false fields=[—]
[enrich] cnp=5308697 type=MEDICAMENTO typeConf=68% status=PARTIALLY_VERIFIED (downgrade de VERIFIED) needsReview=false queued=false fields=[—]
[enrich] cnp=5740840 type=MEDICAMENTO typeConf=68% status=PARTIALLY_VERIFIED (downgrade de VERIFIED) needsReview=false queued=false fields=[—]
[enrich] cnp=4885182 type=MEDICAMENTO typeConf=68% status=PARTIALLY_VERIFIED (downgrade de VERIFIED) needsReview=false queued=false fields=[—]
[enrich] cnp=5247481 type=MEDICAMENTO typeConf=68% status=PARTIALLY_VERIFIED (downgrade de VERIFIED) needsReview=false queued=false fields=[—]
[enrich] cnp=5979786 type=MEDICAMENTO typeConf=68% status=PARTIALLY_VERIFIED (downgrade de VERIFIED) needsReview=false queued=false fields=[—]
[enrich] cnp=5773932 type=MEDICAMENTO typeConf=97% status=PARTIALLY_VERIFIED (downgrade de VERIFIED) needsReview=false queued=false fields=[—]
[enrich] cnp=5769310 type=MEDICAMENTO typeConf=97% status=PARTIALLY_VERIFIED (downgrade de VERIFIED) needsReview=false queued=false fields=[—]
[enrich] cnp=6413351 type=MEDICAMENTO typeConf=65% status=PARTIALLY_VERIFIED (downgrade de VERIFIED) needsReview=false queued=false fields=[—]
[enrich] cnp=5752852 type=MEDICAMENTO typeConf=68% status=PARTIALLY_VERIFIED (downgrade de VERIFIED) needsReview=false queued=false fields=[—]
[enrich] cnp=5648860 type=MEDICAMENTO typeConf=68% status=PARTIALLY_VERIFIED (downgrade de VERIFIED) needsReview=false queued=false fields=[—]

— Batch 10 —
  processed=150 updated=0 unchanged=150 failed=0
  reclassN2=0 +atc=0 +dci=0 +img=0 still-outros=0
  signal: hasATC=34 hasDCI=34 hasAtcOrDci=34 hasNeither=116
  reclass por método: atc_prefix=0 atc(letra)=0 dci=0 keyword=0 outro=0

  Amostra (primeiros 10):
    1. CNP=9085225 | Flindix 5 Mg 20 Comp.
        nivel2: "Cardiovascular" == "Cardiovascular"
        ATC=C01DA08 | DCI=Dinitrato de isossorbida
        image: — → —
        image decision: skipped — nenhuma fonte devolveu valor
        outcome: unchanged (cat: image_skipped)
    2. CNP=2196087 | FLUIMUCIL INJ 300 MG/3 ML X 5
        nivel2: "Constipação, Tosse e Gripe" == "Constipação, Tosse e Gripe"
        ATC=R05CB01 | DCI=Acetilcisteína
        image: — → —
        image decision: skipped — nenhuma fonte devolveu valor
        outcome: unchanged (cat: image_skipped)
    3. CNP=7245829 | Fluocaril Pasta Dent Gengivas 75ml
        nivel2: "Pastas Dentífricas" == "Pastas Dentífricas"
        ATC=— | DCI=—
        image: — → —
        image decision: skipped — nenhuma fonte devolveu valor
        outcome: unchanged (cat: image_skipped)
    4. CNP=5504394 | FLUOXETINA BASI 20 MG 60 CÁPSULA
        nivel2: "Sistema Nervoso" == "Sistema Nervoso"
        ATC=— | DCI=—
        image: — → —
        image decision: skipped — nenhuma fonte devolveu valor
        outcome: unchanged (cat: image_skipped)
    5. CNP=4807996 | FLUOXETINA GP 20 MG 56 CÁPSULA
        nivel2: "Sistema Nervoso" == "Sistema Nervoso"
        ATC=— | DCI=—
        image: — → —
        image decision: skipped — nenhuma fonte devolveu valor
        outcome: unchanged (cat: image_skipped)
    6. CNP=4008785 | Fluoxetina Mylan 20 Mg 10 Cápsula
        nivel2: "Sistema Nervoso" == "Sistema Nervoso"
        ATC=— | DCI=—
        image: — → —
        image decision: skipped — nenhuma fonte devolveu valor
        outcome: unchanged (cat: image_skipped)
    7. CNP=5914080 | Fluoxetina Zentiva 20 mg Cápsula  - 20
        nivel2: "Sistema Nervoso" == "Sistema Nervoso"
        ATC=— | DCI=—
        image: — → —
        image decision: skipped — nenhuma fonte devolveu valor
        outcome: unchanged (cat: image_skipped)
    8. CNP=5807672 | Fluticasona + Salmeterol Generis 100 µg/dose + 50 µg/dose Pó
        nivel2: "Respiratório" == "Respiratório"
        ATC=— | DCI=—
        image: — → —
        image decision: skipped — nenhuma fonte devolveu valor
        outcome: unchanged (cat: image_skipped)
    9. CNP=5879671 | Fluticasona Teva 27.5µg/dose Susp. Para Pulv. Nasal
        nivel2: "Respiratório" == "Respiratório"
        ATC=— | DCI=—
        image: — → —
        image decision: skipped — nenhuma fonte devolveu valor
        outcome: unchanged (cat: image_skipped)
   10. CNP=5721113 | Formoterol Mylan 12 µg 60 Pó Para Inalação, Cápsula
        nivel2: "Respiratório" == "Respiratório"
        ATC=— | DCI=—
        image: — → —
        image decision: skipped — nenhuma fonte devolveu valor
        outcome: unchanged (cat: image_skipped)
  progresso: 1500/1321 (~0 restantes neste pass)
[enrich] cnp=5739453 type=MEDICAMENTO typeConf=68% status=PARTIALLY_VERIFIED (downgrade de VERIFIED) needsReview=false queued=false fields=[—]
[enrich] cnp=5755871 type=MEDICAMENTO typeConf=68% status=PARTIALLY_VERIFIED (downgrade de VERIFIED) needsReview=false queued=false fields=[—]
[enrich] cnp=5731856 type=MEDICAMENTO typeConf=68% status=PARTIALLY_VERIFIED (downgrade de VERIFIED) needsReview=false queued=false fields=[—]
[enrich] cnp=4333183 type=MEDICAMENTO typeConf=68% status=PARTIALLY_VERIFIED (downgrade de VERIFIED) needsReview=false queued=false fields=[—]
[enrich] cnp=5817408 type=MEDICAMENTO typeConf=68% status=PARTIALLY_VERIFIED (downgrade de VERIFIED) needsReview=false queued=false fields=[—]
[enrich] cnp=5828108 type=MEDICAMENTO typeConf=68% status=PARTIALLY_VERIFIED (downgrade de VERIFIED) needsReview=false queued=false fields=[—]
[enrich] cnp=5708441 type=MEDICAMENTO typeConf=68% status=PARTIALLY_VERIFIED (downgrade de VERIFIED) needsReview=false queued=false fields=[—]
[enrich] cnp=6132175 type=MEDICAMENTO typeConf=73% status=PARTIALLY_VERIFIED (downgrade de VERIFIED) needsReview=false queued=false fields=[—]
[enrich] cnp=5898242 type=MEDICAMENTO typeConf=78% status=PARTIALLY_VERIFIED needsReview=false queued=false fields=[—]
[enrich] cnp=5680038 type=MEDICAMENTO typeConf=73% status=PARTIALLY_VERIFIED (downgrade de VERIFIED) needsReview=false queued=false fields=[—]
[enrich] cnp=5808134 type=MEDICAMENTO typeConf=68% status=PARTIALLY_VERIFIED (downgrade de VERIFIED) needsReview=false queued=false fields=[—]
[enrich] cnp=5895792 type=MEDICAMENTO typeConf=68% status=PARTIALLY_VERIFIED (downgrade de VERIFIED) needsReview=false queued=false fields=[—]
[enrich] cnp=6758656 type=MEDICAMENTO typeConf=80% status=PARTIALLY_VERIFIED (downgrade de VERIFIED) needsReview=false queued=false fields=[—]
[enrich] cnp=4979191 type=MEDICAMENTO typeConf=90% status=PARTIALLY_VERIFIED (downgrade de VERIFIED) needsReview=false queued=false fields=[—]
[enrich] cnp=5882022 type=MEDICAMENTO typeConf=97% status=PARTIALLY_VERIFIED (downgrade de VERIFIED) needsReview=false queued=false fields=[—]
[enrich] cnp=2999985 type=MEDICAMENTO typeConf=75% status=PARTIALLY_VERIFIED (downgrade de VERIFIED) needsReview=false queued=false fields=[—]
[enrich] cnp=5871306 type=MEDICAMENTO typeConf=97% status=PARTIALLY_VERIFIED (downgrade de VERIFIED) needsReview=false queued=false fields=[—]
[enrich] cnp=3221496 type=MEDICAMENTO typeConf=97% status=PARTIALLY_VERIFIED (downgrade de VERIFIED) needsReview=false queued=false fields=[—]
[enrich] cnp=7107490 type=MEDICAMENTO typeConf=68% status=PARTIALLY_VERIFIED (downgrade de VERIFIED) needsReview=false queued=false fields=[—]
[enrich] cnp=5723606 type=MEDICAMENTO typeConf=97% status=PARTIALLY_VERIFIED (downgrade de VERIFIED) needsReview=false queued=false fields=[—]
[enrich] cnp=5635727 type=MEDICAMENTO typeConf=97% status=PARTIALLY_VERIFIED (downgrade de VERIFIED) needsReview=false queued=false fields=[—]
[enrich] cnp=5551239 type=MEDICAMENTO typeConf=68% status=PARTIALLY_VERIFIED (downgrade de VERIFIED) needsReview=false queued=false fields=[—]
[enrich] cnp=5408125 type=MEDICAMENTO typeConf=68% status=PARTIALLY_VERIFIED (downgrade de VERIFIED) needsReview=false queued=false fields=[—]
[enrich] cnp=5408075 type=MEDICAMENTO typeConf=68% status=PARTIALLY_VERIFIED (downgrade de VERIFIED) needsReview=false queued=false fields=[—]
[enrich] cnp=5594940 type=MEDICAMENTO typeConf=68% status=PARTIALLY_VERIFIED (downgrade de VERIFIED) needsReview=false queued=false fields=[—]
[enrich] cnp=5466131 type=MEDICAMENTO typeConf=68% status=PARTIALLY_VERIFIED (downgrade de VERIFIED) needsReview=false queued=false fields=[—]
[enrich] cnp=5446943 type=MEDICAMENTO typeConf=68% status=PARTIALLY_VERIFIED (downgrade de VERIFIED) needsReview=false queued=false fields=[—]
[enrich] cnp=5750252 type=MEDICAMENTO typeConf=68% status=PARTIALLY_VERIFIED (downgrade de VERIFIED) needsReview=false queued=false fields=[—]
[enrich] cnp=5407424 type=MEDICAMENTO typeConf=68% status=PARTIALLY_VERIFIED (downgrade de VERIFIED) needsReview=false queued=false fields=[—]
[enrich] cnp=5444153 type=MEDICAMENTO typeConf=68% status=PARTIALLY_VERIFIED (downgrade de VERIFIED) needsReview=false queued=false fields=[—]
[enrich] cnp=7460840 type=MEDICAMENTO typeConf=68% status=PARTIALLY_VERIFIED (downgrade de VERIFIED) needsReview=false queued=false fields=[—]
[enrich] cnp=6965590 type=MEDICAMENTO typeConf=68% status=PARTIALLY_VERIFIED (downgrade de VERIFIED) needsReview=false queued=false fields=[—]
[enrich] cnp=7458612 type=MEDICAMENTO typeConf=68% status=PARTIALLY_VERIFIED (downgrade de VERIFIED) needsReview=false queued=false fields=[—]
[enrich] cnp=4579082 type=MEDICAMENTO typeConf=97% status=PARTIALLY_VERIFIED (downgrade de VERIFIED) needsReview=false queued=false fields=[—]
[enrich] cnp=7748335 type=MEDICAMENTO typeConf=78% status=PARTIALLY_VERIFIED needsReview=false queued=false fields=[—]
[enrich] cnp=6348458 type=MEDICAMENTO typeConf=75% status=PARTIALLY_VERIFIED (downgrade de VERIFIED) needsReview=false queued=false fields=[—]
[enrich] cnp=5890314 type=MEDICAMENTO typeConf=97% status=PARTIALLY_VERIFIED (downgrade de VERIFIED) needsReview=false queued=false fields=[—]
[enrich] cnp=5723549 type=MEDICAMENTO typeConf=68% status=PARTIALLY_VERIFIED (downgrade de VERIFIED) needsReview=false queued=false fields=[—]
[enrich] cnp=5836226 type=MEDICAMENTO typeConf=97% status=PARTIALLY_VERIFIED (downgrade de VERIFIED) needsReview=false queued=false fields=[—]
[enrich] cnp=5665112 type=MEDICAMENTO typeConf=97% status=PARTIALLY_VERIFIED (downgrade de VERIFIED) needsReview=false queued=false fields=[—]
[enrich] cnp=5867544 type=MEDICAMENTO typeConf=97% status=PARTIALLY_VERIFIED (downgrade de VERIFIED) needsReview=false queued=false fields=[—]

— Batch 11 —
  processed=41 updated=0 unchanged=41 failed=0
  reclassN2=0 +atc=0 +dci=0 +img=0 still-outros=0
  signal: hasATC=10 hasDCI=10 hasAtcOrDci=10 hasNeither=31
  reclass por método: atc_prefix=0 atc(letra)=0 dci=0 keyword=0 outro=0

  Amostra (primeiros 10):
    1. CNP=5739453 | Sinvastatina + Ezetimiba Ratiopharm 20 Mg + 10 Mg X 28 Comp.
        nivel2: "Cardiovascular" == "Cardiovascular"
        ATC=— | DCI=—
        image: — → —
        image decision: skipped — nenhuma fonte devolveu valor
        outcome: unchanged (cat: image_skipped)
    2. CNP=5755871 | Sinvastatina + Ezetimiba Tolife 10 Mg + 10 Mg 28 Comp.
        nivel2: "Cardiovascular" == "Cardiovascular"
        ATC=— | DCI=—
        image: — → —
        image decision: skipped — nenhuma fonte devolveu valor
        outcome: unchanged (cat: image_skipped)
    3. CNP=5731856 | Sinvastatina Aurovitas 10 Mg 60 Comp. Revest. Por Pel.
        nivel2: "Cardiovascular" == "Cardiovascular"
        ATC=— | DCI=—
        image: — → —
        image decision: skipped — nenhuma fonte devolveu valor
        outcome: unchanged (cat: image_skipped)
    4. CNP=4333183 | Sinvastatina Bluepharma MG, 40 mg x 56 comp revest
        nivel2: "Cardiovascular" == "Cardiovascular"
        ATC=— | DCI=—
        image: — → —
        image decision: skipped — nenhuma fonte devolveu valor
        outcome: unchanged (cat: image_skipped)
    5. CNP=5817408 | Sitagliptina Anova 100 Mg 28 Comp. Revest. Por Pel.
        nivel2: "Diabetes" == "Diabetes"
        ATC=— | DCI=—
        image: — → —
        image decision: skipped — nenhuma fonte devolveu valor
        outcome: unchanged (cat: image_skipped)
    6. CNP=5828108 | Sitagliptina Generis 50 Mg 28 Comp. Revest. Por Pel.
        nivel2: "Diabetes" == "Diabetes"
        ATC=— | DCI=—
        image: — → —
        image decision: skipped — nenhuma fonte devolveu valor
        outcome: unchanged (cat: image_skipped)
    7. CNP=5708441 | Sitagliptina Teva 100 Mg 28 Comp. Revest. Por Pel.
        nivel2: "Diabetes" == "Diabetes"
        ATC=— | DCI=—
        image: — → —
        image decision: skipped — nenhuma fonte devolveu valor
        outcome: unchanged (cat: image_skipped)
    8. CNP=6132175 | STERIMAR BEBE AG MAR  50 ML
        nivel2: "Outros Puericultura e Bebé" == "Outros Puericultura e Bebé"
        ATC=— | DCI=—
        image: — → —
        image decision: skipped — nenhuma fonte devolveu valor
        outcome: unchanged (cat: image_skipped)
    9. CNP=5898242 | Stodaline Sem Açúcar Associação Xarope
        nivel2: "Constipação, Tosse e Gripe" == "Constipação, Tosse e Gripe"
        ATC=— | DCI=—
        image: — → —
        image decision: skipped — nenhuma fonte devolveu valor
        outcome: unchanged (cat: image_skipped)
   10. CNP=5680038 | STREPSILS TOSSE 1.2 MG + 0.6 MG PASTILHA 24*ñP*
        nivel2: "Constipação, Tosse e Gripe" == "Constipação, Tosse e Gripe"
        ATC=— | DCI=—
        image: — → —
        image decision: skipped — nenhuma fonte devolveu valor
        outcome: unchanged (cat: image_skipped)
  progresso: 1541/1321 (~0 restantes neste pass)

══════════════════════════════════════════════════════════════════════
SUMÁRIO FINAL
══════════════════════════════════════════════════════════════════════
  total processados:           1904
  total actualizados:          317
  total sem alterações:        1587
  total falharam:              0
  reclassificações de N2:      315
  ATC preenchido:              0
  DCI preenchido:              0
  imagens adicionadas:         0
  "Outros Medicamentos" antes: 6120
  "Outros Medicamentos" depois:5805
  modo:                        LIVE

  Métricas de sinal (ATC/DCI):
    com ATC:                       633
    com DCI:                       633
    com ATC ou DCI:                633
    sem nenhum dos dois:           1271

  Reclassificações por método:
    via ATC prefix (3 chars):      311
    via ATC letter (1 char):       4
    via DCI (keyword no DCI):      0
    via keyword (designação):      0
    via outro:                     0

  Continuam em "Outros Medicamentos":
    apesar de ter ATC ou DCI:      48
    sem qualquer sinal:            1271

  Distribuição por categoria de análise:
    1. Improved:                  315
    2. Still Outros (no signal):  0
    3. Still Outros (rule gap):   48
    4. Image found and safe:      0
    5. Image skipped:             1539
    6. Suspicious / review:       0
    7. productType duvidoso:      2
    -. Already OK:                0
══════════════════════════════════════════════════════════════════════
